Case Number,Date of Crash,Crash Severity,Longitude,Latitude
20251461611,20250101,Property Damage Only,-95.4136244422,42.0370011053
20251461636,20250101,Property Damage Only,-91.7485844123,42.1508233264
20251461656,20250101,Property Damage Only,-95.501368509,42.3547358086
20251461658,20250101,Property Damage Only,-94.35742386,41.6779010799
20251461660,20250101,Property Damage Only,-92.5849180206,42.9848140341
20251461661,20250101,Property Damage Only,-93.6716409769,41.7385110138
20251461683,20250101,Property Damage Only,-91.1740466226,43.0257762564
20251461716,20250102,Property Damage Only,-91.6779210381,43.2409777475
20251461717,20250102,Property Damage Only,-91.9048763288,43.206204738
20251461745,20250101,Property Damage Only,-93.3699829161,42.722644102
20251461749,20250101,Property Damage Only,-93.7314741721,41.2952278844
20251461808,20250101,Property Damage Only,-91.758718528,42.0166672563
20251461863,20250102,Property Damage Only,-91.5783169584,42.0171861719
20251461879,20250101,Property Damage Only,-91.7021229558,42.0178604911
20251461894,20250102,Property Damage Only,-92.6451829553,43.0672597183
20251461903,20250101,Property Damage Only,-91.5599129876,41.9785355441
20251462020,20250102,Property Damage Only,-93.1165210407,41.6812831387
20251462068,20250103,Property Damage Only,-94.1781763426,42.5387464083
20251462076,20250101,Property Damage Only,-90.8003710224,42.4784634102
20251462077,20250101,Property Damage Only,-90.8205680024,42.4780479486
20251462079,20250102,Property Damage Only,-90.7611397476,42.3940796947
20251462143,20250103,Property Damage Only,-92.3771542362,42.4876348971
20251462152,20250103,Property Damage Only,-91.4520300999,43.1476295995
20251462157,20250103,Property Damage Only,-90.5875723608,41.560055218
20251462161,20250105,Property Damage Only,-92.3797983718,42.6495992029
20251462165,20250103,Property Damage Only,-92.7686846206,42.4415065561
20251462203,20250103,Property Damage Only,-90.668794607,42.5258043657
20251462204,20250103,Property Damage Only,-94.7765137572,40.6191193691
20251462259,20250104,Property Damage Only,-91.1051143814,41.4173392645
20251462273,20250104,Property Damage Only,-93.6661372889,41.6946607402
20251462277,20250104,Property Damage Only,-91.3687757767,41.9106190662
20251462289,20250104,Property Damage Only,-92.3577905581,41.7005704822
20251462295,20250104,Property Damage Only,-96.1920742034,43.4331803979
20251462305,20250104,Property Damage Only,-90.4242724961,41.5686334809
20251462317,20250103,Property Damage Only,-91.2907543707,40.6473035073
20251462326,20250103,Property Damage Only,-91.5406546663,41.6814255212
20251462329,20250103,Property Damage Only,-92.1166849074,41.7772135753
20251462336,20250103,Property Damage Only,-91.886444855,41.5944067133
20251462339,20250105,Property Damage Only,-92.7260032547,43.1048973167
20251462340,20250105,Property Damage Only,-93.3558561046,43.1745857513
20251462341,20250104,Property Damage Only,-91.1778684538,41.0645657559
20251462343,20250105,Property Damage Only,-94.2661342542,42.5157443803
20251462356,20250106,Property Damage Only,-91.2494936756,41.6943993072
20251462368,20250106,Property Damage Only,-95.8008345552,41.2794637131
20251462374,20250106,Property Damage Only,-91.4940258476,41.6943250486
20251462376,20250105,Property Damage Only,-91.3353666724,42.4702669691
20251462386,20250105,Property Damage Only,-96.3216565257,42.4968367542
20251462391,20250104,Property Damage Only,-91.2674983919,42.0933577038
20251462401,20250104,Property Damage Only,-91.2792735117,42.0773419309
20251462407,20250105,Property Damage Only,-93.1133778655,41.5331795183
20251462410,20250104,Property Damage Only,-93.6949880596,41.433621248
20251462415,20250103,Property Damage Only,-91.9906349643,42.9647538673
20251462416,20250103,Property Damage Only,-91.8240179143,42.7516767773
20251462417,20250104,Property Damage Only,-92.0431079751,42.6485873437
20251462418,20250105,Property Damage Only,-91.6517444086,42.8560844667
20251462423,20250104,Property Damage Only,-92.4790656395,41.4606627657
20251462430,20250106,Property Damage Only,-94.1951189259,42.5440283622
20251462434,20250106,Property Damage Only,-92.6219799884,41.1601829792
20251462469,20250102,Property Damage Only,-94.9075372911,43.1260263425
20251462470,20250102,Property Damage Only,-92.9133324062,41.3065720664
20251462472,20250103,Property Damage Only,-96.2961492713,43.0841201991
20251462473,20250104,Property Damage Only,-96.4920040233,43.2275508424
20251462474,20250104,Property Damage Only,-95.0393261802,40.6741024778
20251462488,20250102,Property Damage Only,-93.2375447256,41.3461466815
20251462500,20250105,Property Damage Only,-93.3279264246,43.1031435973
20251462510,20250106,Property Damage Only,-90.6259932094,42.0900342485
20251462530,20250106,Property Damage Only,-91.5000519146,42.2822667622
20251462531,20250104,Property Damage Only,-92.2191643161,42.5336596016
20251462534,20250105,Property Damage Only,-90.6880327345,41.5247972452
20251462535,20250106,Property Damage Only,-90.5422113209,41.7141277056
20251462554,20250102,Property Damage Only,-92.5053713349,42.6137823939
20251462567,20250106,Property Damage Only,-93.5540332969,42.1276164173
20251462568,20250106,Property Damage Only,-91.5524336858,42.5727714615
20251462575,20250103,Property Damage Only,-94.993983908,42.6616577169
20251462576,20250107,Property Damage Only,-92.1202386907,43.32582591
20251462577,20250104,Property Damage Only,-92.4430339645,42.7186815068
20251462580,20250107,Property Damage Only,-92.0225596117,43.1343594774
20251462586,20250106,Property Damage Only,-92.7263455546,41.3345636656
20251462588,20250106,Property Damage Only,-92.465852272,42.415440851
20251462615,20250106,Property Damage Only,-91.1327251511,41.7023689926
20251462635,20250107,Property Damage Only,-91.7754649479,41.9886029418
20251462638,20250105,Suspected Minor Injury Crash,-91.4489185683,41.2491351574
20251462651,20250106,Property Damage Only,-94.197403757,41.6107854112
20251462667,20250107,Property Damage Only,-95.0301663819,40.9818491143
20251462671,20250107,Property Damage Only,-93.4779716896,43.217525706
20251462682,20250107,Property Damage Only,-91.7951286921,42.1140177068
20251462684,20250107,Property Damage Only,-91.426330434,42.8553148249
20251462693,20250107,Property Damage Only,-93.8198903578,41.4806282237
20251462695,20250107,Property Damage Only,-91.5293651906,42.2379408526
20251462696,20250107,Property Damage Only,-91.7517140339,42.0660182902
20251462700,20250107,Property Damage Only,-92.9319209588,42.0356080516
20251462704,20250106,Property Damage Only,-92.3644154912,42.5283703214
20251462709,20250106,Property Damage Only,-94.8979175979,42.1002596835
20251462729,20250106,Property Damage Only,-90.6259932094,42.0900342485
20251462733,20250107,Property Damage Only,-93.7956780102,42.2517427394
20251462739,20250106,Property Damage Only,-92.0222969954,43.2987643996
20251462747,20250106,Property Damage Only,-92.3766757117,42.6642163344
20251462750,20250108,Property Damage Only,-92.4818651246,41.3193644944
20251462751,20250108,Possible/Unknown Injury Crash,-95.3435216643,41.954808131
20251462753,20250107,Property Damage Only,-92.5658125217,41.0197114056
20251462762,20250107,Property Damage Only,-92.5542899234,43.333527633
20251462774,20250108,Property Damage Only,-92.29654657,43.0595783674
20251462780,20250104,Property Damage Only,-91.6570846891,41.9443541972
20251462790,20250106,Property Damage Only,-91.6295510502,42.0222045147
20251462798,20250107,Property Damage Only,-93.0856630454,41.3422344166
20251462800,20250107,Property Damage Only,-94.1084862106,41.5968876195
20251462848,20250108,Property Damage Only,-93.418287349,43.2290784347
20251462856,20250108,Property Damage Only,-90.7590460925,41.4562582903
20251462857,20250108,Property Damage Only,-90.3616709682,41.6974955506
20251462860,20250108,Suspected Minor Injury Crash,-95.2559667833,43.4304474466
20251462865,20250108,Property Damage Only,-93.8093210742,41.575441857
20251462871,20250108,Property Damage Only,-94.1158851921,41.905643338
20251462882,20250109,Property Damage Only,-90.7286896965,42.4909687794
20251462884,20250108,Property Damage Only,-94.1870086713,42.4977694609
20251462891,20250108,Property Damage Only,-96.1156495285,42.5474985604
20251462894,20250108,Property Damage Only,-90.7104192283,42.558126118
20251462895,20250108,Property Damage Only,-90.6933069964,42.5412132365
20251462896,20250109,Property Damage Only,-90.6601568753,42.4551623412
20251462902,20250108,Property Damage Only,-91.1673477999,42.2407418084
20251462921,20250107,Property Damage Only,-91.9260401695,43.4600973071
20251462934,20250101,Property Damage Only,-94.6362349949,42.449918065
20251462936,20250108,Property Damage Only,-92.5508725229,41.0234015562
20251462983,20250107,Property Damage Only,-93.8458972814,42.3628877379
20251463028,20250109,Property Damage Only,-90.2475019788,41.8353161833
20251463032,20250109,Property Damage Only,-91.5937844427,41.9257454091
20251463035,20250109,Property Damage Only,-90.5924865117,41.901879468
20251463047,20250109,Property Damage Only,-90.6796298031,42.270038055
20251463054,20250109,Property Damage Only,-91.0767152534,42.664280786
20251463057,20250110,Property Damage Only,-95.499164212,42.8650240494
20251463058,20250109,Property Damage Only,-93.6986581473,42.0731935786
20251463063,20250109,Property Damage Only,-93.9861296474,42.2530011685
20251463077,20250110,Property Damage Only,-91.2947028892,42.0713220452
20251463078,20250109,Property Damage Only,-91.4321389343,42.4705332336
20251463080,20250109,Property Damage Only,-91.7591509757,43.3597295314
20251463086,20250110,Property Damage Only,-90.6941543106,42.3823410854
20251463092,20250104,Property Damage Only,-93.9033669052,40.6056849283
20251463106,20250109,Property Damage Only,-96.2323914295,43.1565947828
20251463107,20250109,Property Damage Only,-96.3756572468,43.1996331141
20251463111,20250109,Property Damage Only,-94.0508954625,41.1499379893
20251463129,20250108,Property Damage Only,-93.3518354438,42.8137643254
20251463139,20250102,Property Damage Only,-91.2884943616,41.2773424109
20251463158,20250109,Property Damage Only,-90.7401153477,41.4990654968
20251463160,20250107,Property Damage Only,-92.2877051046,42.5274959105
20251463162,20250110,Property Damage Only,-91.7550418307,41.9865819524
20251463163,20250110,Property Damage Only,-91.8264521483,42.2027384951
20251463188,20250110,Property Damage Only,-92.7271958388,41.6767040094
20251463206,20250111,Property Damage Only,-92.7289784569,43.0600507288
20251463213,20250110,Property Damage Only,-91.1094113327,41.5087759623
20251463221,20250110,Property Damage Only,-91.4097771399,42.8187865827
20251463227,20250111,Property Damage Only,-94.6591292432,43.3997440343
20251463236,20250111,Property Damage Only,-95.5545298698,42.7024726711
20251463252,20250108,Property Damage Only,-93.6850852766,41.6603583972
20251463258,20250111,Property Damage Only,-92.0916419343,41.7970315645
20251463290,20250111,Property Damage Only,-91.0441581798,41.0473398309
20251463298,20250111,Property Damage Only,-90.4324654295,41.6855909331
20251463303,20250110,Property Damage Only,-93.8329545427,41.6148686749
20251463306,20250111,Property Damage Only,-93.7954507991,41.5418785392
20251463307,20250111,Property Damage Only,-95.7307392189,41.2324869435
20251463327,20250111,Property Damage Only,-93.98384559,41.6138384147
20251463329,20250110,Property Damage Only,-92.0337586025,41.7890475491
20251463330,20250112,Property Damage Only,-92.1631342798,41.662073617
20251463334,20250109,Property Damage Only,-91.5629220163,42.0330977463
20251463337,20250110,Property Damage Only,-91.5365112747,40.4800061439
20251463344,20250111,Property Damage Only,-95.5024404423,42.35788227
20251463370,20250112,Property Damage Only,-94.9355841465,43.2005986399
20251463379,20250103,Property Damage Only,-94.3444313881,42.5270460818
20251463382,20250112,Property Damage Only,-90.7574448158,42.3968531505
20251463394,20250111,Property Damage Only,-95.9550250485,42.2335044349
20251463399,20250111,Property Damage Only,-93.4986969639,41.8776121274
20251463400,20250111,Property Damage Only,-91.3190361765,42.070834556
20251463401,20250111,Property Damage Only,-91.3135548291,42.0705920072
20251463406,20250112,Property Damage Only,-91.2855531107,43.0071596616
20251463415,20250112,Property Damage Only,-93.8455892241,42.3661772009
20251463419,20250112,Property Damage Only,-93.6362612702,41.1909068977
20251463431,20250109,Property Damage Only,-92.4629340719,42.7138505367
20251463436,20250111,Property Damage Only,-92.5006272801,42.7160743347
20251463437,20250110,Property Damage Only,-92.8337996399,41.4228276742
20251463438,20250111,Property Damage Only,-92.7099692692,41.2625335816
20251463444,20250112,Property Damage Only,-91.9326165445,41.0444303125
20251463447,20250113,Property Damage Only,-93.6891822622,41.366739249
20251463484,20250112,Property Damage Only,-94.0703368573,41.5828197365
20251463497,20250112,Property Damage Only,-93.8857157919,41.5366159819
20251463501,20250111,Property Damage Only,-96.5247396101,42.8718035387
20251463503,20250111,Property Damage Only,-91.1150080572,41.0874240644
20251463505,20250111,Property Damage Only,-91.2827984299,41.2773656553
20251463506,20250111,Property Damage Only,-91.1345194498,41.2471174169
20251463527,20250110,Property Damage Only,-91.1557815864,40.7376484154
20251463529,20250104,Property Damage Only,-92.9152948472,41.9825117767
20251463530,20250109,Property Damage Only,-92.9168550293,41.9430994874
20251463533,20250106,Property Damage Only,-93.5223550363,41.6730665576
20251463545,20250110,Property Damage Only,-93.9743549762,41.3806482728
20251463546,20250113,Property Damage Only,-94.0132826539,41.2479909569
20251463554,20250113,Property Damage Only,-91.0849042731,41.5084874429
20251463559,20250112,Property Damage Only,-94.2266657184,42.6672329259
20251463584,20250113,Property Damage Only,-91.3768382325,42.0884183166
20251463585,20250114,Property Damage Only,-90.1934107134,42.0364791324
20251463590,20250114,Property Damage Only,-95.3679534429,41.9948600573
20251463592,20250110,Property Damage Only,-91.3893750301,42.8639409303
20251463599,20250113,Property Damage Only,-94.2356694639,42.5153745139
20251463607,20250114,Property Damage Only,-92.581449085,42.026570036
20251463614,20250113,Property Damage Only,-91.1097058411,42.5394313099
20251463615,20250113,Property Damage Only,-93.3586841968,41.4430789254
20251463625,20250114,Property Damage Only,-91.3859782999,40.6303512905
20251463628,20250114,Property Damage Only,-90.4894031757,42.0536065281
20251463631,20250113,Property Damage Only,-93.7848867026,42.4710776333
20251463633,20250110,Property Damage Only,-92.5940726939,41.0119142199
20251463659,20250113,Property Damage Only,-94.1063758393,41.8233781496
20251463680,20250114,Property Damage Only,-91.5091260289,41.9250194524
20251463686,20250109,Property Damage Only,-94.4927630892,41.6275766246
20251463695,20250111,Property Damage Only,-92.0651440844,41.5375510443
20251463704,20250113,Property Damage Only,-92.993581874,41.7028060692
20251463713,20250113,Property Damage Only,-93.0127702117,41.3067300923
20251463723,20250114,Suspected Minor Injury Crash,-91.6858290065,41.7090542546
20251463740,20250114,Property Damage Only,-90.652656149,42.1652852937
20251463741,20250111,Property Damage Only,-92.4660446483,42.4443328493
20251463742,20250114,Property Damage Only,-94.1781150639,42.5354869916
20251463744,20250114,Property Damage Only,-93.2018764161,42.9835696007
20251463748,20250114,Property Damage Only,-93.367514991,41.5886017357
20251463750,20250114,Property Damage Only,-93.9484955843,42.0378155273
20251463762,20250111,Property Damage Only,-93.6986919683,42.0608454716
20251463763,20250114,Property Damage Only,-93.5655411213,41.7318225466
20251463770,20250114,Property Damage Only,-90.6751253292,41.7311700403
20251463789,20250114,Property Damage Only,-96.3445077244,42.4201368794
20251463790,20250113,Property Damage Only,-93.0528945623,43.1478062563
20251463824,20250114,Property Damage Only,-94.1007723447,41.5976823105
20251463836,20250115,Property Damage Only,-91.7929838414,42.9325382143
20251463841,20250115,Property Damage Only,-93.9507939185,42.097941461
20251463844,20250107,Property Damage Only,-94.2019001438,41.5089580422
20251463846,20250113,Property Damage Only,-90.682051644,42.4915924568
20251463850,20250103,Property Damage Only,-93.0905630576,42.307495621
20251463851,20250109,Property Damage Only,-93.0156675915,42.2236100792
20251463852,20250109,Property Damage Only,-93.0649048171,42.2638508729
20251463854,20250115,Property Damage Only,-91.1585708893,41.2108451591
20251463864,20250111,Property Damage Only,-93.2608667736,42.4191893342
20251463867,20250114,Property Damage Only,-93.7037006411,41.7560989336
20251463944,20250115,Property Damage Only,-90.1819889552,42.0150271686
20251463949,20250115,Property Damage Only,-95.7626419568,41.0702553728
20251463950,20250110,Property Damage Only,-93.7637044156,41.5194944297
20251463955,20250115,Property Damage Only,-92.9274260903,42.5853604051
20251463977,20250115,Property Damage Only,-90.4775652236,42.1867015647
20251463979,20250116,Property Damage Only,-90.2440595382,41.8372418617
20251463992,20250115,Property Damage Only,-93.5087599066,41.485577822
20251464001,20250115,Property Damage Only,-93.6556468287,42.0320263707
20251464005,20250115,Property Damage Only,-93.8854176553,41.5964622402
20251464009,20250116,Property Damage Only,-93.755386079,41.0305931624
20251464011,20250115,Property Damage Only,-92.1748258497,42.7148118339
20251464022,20250115,Property Damage Only,-92.2574594459,41.0021659806
20251464023,20250115,Property Damage Only,-92.4496294221,41.0473025362
20251464033,20250115,Property Damage Only,-93.9253091994,41.5179113566
20251464040,20250116,Property Damage Only,-95.2680986917,41.7918635485
20251464042,20250116,Property Damage Only,-96.1199063226,42.8623320244
20251464044,20250115,Property Damage Only,-95.7577816279,42.5005592383
20251464048,20250108,Property Damage Only,-92.0817676139,42.6128994701
20251464081,20250115,Property Damage Only,-93.0105011477,41.3108738888
20251464089,20250116,Property Damage Only,-93.6889945751,41.7532067543
20251464091,20250101,Property Damage Only,-91.2001300264,41.3089607872
20251464107,20250113,Property Damage Only,-92.9891691235,41.3541649478
20251464120,20250108,Property Damage Only,-92.9026998473,42.5845315589
20251464121,20250110,Property Damage Only,-93.7045767152,41.4260056481
20251464128,20250115,Property Damage Only,-93.7941284727,41.607199119
20251464130,20250115,Property Damage Only,-92.3406969885,42.6786489429
20251464139,20250116,Property Damage Only,-95.0130768414,42.3651101006
20251464148,20250116,Property Damage Only,-93.7249920765,41.6009275345
20251464160,20250116,Property Damage Only,-93.8079758519,41.5435296186
20251464165,20250116,Property Damage Only,-91.1998582439,41.3379325507
20251464178,20250116,Property Damage Only,-91.3718559276,40.8161077215
20251464197,20250116,Property Damage Only,-93.5814360563,42.085132489
20251464198,20250117,Property Damage Only,-93.5650956613,42.0940224554
20251464211,20250115,Property Damage Only,-93.2605115523,43.1851620726
20251464213,20250117,Property Damage Only,-91.1881065266,41.4470216095
20251464218,20250111,Property Damage Only,-92.777609513,41.7352598308
20251464224,20250115,Property Damage Only,-91.2073046108,41.7362869426
20251464250,20250116,Property Damage Only,-90.4967289969,42.0547572693
20251464251,20250103,Property Damage Only,-93.9507912201,42.0337706355
20251464274,20250117,Property Damage Only,-91.7735759686,42.3117440433
20251464276,20250116,Property Damage Only,-91.1401646929,40.7519725773
20251464289,20250115,Property Damage Only,-95.5040360664,42.3625932027
20251464328,20250117,Property Damage Only,-93.8263727421,41.5599542214
20251464330,20250117,Property Damage Only,-92.3117017033,43.4641497796
20251464334,20250118,Property Damage Only,-90.6461557367,42.5301861332
20251464342,20250116,Property Damage Only,-95.151081275,42.8726099785
20251464346,20250117,Property Damage Only,-93.1061139274,40.6379432023
20251464360,20250117,Property Damage Only,-92.9615466166,41.4072680873
20251464387,20250118,Property Damage Only,-96.3472933,43.1997111217
20251464393,20250114,Property Damage Only,-92.1511693986,42.635102183
20251464412,20250118,Property Damage Only,-92.7319637358,42.7912885397
20251464416,20250118,Property Damage Only,-91.0877536507,41.4083332014
20251464420,20250117,Property Damage Only,-91.2668289434,41.408270657
20251464422,20250118,Property Damage Only,-91.7052889054,40.9820718008
20251464460,20250117,Property Damage Only,-92.5546825909,40.6595110897
20251464473,20250112,Property Damage Only,-91.4320087223,42.7982463652
20251464475,20250119,Property Damage Only,-92.6501730823,43.0277341092
20251464486,20250113,Property Damage Only,-92.3314959138,41.746797735
20251464508,20250118,Property Damage Only,-92.3978660023,42.773386212
20251464509,20250117,Property Damage Only,-92.4754223467,42.6883056873
20251464511,20250119,Property Damage Only,-91.8775415046,42.4493565031
20251464519,20250119,Property Damage Only,-91.8050492877,42.8262511607
20251464520,20250120,Property Damage Only,-91.85449791,42.846865213
20251464522,20250118,Property Damage Only,-91.4638077791,40.4337313649
20251464528,20250117,Property Damage Only,-91.3820728553,41.2809927872
20251464529,20250117,Property Damage Only,-91.200421844,41.334824898
20251464531,20250120,Property Damage Only,-93.3591294025,43.2963191688
20251464536,20250119,Property Damage Only,-91.5648588909,40.8723314962
20251464550,20250102,Property Damage Only,-91.4264131719,40.4058601846
20251464568,20250120,Property Damage Only,-93.8122575192,41.6269242403
20251464575,20250117,Property Damage Only,-92.2319445398,42.527153758
20251464584,20250118,Property Damage Only,-92.9750782886,41.4072537986
20251464614,20250120,Property Damage Only,-93.4636745489,41.8208354375
20251464624,20250119,Property Damage Only,-93.5814315316,42.0859611085
20251464625,20250119,Property Damage Only,-93.3859832957,42.1401572571
20251464648,20250119,Property Damage Only,-91.1158203219,42.462400402
20251464653,20250119,Property Damage Only,-93.7039595941,41.4264868225
20251464660,20250110,Property Damage Only,-91.4986267607,42.7877208056
20251464661,20250118,Property Damage Only,-95.1530771975,42.8831801021
20251464663,20250107,Property Damage Only,-93.9106944823,42.6001356442
20251464666,20250110,Property Damage Only,-92.4758268897,42.5412630145
20251464668,20250119,Property Damage Only,-95.2294390007,42.5207072418
20251464685,20250117,Property Damage Only,-94.0230810799,41.6510554145
20251464691,20250117,Property Damage Only,-91.6472965343,42.6174724981
20251464712,20250121,Property Damage Only,-91.1396828226,42.8189122833
20251464714,20250108,Property Damage Only,-90.6889761466,42.0666627626
20251464717,20250118,Property Damage Only,-92.4990944622,42.7168511208
20251464760,20250116,Property Damage Only,-95.1682981139,43.1839520215
20251464790,20250121,Property Damage Only,-91.1401395951,41.6702816472
20251464791,20250119,Property Damage Only,-96.272766013,42.6230384318
20251464792,20250121,Property Damage Only,-96.5017663936,42.6707989153
20251464793,20250121,Property Damage Only,-93.9541901075,40.7283332883
20251464796,20250121,Property Damage Only,-93.7344479063,42.853283796
20251464800,20250121,Property Damage Only,-92.7272114172,41.6075286066
20251464813,20250121,Property Damage Only,-95.821952059,41.2774615585
20251464827,20250121,Property Damage Only,-93.7947051165,42.387471134
20251464830,20250116,Property Damage Only,-94.6693265649,42.4665244144
20251464837,20250122,Property Damage Only,-96.5016935964,42.6736284699
20251464978,20250121,Property Damage Only,-90.544326794,41.5674791383
20251464980,20250109,Property Damage Only,-91.4096317081,43.1744760392
20251464984,20250122,Property Damage Only,-95.398610495,42.3376703318
20251465062,20250119,Property Damage Only,-91.3830055952,40.6241840724
20251465081,20250122,Property Damage Only,-93.6208410695,42.0579606098
20251465082,20250122,Property Damage Only,-93.4008446177,42.0077463592
20251465086,20250122,Property Damage Only,-91.4075319786,42.4450411811
20251465091,20250123,Property Damage Only,-93.6472170793,41.4165064364
20251465099,20250123,Property Damage Only,-94.148471816,42.6049870687
20251465110,20250103,Property Damage Only,-91.6829554146,40.6276346503
20251465118,20250122,Property Damage Only,-96.4144215335,43.1995709067
20251465126,20250118,Property Damage Only,-93.8086629826,41.352945737
20251465146,20250122,Property Damage Only,-93.291356072,41.4100943163
20251465147,20250123,Property Damage Only,-93.0118836561,41.2267947874
20251465163,20250109,Property Damage Only,-91.8406161529,42.2117986357
20251465247,20250121,Property Damage Only,-90.6762921431,42.1399654395
20251465262,20250123,Property Damage Only,-91.3145597247,40.9771285641
20251465281,20250123,Property Damage Only,-92.7283030687,43.0600401223
20251465282,20250123,Property Damage Only,-91.1749383856,40.8481554838
20251465290,20250123,Property Damage Only,-91.7946466792,42.1024305516
20251465337,20250123,Property Damage Only,-93.2106771622,43.2005368012
20251465338,20250123,Property Damage Only,-90.7954215569,42.4998819379
20251465368,20250123,Property Damage Only,-96.3442720255,42.4125078526
20251465372,20250124,Property Damage Only,-93.8380794599,41.4728048329
20251465374,20250123,Property Damage Only,-91.1367421898,42.0142614431
20251465375,20250123,Property Damage Only,-91.1967301785,42.2678379069
20251465378,20250122,Property Damage Only,-91.6992864607,43.3423791206
20251465380,20250123,Property Damage Only,-92.0589615394,43.4097817605
20251465381,20250123,Property Damage Only,-93.2002909485,42.7743527718
20251465387,20250123,Property Damage Only,-94.9846047153,41.333682655
20251465389,20250122,Property Damage Only,-96.4965966627,42.5984186587
20251465406,20250118,Property Damage Only,-91.889979098,42.533447177
20251465422,20250123,Property Damage Only,-92.7982650265,42.7447042436
20251465428,20250124,Property Damage Only,-95.5545440264,42.6897215045
20251465458,20250124,Property Damage Only,-93.5879843571,41.5038544458
20251465467,20250117,Property Damage Only,-91.3013298194,40.6616654907
20251465470,20250123,Property Damage Only,-96.1070628434,42.9682293808
20251465473,20250121,Property Damage Only,-94.2267440182,42.6935459374
20251465485,20250124,Property Damage Only,-93.0705876481,42.3799098998
20251465487,20250127,Property Damage Only,-90.2534576869,41.8303705932
20251465490,20250122,Property Damage Only,-91.1791543183,42.9762864303
20251465496,20250124,Property Damage Only,-94.5411636228,42.8081561025
20251465509,20250124,Property Damage Only,-95.6522093183,41.87666358
20251465527,20250124,Property Damage Only,-91.5646467816,41.9961662972
20251465545,20250125,Property Damage Only,-90.2996217585,41.7771426925
20251465562,20250108,Property Damage Only,-91.9094037634,42.6472303053
20251465577,20250125,Property Damage Only,-91.4952504345,41.970942247
20251465584,20250125,Property Damage Only,-93.2020541427,42.9779140737
20251465589,20250125,Property Damage Only,-92.8342857423,40.7325908094
20251465603,20250125,Property Damage Only,-94.0414715532,41.2163206337
20251465604,20250125,Property Damage Only,-91.5686730849,42.0196060886
20251465613,20250109,Property Damage Only,-91.7928433913,43.291737339
20251465614,20250115,Property Damage Only,-91.7877183806,43.3269446723
20251465615,20250116,Property Damage Only,-91.7976179153,43.2915355073
20251465617,20250121,Property Damage Only,-91.8137015799,43.3221206262
20251465620,20250102,Property Damage Only,-91.8131485918,43.3270853514
20251465621,20250110,Property Damage Only,-91.8031927397,43.2857230368
20251465650,20250121,Property Damage Only,-95.5542038504,42.8179209321
20251465653,20250125,Property Damage Only,-91.2012239281,42.8319806183
20251465669,20250126,Property Damage Only,-91.1514916015,40.7676842532
20251465680,20250125,Property Damage Only,-92.3653913023,41.9646220537
20251465686,20250125,Property Damage Only,-92.2340618486,42.4644334252
20251465702,20250111,Property Damage Only,-92.732310495,43.1691169515
20251465708,20250125,Property Damage Only,-91.3135432421,41.4015071523
20251465711,20250126,Property Damage Only,-93.7791740195,42.5077342846
20251465726,20250126,Property Damage Only,-90.9825749116,42.0412573416
20251465737,20250125,Property Damage Only,-91.4033753186,40.9058440806
20251465740,20250124,Property Damage Only,-93.9546931079,41.5951782401
20251465741,20250125,Property Damage Only,-91.2998978513,40.635133331
20251465744,20250127,Property Damage Only,-90.9374911249,41.5027579935
20251465756,20250126,Property Damage Only,-91.8387885988,43.0689328898
20251465765,20250125,Property Damage Only,-92.4974401271,42.8475393468
20251465795,20250126,Property Damage Only,-95.9580747858,42.7016151831
20251465800,20250124,Property Damage Only,-92.6153439453,41.2737052322
20251465809,20250124,Property Damage Only,-91.715348117,41.3097404207
20251465810,20250124,Property Damage Only,-92.4658801025,42.4207545047
20251465816,20250125,Property Damage Only,-91.5648561465,40.8801504251
20251465819,20250125,Property Damage Only,-91.1586704276,41.3152043154
20251465820,20250120,Property Damage Only,-91.4833667261,42.7832782384
20251465823,20250126,Property Damage Only,-94.9379979073,41.2589976584
20251465826,20250126,Property Damage Only,-92.2984052136,43.212996065
20251465830,20250118,Property Damage Only,-91.196614109,41.2292998517
20251465832,20250124,Suspected Minor Injury Crash,-93.8301310044,42.4492528723
20251465833,20250125,Property Damage Only,-91.1989717754,41.2146908978
20251465839,20250125,Property Damage Only,-91.982552185,41.0282532823
20251465841,20250127,Property Damage Only,-93.084110633,42.8984376376
20251465846,20250128,Property Damage Only,-93.4386215447,41.4424596371
20251465857,20250126,Property Damage Only,-94.0799631892,41.5298305974
20251465862,20250127,Property Damage Only,-93.9791409208,42.038215644
20251465863,20250127,Property Damage Only,-91.5093476575,41.9248241884
20251465876,20250127,Property Damage Only,-93.6474089296,41.6473723199
20251465877,20250127,Property Damage Only,-92.5986217575,43.0672409589
20251465878,20250127,Property Damage Only,-92.3477181218,42.2612758641
20251465888,20250126,Property Damage Only,-91.3638462661,42.7815965741
20251465893,20250115,Property Damage Only,-91.5272558814,41.628303252
20251465894,20250128,Property Damage Only,-91.23560076,41.7353200243
20251465902,20250128,Property Damage Only,-94.0422518497,41.2331579494
20251465905,20250127,Property Damage Only,-93.3510520912,42.0775303179
20251465906,20250127,Property Damage Only,-93.5816669289,42.0561303626
20251465909,20250127,Property Damage Only,-93.5134592411,41.5679113033
20251465912,20250127,Property Damage Only,-93.6168676433,42.8365614275
20251465914,20250127,Property Damage Only,-91.8106594165,43.3415026237
20251465915,20250128,Property Damage Only,-93.2605218284,43.1846847952
20251465936,20250127,Property Damage Only,-91.444768363,40.4695110131
20251465937,20250121,Property Damage Only,-95.2381600468,42.8799538069
20251465939,20250127,Property Damage Only,-95.0331913105,42.6044967122
20251465940,20250128,Property Damage Only,-94.0217779309,42.2459615207
20251465944,20250124,Property Damage Only,-91.8254044664,42.4756622184
20251465946,20250127,Property Damage Only,-95.2497691125,42.1387741101
20251465956,20250127,Property Damage Only,-90.8450379038,42.5756147582
20251465958,20250127,Property Damage Only,-90.7391053702,42.5334994567
20251465969,20250121,Property Damage Only,-95.6708743567,40.8449869559
20251465971,20250127,Property Damage Only,-93.2514601245,41.1630149946
20251465981,20250128,Property Damage Only,-91.910303468,41.6703486225
20251465983,20250128,Property Damage Only,-92.3769344792,42.493838731
20251465984,20250128,Property Damage Only,-92.3769344792,42.493838731
20251465989,20250124,Property Damage Only,-95.3846765871,40.8415432707
20251465992,20250128,Property Damage Only,-90.9564767312,42.0047353283
20251465996,20250125,Property Damage Only,-91.7140386129,41.2985655469
20251466003,20250126,Property Damage Only,-92.0930868799,41.8541551967
20251466010,20250127,Property Damage Only,-94.471499477,40.7649473237
20251466024,20250128,Property Damage Only,-93.79631482,41.2921403336
20251466027,20250125,Property Damage Only,-92.5350352078,43.0675495757
20251466031,20250128,Property Damage Only,-93.9995726123,41.5176231
20251466041,20250128,Property Damage Only,-91.4816059379,41.9015752057
20251466043,20250128,Property Damage Only,-91.8090159474,42.0835952822
20251466050,20250128,Property Damage Only,-90.8749172342,41.9679231515
20251466057,20250127,Property Damage Only,-90.6688504283,41.5149709901
20251466060,20250128,Property Damage Only,-91.2618737752,41.4823416714
20251466068,20250129,Property Damage Only,-90.3918027226,42.0760589569
20251466084,20250128,Property Damage Only,-96.3761025951,42.5378352526
20251466087,20250121,Property Damage Only,-92.2388627967,42.370263307
20251466092,20250127,Property Damage Only,-91.2716098413,40.6636835502
20251466113,20250129,Property Damage Only,-96.4172969458,42.5291931559
20251466115,20250128,Property Damage Only,-95.0456077067,42.2538008263
20251466132,20250129,Property Damage Only,-93.1526821342,43.1626196295
20251466142,20250113,Property Damage Only,-94.7576168356,43.2455770063
20251466156,20250124,Property Damage Only,-95.1800431469,43.3628684011
20251466158,20250128,Property Damage Only,-92.2026197454,42.7730576747
20251466160,20250128,Property Damage Only,-92.2389102867,42.3703536824
20251466171,20250129,Property Damage Only,-92.0382120332,42.1747998679
20251466178,20250129,Property Damage Only,-93.5760176664,41.6298099473
20251466180,20250122,Possible/Unknown Injury Crash,-94.6141125881,41.2720480188
20251466199,20250129,Property Damage Only,-95.9379940652,43.4326138313
20251466229,20250129,Property Damage Only,-96.296739121,42.5475411993
20251466236,20250128,Property Damage Only,-90.5469029293,41.538380553
20251466242,20250129,Property Damage Only,-93.7326677879,41.7869197617
20251466251,20250126,Property Damage Only,-92.8931380388,42.0003895628
20251466253,20250129,Property Damage Only,-93.6616132337,41.1908991643
20251466264,20250110,Property Damage Only,-92.0550104342,42.3806210521
20251466265,20250130,Property Damage Only,-95.5541458984,42.8073056952
20251466269,20250128,Property Damage Only,-91.6956283531,41.2933952643
20251466274,20250130,Property Damage Only,-94.1936701796,42.7316459926
20251466281,20250111,Property Damage Only,-91.8892449347,42.3560795829
20251466282,20250129,Property Damage Only,-91.9141266703,42.4975296315
20251466284,20250114,Property Damage Only,-92.9593275488,42.0075023251
20251466295,20250125,Property Damage Only,-96.4509096204,43.2426920552
20251466298,20250129,Property Damage Only,-95.1284000557,43.4010826405
20251466301,20250129,Possible/Unknown Injury Crash,-91.3616496786,41.2840455924
20251466339,20250130,Property Damage Only,-91.5666209195,43.1929033662
20251466350,20250130,Property Damage Only,-94.3119524988,42.5162375716
20251466363,20250130,Property Damage Only,-91.3003999043,42.883311832
20251466364,20250128,Property Damage Only,-93.3362708905,43.1480447357
20251466367,20250130,Property Damage Only,-91.509305828,41.9250668195
20251466372,20250130,Property Damage Only,-90.5563991326,41.6949771087
20251466390,20250130,Property Damage Only,-91.3159634059,42.2042502388
20251466395,20250130,Property Damage Only,-93.5634680305,41.257106257
20251466397,20250128,Property Damage Only,-93.20423074,41.6852590068
20251466401,20250130,Property Damage Only,-91.3658601771,40.6237985532
20251466404,20250131,Property Damage Only,-90.7408496095,42.5009889528
20251466408,20250129,Property Damage Only,-93.833547574,41.6292307779
20251466427,20250131,Property Damage Only,-93.5480154911,41.6730551555
20251466438,20250106,Property Damage Only,-93.6590279314,42.0155069756
20251466476,20250201,Property Damage Only,-91.3567222256,42.9609464334
20251466486,20250131,Property Damage Only,-92.1907114848,42.9859114008
20251466487,20250131,Property Damage Only,-91.1215583321,41.0124806989
20251466498,20250131,Property Damage Only,-93.6326843542,40.7555331316
20251466503,20250131,Property Damage Only,-93.1839106011,43.284110602
20251466506,20250130,Property Damage Only,-95.8427553625,41.3147038685
20251466517,20250131,Property Damage Only,-92.2977352601,41.9374242793
20251466518,20250131,Property Damage Only,-90.6400395969,42.0036523582
20251466526,20250115,Property Damage Only,-92.5946883524,42.4640245379
20251466550,20250131,Property Damage Only,-93.2623742185,42.5095513699
20251466559,20250130,Property Damage Only,-92.1688109191,42.4685717772
20251466560,20250131,Property Damage Only,-92.2986644764,42.3802451383
20251466564,20250131,Property Damage Only,-90.2618798045,41.873709392
20251466579,20250201,Property Damage Only,-91.1809784321,41.354154659
20251466581,20250201,Property Damage Only,-91.1586844085,40.8551033379
20251466595,20250201,Property Damage Only,-93.7817475796,41.1120299479
20251466599,20250201,Property Damage Only,-94.1780481734,42.5170260546
20251466606,20250201,Property Damage Only,-95.232975753,41.0321681844
20251466625,20250202,Property Damage Only,-90.7391670355,42.4885825235
20251466643,20250202,Property Damage Only,-94.013316166,41.2555661019
20251466651,20250129,Property Damage Only,-92.0643989918,41.8180330103
20251466656,20250201,Property Damage Only,-90.5674779875,41.7943247999
20251466659,20250201,Property Damage Only,-92.4085530271,42.4547676587
20251466660,20250202,Property Damage Only,-95.141934392,43.3579701983
20251466674,20250201,Property Damage Only,-91.165606476,41.4145370185
20251466684,20250131,Property Damage Only,-92.2751753048,42.5054612266
20251466692,20250130,Property Damage Only,-91.5779647989,42.0172718723
20251466694,20250203,Property Damage Only,-92.2762448217,43.1838537742
20251466696,20250131,Property Damage Only,-93.3976685446,42.0077393927
20251466698,20250201,Property Damage Only,-91.2991612097,40.6362034652
20251466699,20250201,Property Damage Only,-93.5815162484,42.0899415439
20251466724,20250201,Property Damage Only,-91.8003724857,43.2592561677
20251466729,20250201,Property Damage Only,-91.5881356141,42.5029644889
20251466731,20250131,Property Damage Only,-90.6816358848,42.5518738352
20251466733,20250202,Property Damage Only,-90.7658995484,42.4694214097
20251466734,20250131,Property Damage Only,-92.6502427955,43.0327501246
20251466736,20250201,Property Damage Only,-93.2322275996,41.6619493267
20251466746,20250203,Property Damage Only,-91.5689363232,43.154374521
20251466754,20250202,Property Damage Only,-91.8097854746,43.4133394867
20251466763,20250202,Property Damage Only,-92.6408073967,41.2178308528
20251466773,20250201,Property Damage Only,-93.7189721822,41.4150085166
20251466775,20250131,Property Damage Only,-94.2144112728,41.5179959121
20251466795,20250203,Property Damage Only,-91.4433309619,40.4576904617
20251466804,20250130,Property Damage Only,-91.196937586,41.2474815949
20251466805,20250131,Property Damage Only,-93.5087290564,42.4479508921
20251466808,20250202,Property Damage Only,-91.2835431274,40.6481063393
20251466814,20250203,Property Damage Only,-93.4187837064,41.6001178692
20251466816,20250130,Property Damage Only,-91.3465403383,41.7455357423
20251466817,20250203,Property Damage Only,-91.2496269913,41.7258074727
20251466820,20250201,Property Damage Only,-91.371758494,40.9053388645
20251466836,20250201,Property Damage Only,-92.5443537843,42.8769938258
20251466837,20250201,Property Damage Only,-92.1624058587,42.6821218125
20251466847,20250203,Property Damage Only,-95.8031146797,41.0463823111
20251466859,20250202,Property Damage Only,-93.1162369833,40.6584374571
20251466877,20250131,Property Damage Only,-92.9416425536,41.3887580749
20251466880,20250124,Property Damage Only,-94.5498235783,42.5169412905
20251466883,20250129,Property Damage Only,-91.8957983963,41.7661878752
20251466886,20250203,Property Damage Only,-91.6260118604,42.9362567315
20251466888,20250201,Property Damage Only,-94.8272275766,40.9799040378
20251466889,20250131,Property Damage Only,-93.0920366304,40.7465193587
20251466901,20250204,Property Damage Only,-91.1588797481,40.7987534967
20251466911,20250203,Property Damage Only,-93.5590615599,41.4399467343
20251466923,20250203,Property Damage Only,-96.2679275568,42.6814983415
20251466930,20250203,Property Damage Only,-92.4834581595,41.3188672237
20251466933,20250201,Property Damage Only,-92.3103819503,41.0024316944
20251466934,20250202,Property Damage Only,-92.6178476008,41.1451980933
20251466943,20250110,Property Damage Only,-93.6203911203,41.6738041523
20251466963,20250204,Property Damage Only,-96.0567585151,43.0187299342
20251466972,20250203,Property Damage Only,-91.2568098375,40.832865615
20251466973,20250204,Property Damage Only,-91.0316307359,40.9870016366
20251466976,20250124,Property Damage Only,-93.9180551053,41.8329817883
20251466983,20250204,Property Damage Only,-91.1480134247,40.8144063312
20251466985,20250203,Property Damage Only,-91.8416071971,41.5963685332
20251466987,20250129,Property Damage Only,-94.6214432091,42.0470411811
20251467001,20250204,Property Damage Only,-91.9785784972,41.2364432677
20251467004,20250204,Property Damage Only,-90.6089380617,42.0487038201
20251467026,20250202,Property Damage Only,-92.0449162822,40.9880796041
20251467027,20250204,Property Damage Only,-91.5448879013,41.0416097673
20251467034,20250204,Property Damage Only,-90.5817599882,42.1324724542
20251467047,20250204,Property Damage Only,-93.6786654309,42.0665406703
20251467063,20250203,Property Damage Only,-91.418256023,40.6319150221
20251467090,20250131,Property Damage Only,-93.0514150176,42.419321516
20251467096,20250204,Property Damage Only,-91.3818119,40.6241673491
20251467139,20250116,Property Damage Only,-93.3941308891,42.4481050218
20251467142,20250119,Property Damage Only,-93.2538487181,42.360728839
20251467154,20250205,Property Damage Only,-91.1806927265,41.1024057808
20251467155,20250202,Property Damage Only,-95.3450509582,42.0762927722
20251467158,20250131,Possible/Unknown Injury Crash,-92.4048366993,41.7246924796
20251467197,20250203,Property Damage Only,-92.4571477343,42.4987766837
20251467273,20250203,Property Damage Only,-90.4497520861,41.5495500994
20251467284,20250130,Property Damage Only,-93.174729437,42.2451652274
20251467295,20250204,Property Damage Only,-91.5264442581,40.7212493548
20251467300,20250206,Property Damage Only,-93.8353282197,42.3946662862
20251467328,20250205,Property Damage Only,-92.3766762602,42.6604970332
20251467342,20250201,Property Damage Only,-91.3309991887,41.277858543
20251467370,20250201,Property Damage Only,-92.9599950039,41.3816408799
20251467371,20250204,Property Damage Only,-92.9919583558,41.225921355
20251467379,20250204,Property Damage Only,-91.8715992685,41.8275771821
20251467398,20250130,Property Damage Only,-91.5630886905,40.667850865
20251467445,20250205,Property Damage Only,-91.2164987706,43.0177743109
20251467487,20250206,Property Damage Only,-93.5814738317,42.0720548656
20251467496,20250207,Property Damage Only,-93.0835763712,43.227372326
20251467501,20250206,Property Damage Only,-93.7192355303,41.2640212372
20251467506,20250207,Property Damage Only,-94.6785970691,43.0013878316
20251467510,20250207,Property Damage Only,-90.3509304817,41.7521307925
20251467523,20250206,Property Damage Only,-94.0572462327,41.6884495463
20251467534,20250131,Property Damage Only,-94.5581566213,43.1119588996
20251467546,20250207,Property Damage Only,-94.3835621417,41.6889289774
20251467608,20250206,Property Damage Only,-92.9855859976,40.7394923788
20251467617,20250207,Property Damage Only,-93.9982678536,40.7245823013
20251467622,20250207,Property Damage Only,-91.4866612131,42.0196977256
20251467623,20250207,Property Damage Only,-94.698766892,43.1192411113
20251467626,20250207,Property Damage Only,-90.7700872761,41.8293207325
20251467637,20250201,Property Damage Only,-94.961292087,40.7275026065
20251467643,20250207,Property Damage Only,-93.4181310033,43.2422348776
20251467644,20250130,Property Damage Only,-94.6185241074,40.7993530898
20251467648,20250206,Property Damage Only,-93.1813873037,43.1190752197
20251467664,20250206,Property Damage Only,-91.2716098392,40.666890447
20251467666,20250207,Property Damage Only,-91.4439118738,40.4887236769
20251467685,20250206,Property Damage Only,-91.1143200786,41.0148485513
20251467691,20250208,Property Damage Only,-90.2327585362,41.8510459241
20251467699,20250208,Property Damage Only,-90.7655101498,42.1206290236
20251467708,20250208,Property Damage Only,-94.2797863815,42.516033992
20251467710,20250205,Property Damage Only,-91.4691807064,43.2403734093
20251467717,20250208,Possible/Unknown Injury Crash,-93.3157079129,43.1336415175
20251467738,20250209,Property Damage Only,-93.3863954701,41.6442496549
20251467749,20250209,Property Damage Only,-96.5813361062,42.6967169078
20251467770,20250208,Property Damage Only,-91.5018070532,41.9218619761
20251467775,20250203,Property Damage Only,-92.809997117,42.991334318
20251467776,20250209,Property Damage Only,-91.4087309735,40.9082781857
20251467777,20250209,Property Damage Only,-90.7330938175,42.2415064932
20251467780,20250209,Property Damage Only,-94.4413774406,42.0346469489
20251467781,20250209,Property Damage Only,-91.4271651732,40.9255199935
20251467783,20250209,Property Damage Only,-92.1607811652,42.5796442983
20251467796,20250210,Property Damage Only,-91.0335470667,41.4641986249
20251467799,20250209,Property Damage Only,-90.7272856023,42.4158006005
20251467829,20250207,Property Damage Only,-91.245506901,42.4707994569
20251467830,20250208,Property Damage Only,-91.4701051702,42.5687657913
20251467835,20250210,Property Damage Only,-93.6006375232,41.6928150022
20251467837,20250207,Property Damage Only,-91.7358292717,42.9084180378
20251467838,20250208,Property Damage Only,-91.6464931235,43.0082972528
20251467840,20250207,Property Damage Only,-93.0371881072,41.6426862956
20251467858,20250208,Property Damage Only,-93.8822644649,41.5763824357
20251467860,20250207,Property Damage Only,-93.434845355,41.3932116791
20251467873,20250209,Property Damage Only,-96.1828442532,42.7932548809
20251467876,20250210,Property Damage Only,-93.8408191997,41.5096429041
20251467879,20250130,Property Damage Only,-91.4260217181,40.4256918036
20251467888,20250203,Property Damage Only,-93.9181472551,42.3107543743
20251467889,20250210,Property Damage Only,-91.142113798,41.2326485301
20251467894,20250208,Property Damage Only,-94.2655131932,42.5157332298
20251467895,20250208,Property Damage Only,-96.3927744613,43.1995943933
20251467896,20250210,Property Damage Only,-92.3328561499,43.4751253609
20251467906,20250209,Property Damage Only,-93.9221225751,42.3685951728
20251467922,20250207,Property Damage Only,-92.026653532,41.0133205461
20251467924,20250208,Property Damage Only,-91.2317533565,42.2389973115
20251467957,20250210,Property Damage Only,-94.0132842341,41.3830863345
20251467975,20250210,Property Damage Only,-90.2328388804,41.8508587409
20251468003,20250128,Property Damage Only,-93.1562054562,42.1605323086
20251468009,20250210,Property Damage Only,-93.7144170995,41.0305931656
20251468017,20250203,Property Damage Only,-95.1712052549,42.6233775839
20251468027,20250211,Property Damage Only,-91.6174903219,42.0197091994
20251468036,20250210,Property Damage Only,-92.4377981686,42.7155760448
20251468040,20250210,Property Damage Only,-92.3799231308,41.0248066309
20251468042,20250207,Property Damage Only,-91.7907347433,40.9929266743
20251468052,20250211,Property Damage Only,-92.3990283231,40.8016370287
20251468070,20250210,Property Damage Only,-92.3295895662,42.8928494832
20251468071,20250208,Property Damage Only,-92.3371517947,42.6941089991
20251468072,20250209,Property Damage Only,-92.3956824705,42.6495670246
20251468081,20250201,Property Damage Only,-95.2429914302,42.6556729905
20251468089,20250211,Property Damage Only,-92.3993640363,40.8564190652
20251468107,20250208,Property Damage Only,-92.0907911825,43.0908883903
20251468114,20250207,Property Damage Only,-94.3180799397,41.3235221249
20251468122,20250211,Property Damage Only,-95.2327887026,40.9931883984
20251468127,20250211,Property Damage Only,-95.6044304192,42.79352975
20251468130,20250210,Property Damage Only,-92.065149197,41.53802847
20251468163,20250207,Property Damage Only,-93.5501173617,42.0231057513
20251468177,20250211,Property Damage Only,-96.2687069919,42.2728829436
20251468192,20250102,Property Damage Only,-93.5893456015,42.8633080239
20251468221,20250207,Property Damage Only,-92.9168803105,41.9329218621
20251468297,20250127,Property Damage Only,-91.5343991719,42.6949708508
20251468334,20250207,Property Damage Only,-92.426624298,42.5654059693
20251468394,20250213,Property Damage Only,-93.9869822401,42.5153728313
20251468418,20250212,Property Damage Only,-96.3763927511,42.4499067068
20251468428,20250211,Property Damage Only,-93.0366354177,41.6421010031
20251468430,20250213,Property Damage Only,-93.6885503885,41.7769157434
20251468432,20250212,Property Damage Only,-91.0977216286,42.0628754877
20251468475,20250211,Property Damage Only,-90.5857278239,42.3944983748
20251468476,20250211,Property Damage Only,-90.584282746,42.3935313645
20251468502,20250211,Property Damage Only,-91.4088833265,40.9088567927
20251468532,20250212,Property Damage Only,-96.4712768865,43.2285515665
20251468621,20250203,Property Damage Only,-90.6111029515,41.5244669989
20251468634,20250212,Property Damage Only,-94.5022455771,41.6631922847
20251468647,20250213,Property Damage Only,-95.4974169012,42.7487391173
20251468669,20250213,Property Damage Only,-94.1812072567,42.7102343619
20251468703,20250212,Property Damage Only,-92.7744146534,40.6538072611
20251468715,20250214,Property Damage Only,-95.1608738746,43.1189275009
20251468731,20250214,Property Damage Only,-91.1686328074,42.2499482875
20251468739,20250127,Property Damage Only,-91.8091791334,43.2960326571
20251468741,20250131,Property Damage Only,-91.8131788646,43.326797523
20251468770,20250214,Property Damage Only,-91.309879949,42.4233348875
20251468774,20250211,Property Damage Only,-92.9083542144,42.074725243
20251468782,20250214,Property Damage Only,-93.807423763,42.4338258848
20251468800,20250211,Property Damage Only,-91.2673112626,40.7396563323
20251468887,20250214,Suspected Minor Injury Crash,-95.8059270723,41.2815641858
20251468901,20250213,Property Damage Only,-93.2022448417,42.7812655135
20251468905,20250207,Property Damage Only,-91.5972004799,41.7585523926
20251468917,20250214,Property Damage Only,-91.5750114156,41.9764363564
20251468958,20250123,Property Damage Only,-93.6589263282,42.0056633584
20251468962,20250213,Property Damage Only,-95.6849907013,42.6332655186
20251468963,20250214,Property Damage Only,-95.558065327,42.6339476905
20251468970,20250214,Property Damage Only,-91.2155001789,42.8724203503
20251468978,20250215,Property Damage Only,-92.7323482391,43.1435613118
20251469019,20250211,Property Damage Only,-92.4216332482,42.5201088688
20251469038,20250211,Property Damage Only,-91.3298853468,40.6924937112
20251469077,20250215,Property Damage Only,-90.5513539307,41.5906582913
20251469081,20250214,Property Damage Only,-92.0803048067,43.382789143
20251469103,20250215,Property Damage Only,-92.0651323191,41.5233825302
20251469108,20250215,Property Damage Only,-91.400064506,41.9038632489
20251469176,20250213,Property Damage Only,-91.1368567353,40.8559057334
20251469184,20250216,Property Damage Only,-92.04552213,41.5830113498
20251469212,20250211,Property Damage Only,-91.0745618764,42.6609126749
20251469224,20250217,Property Damage Only,-91.1750812464,41.5238697696
20251469251,20250216,Property Damage Only,-94.2176131407,41.0459855346
20251469253,20250214,Property Damage Only,-91.4107241297,40.6304153083
20251469275,20250216,Property Damage Only,-94.7581334646,41.4222400557
20251469321,20250208,Property Damage Only,-93.3485691727,43.316603174
20251469343,20250213,Property Damage Only,-92.064893048,42.2637856033
20251469369,20250217,Property Damage Only,-95.317162551,41.9798575659
20251469388,20250217,Property Damage Only,-90.4987232313,42.2154604019
20251469405,20250215,Property Damage Only,-91.0734940407,42.3293956808
20251469447,20250218,Property Damage Only,-93.4697141758,41.4895540463
20251469456,20250218,Property Damage Only,-91.1325452836,41.7368071298
20251469481,20250210,Property Damage Only,-91.8567739515,42.8468789584
20251469482,20250213,Property Damage Only,-91.8387936141,43.0673660959
20251469497,20250214,Property Damage Only,-91.8787392682,42.4687847068
20251469501,20250217,Property Damage Only,-91.2856517808,41.7287825194
20251469561,20250217,Property Damage Only,-92.9816747819,41.3072427842
20251469565,20250213,Property Damage Only,-92.4440300018,42.7411730362
20251469607,20250218,Property Damage Only,-92.009233689,42.1556941159
20251469613,20250210,Property Damage Only,-93.8924285479,42.0346625895
20251469636,20250218,Property Damage Only,-92.6318419973,42.4567019964
20251469659,20250218,Property Damage Only,-96.3226660978,42.4878749439
20251469660,20250211,Property Damage Only,-91.8055417249,43.34894097
20251469664,20250217,Property Damage Only,-91.9141072613,41.7691365053
20251469735,20250219,Property Damage Only,-95.8279134313,41.216990291
20251469746,20250219,Property Damage Only,-94.1897949727,41.5630998589
20251469774,20250219,Property Damage Only,-90.1988825784,41.9481785448
20251469804,20250219,Property Damage Only,-91.6967934511,42.1450230649
20251469807,20250219,Property Damage Only,-93.0739923176,41.7059349249
20251469808,20250218,Property Damage Only,-91.3145377209,40.9457722849
20251469820,20250219,Property Damage Only,-90.6340944484,42.4351846835
20251469821,20250219,Property Damage Only,-90.7360805781,42.4111838583
20251469859,20250220,Suspected Minor Injury Crash,-93.6434092509,42.7894795176
20251469875,20250219,Property Damage Only,-91.9632821994,40.9713309515
20251469891,20250219,Property Damage Only,-93.483754636,41.6391703892
20251469910,20250220,Property Damage Only,-94.2423835561,42.0664335936
20251469944,20250220,Property Damage Only,-93.6629875244,41.7226188418
20251469945,20250220,Property Damage Only,-91.347555066,41.5894453693
20251469950,20250220,Property Damage Only,-91.1962915284,42.7840682035
20251469952,20250217,Property Damage Only,-92.4358041586,43.2324319634
20251469953,20250220,Property Damage Only,-91.1606902578,42.7167558518
20251469955,20250220,Property Damage Only,-93.850668622,42.001475396
20251469956,20250220,Property Damage Only,-93.9452296606,42.0342939177
20251469969,20250219,Property Damage Only,-94.0135706854,41.603591272
20251469974,20250215,Property Damage Only,-91.3548147077,41.7695401088
20251469982,20250221,Property Damage Only,-90.789132591,42.4859916388
20251469983,20250221,Property Damage Only,-90.8249721523,42.6295005744
20251469985,20250213,Property Damage Only,-94.0280613729,41.7300742861
20251470028,20250220,Property Damage Only,-92.4743591787,42.7737898782
20251470076,20250221,Property Damage Only,-90.1988792764,41.9432974335
20251470090,20250221,Property Damage Only,-92.3172710661,42.9547772342
20251470097,20250221,Property Damage Only,-91.222643071,41.4149821688
20251470125,20250221,Property Damage Only,-90.2786122974,41.7868772472
20251470136,20250222,Property Damage Only,-96.0371196314,42.9974811308
20251470143,20250222,Property Damage Only,-90.567023413,41.6815402332
20251470150,20250221,Property Damage Only,-93.6257679753,41.4557446113
20251470156,20250222,Property Damage Only,-90.359037579,42.1847888789
20251470176,20250221,Property Damage Only,-92.0653682448,41.7571364764
20251470182,20250223,Property Damage Only,-93.6898039964,41.5193309302
20251470192,20250222,Property Damage Only,-94.2160679457,42.5051916557
20251470218,20250223,Property Damage Only,-93.6833398945,41.7768838053
20251470226,20250223,Property Damage Only,-93.5289201951,41.5253536271
20251470228,20250223,Property Damage Only,-94.3533853505,41.6422543485
20251470236,20250222,Property Damage Only,-92.1170605011,41.4531754174
20251470237,20250223,Property Damage Only,-91.4154027485,40.8998666236
20251470241,20250222,Property Damage Only,-92.2187924314,41.3662323892
20251470250,20250223,Property Damage Only,-93.815918445,41.2570622303
20251470264,20250223,Property Damage Only,-92.9083450411,42.0726987618
20251470270,20250223,Property Damage Only,-90.6685402191,41.4671849814
20251470273,20250223,Property Damage Only,-93.7059619357,41.5382923766
20251470281,20250221,Property Damage Only,-90.6924904678,42.4111697964
20251470284,20250223,Property Damage Only,-90.9502604515,42.3154518507
20251470287,20250223,Property Damage Only,-93.5571617712,42.1076970388
20251470288,20250224,Property Damage Only,-93.6785505996,42.0012348711
20251470291,20250220,Property Damage Only,-91.3820955503,40.6241713241
20251470323,20250223,Property Damage Only,-91.19959508,42.1350727943
20251470324,20250223,Property Damage Only,-91.3259144783,42.1553672709
20251470328,20250221,Property Damage Only,-91.3614073179,41.2860958084
20251470329,20250222,Property Damage Only,-91.391918935,41.2811938266
20251470335,20250223,Property Damage Only,-92.5724939646,41.4815579242
20251470355,20250219,Property Damage Only,-94.2857705946,42.7716500877
20251470361,20250219,Property Damage Only,-93.4123488541,42.4483651467
20251470386,20250223,Property Damage Only,-91.1848788725,42.2409666324
20251470398,20250222,Property Damage Only,-95.1164166972,43.1254136034
20251470444,20250224,Property Damage Only,-90.4166309863,41.7137851168
20251470458,20250224,Property Damage Only,-91.1583390211,40.8551518692
20251470466,20250224,Property Damage Only,-91.8134208969,42.1922563427
20251470475,20250223,Property Damage Only,-90.8475416165,42.5166234021
20251470477,20250221,Property Damage Only,-93.5877202429,42.1659601304
20251470481,20250221,Property Damage Only,-93.1272870129,43.2842596622
20251470487,20250225,Property Damage Only,-91.2772968285,42.0784650511
20251470509,20250221,Property Damage Only,-91.2371774797,42.0861772594
20251470510,20250225,Property Damage Only,-92.6142873402,41.5760219792
20251470524,20250225,Property Damage Only,-93.7706697403,41.813781848
20251470533,20250214,Property Damage Only,-96.0619796897,41.8093664495
20251470538,20250223,Property Damage Only,-93.5661295565,41.6536200091
20251470549,20250223,Property Damage Only,-92.4431105765,42.4197275427
20251470566,20250218,Property Damage Only,-91.3937908621,40.6280099889
20251470567,20250218,Property Damage Only,-91.4085713305,40.6299532578
20251470568,20250224,Property Damage Only,-91.3888909279,40.6292028784
20251470605,20250221,Property Damage Only,-90.6452833778,41.5019895986
20251470609,20250225,Property Damage Only,-93.7804754712,41.4180035573
20251470614,20250222,Property Damage Only,-92.2235087922,42.3457990444
20251470617,20250225,Property Damage Only,-90.4329524434,41.5895870986
20251470628,20250225,Property Damage Only,-92.4243006538,43.1985259039
20251470632,20250225,Property Damage Only,-93.8091460302,41.5767941729
20251470645,20250226,Property Damage Only,-91.7170857687,42.1247716358
20251470647,20250226,Property Damage Only,-94.1548849359,41.3302656422
20251470649,20250225,Property Damage Only,-91.5334229829,42.699100804
20251470653,20250224,Property Damage Only,-91.5668077422,43.1833428108
20251470660,20250226,Property Damage Only,-90.1930025285,42.037792948
20251470672,20250225,Property Damage Only,-93.7961939753,42.326444994
20251470673,20250226,Property Damage Only,-91.2150571238,41.3708381621
20251470681,20250221,Property Damage Only,-92.4552873429,42.7252424058
20251470699,20250226,Suspected Minor Injury Crash,-93.9242492466,42.0487670786
20251470707,20250223,Property Damage Only,-91.46706752,41.6160234509
20251470708,20250217,Property Damage Only,-94.2265618112,42.6762214653
20251470709,20250218,Property Damage Only,-94.1312024215,42.8029538087
20251470715,20250223,Property Damage Only,-93.2218504602,43.1044790054
20251470723,20250223,Property Damage Only,-91.9801619219,41.7749658694
20251470737,20250215,Property Damage Only,-96.1524441226,42.0515101539
20251470740,20250226,Property Damage Only,-93.2385463911,41.2471402815
20251470742,20250226,Property Damage Only,-93.6593650729,42.0679951505
20251470760,20250226,Property Damage Only,-91.7268470293,42.5993646159
20251470771,20250225,Property Damage Only,-91.1741720852,41.5361676928
20251470773,20250226,Property Damage Only,-95.1499779038,43.3341472494
20251470778,20250226,Property Damage Only,-95.3821685803,41.4975421812
20251470780,20250224,Property Damage Only,-93.7998542849,41.6005031129
20251470783,20250226,Property Damage Only,-91.0744687626,42.660767026
20251470785,20250226,Property Damage Only,-90.5379899106,41.727411411
20251470786,20250226,Property Damage Only,-91.5499309961,41.9838497296
20251470788,20250226,Property Damage Only,-90.7657269975,41.4778601638
20251470791,20250226,Property Damage Only,-95.8791095846,41.2233040317
20251470814,20250226,Property Damage Only,-93.0515746497,42.436126628
20251470815,20250226,Property Damage Only,-96.1550863988,42.5900817551
20251470817,20250226,Property Damage Only,-92.1491099046,43.3710577489
20251470824,20250226,Property Damage Only,-92.6463572653,41.3279772501
20251470843,20250227,Property Damage Only,-90.8638434184,41.9125192609
20251470860,20250226,Property Damage Only,-92.8625466423,42.0928366923
20251470865,20250201,Property Damage Only,-94.698758035,43.1051489717
20251470873,20250201,Property Damage Only,-94.6987421668,43.0965767687
20251470878,20250225,Property Damage Only,-91.6021273812,42.0444976692
20251470905,20250215,Property Damage Only,-96.1668261616,42.0690790948
20251470908,20250225,Property Damage Only,-91.3298939823,40.6916740954
20251470914,20250225,Possible/Unknown Injury Crash,-90.6684689529,41.5382720686
20251470919,20250214,Property Damage Only,-93.2022465784,42.7742862967
20251470921,20250227,Property Damage Only,-91.7422779343,41.7587642637
20251470951,20250227,Property Damage Only,-93.201191302,43.1230943163
20251470952,20250227,Property Damage Only,-92.0453935372,41.7892348937
20251470957,20250227,Property Damage Only,-91.2182632285,43.0170183875
20251470958,20250227,Property Damage Only,-91.3828594124,42.7363725189
20251470960,20250227,Property Damage Only,-91.1097557285,40.8506365226
20251470961,20250228,Property Damage Only,-93.2011538733,40.7465158975
20251470962,20250227,Property Damage Only,-95.2821834865,41.0297176547
20251470967,20250228,Property Damage Only,-95.8326613309,41.1492799337
20251470980,20250225,Property Damage Only,-92.9584763877,42.0535888918
20251470985,20250227,Property Damage Only,-91.2943951931,42.4188187923
20251470997,20250225,Property Damage Only,-95.4270724494,40.7718064275
20251471003,20250228,Property Damage Only,-93.9127567107,41.8270885312
20251471033,20250225,Property Damage Only,-92.0817668264,42.7472255012
20251471040,20250224,Property Damage Only,-92.2106694336,42.8475694548
20251471041,20250225,Property Damage Only,-92.3952169852,42.7654835096
20251471044,20250223,Property Damage Only,-94.62205441,40.674964583
20251471050,20250224,Property Damage Only,-91.1635938822,40.8714947118
20251471051,20250227,Property Damage Only,-91.1659867831,40.8737937462
20251471064,20250228,Property Damage Only,-91.4572628131,41.1190347216
20251471069,20250228,Property Damage Only,-91.7102780538,42.0917864225
20251471097,20250221,Property Damage Only,-92.9503327871,42.7448981589
20251471108,20250223,Property Damage Only,-95.3731229376,41.3181102706
20251471110,20250301,Property Damage Only,-90.2353208893,41.873757069
20251471111,20250228,Property Damage Only,-93.432068302,43.2135300851
20251471129,20250228,Property Damage Only,-91.0753586749,42.7030882912
20251471172,20250227,Property Damage Only,-95.8011354182,43.0289780172
20251471206,20250301,Property Damage Only,-94.2272745003,42.6131754847
20251471209,20250301,Property Damage Only,-94.8866629339,40.6143182435
20251471218,20250228,Property Damage Only,-91.699351005,41.5908748992
20251471227,20250228,Property Damage Only,-91.2426029287,40.8323797757
20251471232,20250228,Property Damage Only,-93.5775826186,41.3538150445
20251471257,20250228,Property Damage Only,-94.452141393,43.4871369914
20251471284,20250301,Property Damage Only,-93.2850624685,41.8271189384
20251471289,20250228,Property Damage Only,-92.0905202462,41.8627003327
20251471304,20250226,Property Damage Only,-91.5384919537,41.175634953
20251471324,20250302,Property Damage Only,-92.1690607828,40.8877891844
20251471333,20250302,Property Damage Only,-94.3846483601,41.6885916469
20251471340,20250302,Property Damage Only,-95.7830952018,41.2828843825
20251471345,20250221,Property Damage Only,-92.6527264666,43.0385569224
20251471349,20250302,Property Damage Only,-92.8931376018,42.0006507557
20251471376,20250301,Property Damage Only,-95.3658712861,40.8743571092
20251471380,20250219,Property Damage Only,-92.7962203628,41.702229265
20251471388,20250303,Property Damage Only,-92.9026575919,41.7591133757
20251471390,20250217,Property Damage Only,-91.807281885,43.2814615916
20251471391,20250228,Property Damage Only,-91.8252551823,43.3855769744
20251471396,20250221,Property Damage Only,-93.2022409661,42.7913425894
20251471420,20250301,Property Damage Only,-93.9144064927,41.5189893669
20251471426,20250303,Property Damage Only,-93.2354029953,42.295707814
20251471428,20250222,Property Damage Only,-96.1372324406,43.1425888999
20251471430,20250301,Suspected Minor Injury Crash,-96.3935838572,43.2263745326
20251471448,20250226,Property Damage Only,-91.3555632318,41.3157545015
20251471449,20250225,Property Damage Only,-92.0335903738,42.7148778837
20251471452,20250225,Possible/Unknown Injury Crash,-93.8157165708,41.8645844806
20251471454,20250302,Property Damage Only,-95.2425473635,42.6555376077
20251471456,20250223,Property Damage Only,-93.5998288609,42.005780234
20251471457,20250223,Property Damage Only,-93.597921998,42.0058982617
20251471463,20250227,Property Damage Only,-94.1890529722,42.731658005
20251471478,20250225,Property Damage Only,-91.930302934,43.1473114081
20251471479,20250215,Property Damage Only,-91.5022725646,41.5583207481
20251471480,20250219,Property Damage Only,-91.3066680588,43.1632731725
20251471487,20250303,Property Damage Only,-90.5796154813,42.1852451074
20251471493,20250303,Property Damage Only,-90.5099911246,42.0929237904
20251471495,20250302,Property Damage Only,-90.9699306944,41.4568784013
20251471516,20250303,Property Damage Only,-91.4817227147,41.9180135456
20251471517,20250303,Property Damage Only,-91.4733001465,41.9177397308
20251471518,20250303,Property Damage Only,-91.4657634907,42.0504468564
20251471520,20250303,Property Damage Only,-91.242768896,40.8323823045
20251471522,20250303,Property Damage Only,-94.9248427429,43.1815373994
20251471532,20250303,Property Damage Only,-93.6786430883,42.0599030103
20251471536,20250303,Property Damage Only,-93.6571234359,42.0522286002
20251471541,20250301,Property Damage Only,-93.052236002,41.3171859534
20251471542,20250303,Property Damage Only,-93.0283570498,41.2455102598
20251471543,20250303,Property Damage Only,-91.4418153137,40.5099824971
20251471544,20250303,Property Damage Only,-91.3302634078,40.6441523073
20251471545,20250303,Property Damage Only,-91.443113316,40.4563902977
20251471552,20250303,Property Damage Only,-90.5739194294,42.3850275168
20251471553,20250304,Property Damage Only,-93.5646482273,41.4851008609
20251471556,20250304,Property Damage Only,-92.6651481148,43.0389271256
20251471558,20250224,Property Damage Only,-92.4971279901,42.7183914514
20251471559,20250303,Property Damage Only,-92.4756329049,42.7169622452
20251471566,20250304,Property Damage Only,-92.5766082074,42.5423641333
20251471572,20250304,Property Damage Only,-94.6235003949,40.6321371559
20251471573,20250302,Property Damage Only,-92.2976834186,43.2544221619
20251471576,20250304,Property Damage Only,-94.8562627712,43.284339964
20251471582,20250226,Property Damage Only,-90.5910716308,42.3999419914
20251471583,20250304,Suspected Minor Injury Crash,-93.2901986579,42.3326335944
20251471590,20250304,Property Damage Only,-96.1734375861,43.0264461009
20251471595,20250302,Property Damage Only,-94.0276795506,41.7212058745
20251471625,20250303,Property Damage Only,-93.6836990974,41.4562255566
20251471635,20250224,Property Damage Only,-90.9895978932,41.4841182606
20251471636,20250303,Property Damage Only,-93.4471277229,43.1346262096
20251471658,20250303,Property Damage Only,-90.5497300999,41.6110589859
20251471677,20250304,Property Damage Only,-90.5335579288,42.2458071838
20251471682,20250303,Property Damage Only,-91.0755345993,42.6626039937
20251471684,20250303,Property Damage Only,-92.8893429704,40.6963877604
20251471685,20250305,Property Damage Only,-91.4877688805,41.9178141476
20251471691,20250223,Property Damage Only,-91.5824420082,42.0163455694
20251471715,20250305,Property Damage Only,-91.1413071379,40.8308097872
20251471738,20250304,Property Damage Only,-92.3577735395,41.7034886779
20251471739,20250224,Property Damage Only,-92.7329411671,42.3573755827
20251471791,20250228,Property Damage Only,-91.1326810621,41.7155178662
20251471815,20250305,Property Damage Only,-91.6450584383,41.6145126147
20251471830,20250301,Property Damage Only,-92.547318555,43.2988776665
20251471833,20250110,Property Damage Only,-93.7244137984,41.567451288
20251471834,20250116,Property Damage Only,-93.7236049153,41.5680508607
20251471840,20250303,Property Damage Only,-91.1137917677,40.8584853085
20251471841,20250303,Property Damage Only,-91.1467360979,40.7806333691
20251471857,20250306,Property Damage Only,-93.6170086028,42.8224403273
20251471871,20250305,Property Damage Only,-91.2773629446,40.6704265625
20251471887,20250305,Property Damage Only,-90.9386254,42.510527069
20251471888,20250305,Property Damage Only,-90.7257000821,42.4162914509
20251471962,20250302,Property Damage Only,-92.810561227,40.7380676027
20251471970,20250306,Property Damage Only,-91.3465733111,41.6931443956
20251471971,20250306,Property Damage Only,-91.6337695836,41.7823115732
20251471972,20250305,Property Damage Only,-91.5253839357,41.6251088211
20251471994,20250306,Property Damage Only,-90.5345241719,41.7642530988
20251472003,20250306,Property Damage Only,-90.488991983,41.5897987375
20251472004,20250306,Property Damage Only,-91.0997273068,41.4855047446
20251472011,20250306,Property Damage Only,-90.5051739871,42.2534419198
20251472015,20250307,Property Damage Only,-90.7119929649,42.5197234141
20251472036,20250306,Property Damage Only,-93.6344067639,41.9503475898
20251472047,20250306,Property Damage Only,-93.1030327628,41.6991752216
20251472060,20250307,Property Damage Only,-93.6988003841,41.4609718035
20251472071,20250307,Property Damage Only,-92.5175479673,42.847526781
20251472136,20250215,Property Damage Only,-96.1568225887,42.0564776044
20251472142,20250306,Property Damage Only,-92.9055446913,43.1191799999
20251472190,20250306,Property Damage Only,-93.1096764847,41.3570857322
20251472192,20250306,Property Damage Only,-91.8416648979,43.2842462027
20251472222,20250306,Property Damage Only,-92.2771313572,41.7319853184
20251472225,20250307,Property Damage Only,-93.8482358938,42.0346734729
20251472226,20250306,Property Damage Only,-91.8562232667,41.7591175991
20251472254,20250305,Property Damage Only,-90.7383219485,42.4100214019
20251472264,20250307,Property Damage Only,-91.2456106054,40.6951800041
20251472283,20250307,Property Damage Only,-91.8999451999,41.7671103292
20251472294,20250307,Property Damage Only,-91.8503885429,41.7591494284
20251472304,20250308,Property Damage Only,-92.5956580563,42.9930110913
20251472309,20250308,Property Damage Only,-92.3445744386,41.9645861569
20251472310,20250305,Property Damage Only,-92.4458565166,42.4998483751
20251472313,20250308,Property Damage Only,-92.2988858757,42.2236299385
20251472320,20250308,Property Damage Only,-90.7271371883,42.5244104653
20251472323,20250308,Property Damage Only,-91.5549644996,41.958767328
20251472324,20250308,Property Damage Only,-91.5546512663,41.9587453715
20251472328,20250309,Property Damage Only,-95.8645421512,42.1992045596
20251472329,20250307,Property Damage Only,-91.5791158638,42.0171060023
20251472331,20250308,Property Damage Only,-93.7316408907,41.4978510579
20251472333,20250309,Property Damage Only,-90.9686679114,41.4984674462
20251472339,20250308,Property Damage Only,-90.6751084518,41.7346370978
20251472341,20250308,Property Damage Only,-94.0770519053,41.046331109
20251472345,20250303,Property Damage Only,-92.6456338576,41.2850351491
20251472351,20250309,Property Damage Only,-94.3673098671,41.8715456407
20251472375,20250308,Property Damage Only,-90.5513549515,41.5906312941
20251472385,20250309,Property Damage Only,-91.9103303907,42.6612336712
20251472387,20250225,Property Damage Only,-92.4951100804,42.5421871357
20251472395,20250308,Property Damage Only,-91.4736806132,43.2466106404
20251472412,20250309,Property Damage Only,-91.1267824639,41.4169646405
20251472415,20250309,Property Damage Only,-93.9149961444,41.9562809974
20251472418,20250309,Property Damage Only,-92.2461992577,42.9650473262
20251472420,20250309,Property Damage Only,-90.6758100854,42.1180807986
20251472424,20250309,Property Damage Only,-91.2426958107,40.82706654
20251472429,20250309,Property Damage Only,-93.305587841,42.9801158712
20251472431,20250309,Property Damage Only,-92.1313097831,41.3371413726
20251472438,20250310,Property Damage Only,-91.4219420896,40.9204222276
20251472444,20250310,Property Damage Only,-92.2587398943,42.5222779798
20251472445,20250308,Property Damage Only,-92.4494535867,42.7399024489
20251472448,20250310,Property Damage Only,-90.6837886956,42.5269280338
20251472449,20250307,Property Damage Only,-93.442488413,41.258904868
20251472458,20250307,Property Damage Only,-92.8571996332,41.7096350017
20251472459,20250307,Property Damage Only,-92.8571996332,41.7096350017
20251472460,20250309,Property Damage Only,-91.2536691119,42.0989479444
20251472461,20250310,Property Damage Only,-90.9249781506,42.0669598059
20251472486,20250309,Property Damage Only,-91.9374367148,43.2840954964
20251472488,20250309,Property Damage Only,-93.4777775329,41.4913493431
20251472492,20250310,Property Damage Only,-92.5927689744,42.990245292
20251472497,20250307,Property Damage Only,-92.2369825683,41.0311284172
20251472498,20250307,Property Damage Only,-92.404481376,40.9579152499
20251472504,20250310,Property Damage Only,-94.6787518589,43.1775172027
20251472506,20250307,Property Damage Only,-91.2673719198,42.0980029376
20251472517,20250302,Property Damage Only,-92.2986188877,42.363601737
20251472518,20250308,Property Damage Only,-92.2123882743,41.8267448837
20251472538,20250307,Property Damage Only,-91.2800829979,41.0894126366
20251472544,20250308,Property Damage Only,-92.003693836,42.9647332098
20251472549,20250310,Property Damage Only,-91.3225890691,41.7864296857
20251472551,20250309,Property Damage Only,-92.7608512377,41.291214229
20251472552,20250309,Property Damage Only,-92.6514507444,41.4595577908
20251472567,20250310,Property Damage Only,-91.8561871855,41.7591172398
20251472574,20250306,Property Damage Only,-92.2978024688,41.9345965882
20251472577,20250310,Property Damage Only,-96.1926438818,42.7722268183
20251472580,20250308,Property Damage Only,-93.9437240117,41.3804171711
20251472581,20250310,Property Damage Only,-91.2228703107,41.41498568
20251472587,20250302,Property Damage Only,-93.017043542,42.0228735995
20251472588,20250309,Property Damage Only,-93.6052088569,41.3563393341
20251472599,20250310,Property Damage Only,-93.356057919,43.1775567078
20251472600,20250310,Property Damage Only,-93.356057919,43.1775567078
20251472609,20250309,Property Damage Only,-93.2108288714,43.2124228057
20251472620,20250308,Property Damage Only,-92.922395696,41.4705894285
20251472621,20250308,Property Damage Only,-92.9623041487,41.4214282672
20251472623,20250310,Property Damage Only,-95.8196024115,41.0975697005
20251472628,20250304,Property Damage Only,-91.9697580681,42.1469975793
20251472633,20250302,Property Damage Only,-91.8655506553,43.0976116098
20251472645,20250308,Property Damage Only,-95.0734851417,41.6677237381
20251472654,20250309,Suspected Minor Injury Crash,-91.1701151859,41.0235486807
20251472659,20250310,Suspected Minor Injury Crash,-91.5294205318,42.2277287477
20251472663,20250310,Property Damage Only,-91.604523433,42.893006754
20251472664,20250305,Property Damage Only,-90.3835787118,42.2053976791
20251472671,20250310,Property Damage Only,-92.83007406,40.8796400461
20251472672,20250310,Property Damage Only,-95.20057544,41.1737627848
20251472675,20250310,Property Damage Only,-90.9680632242,41.5970169475
20251472676,20250311,Property Damage Only,-91.0383077582,41.5342087517
20251472679,20250310,Property Damage Only,-93.7896977742,41.6296394684
20251472681,20250311,Property Damage Only,-92.3475990801,42.2410652406
20251472686,20250306,Property Damage Only,-90.8758686162,42.4831840736
20251472689,20250310,Property Damage Only,-91.0712246808,42.4642339484
20251472690,20250310,Property Damage Only,-91.1169209774,42.4443444313
20251472692,20250311,Property Damage Only,-93.6101641971,41.9816060245
20251472696,20250311,Property Damage Only,-90.602474169,42.018174369
20251472699,20250309,Property Damage Only,-91.8386967394,43.2841260583
20251472700,20250311,Property Damage Only,-92.052714656,43.3477617607
20251472702,20250311,Property Damage Only,-93.8000341381,41.3570234229
20251472711,20250310,Property Damage Only,-95.0531540906,42.3256751503
20251472712,20250311,Property Damage Only,-93.8824588429,41.577443794
20251472714,20250311,Property Damage Only,-90.4324620666,41.6917150059
20251472715,20250311,Property Damage Only,-90.6983340444,41.538135482
20251472716,20250308,Property Damage Only,-94.9364013164,41.4972773628
20251472719,20250228,Property Damage Only,-96.1543805656,43.4329578952
20251472722,20250311,Property Damage Only,-91.1189160944,41.4415963689
20251472723,20250311,Property Damage Only,-93.6102973088,42.7457683739
20251472737,20250310,Property Damage Only,-95.151730874,42.6449342437
20251472739,20250309,Suspected Minor Injury Crash,-92.5457833374,42.8857526155
20251472740,20250311,Property Damage Only,-91.0383257072,41.5332183151
20251472748,20250309,Property Damage Only,-91.2774767952,41.0898240709
20251472806,20250306,Property Damage Only,-93.1223975452,43.0828996763
20251472812,20250310,Property Damage Only,-92.3578308308,41.7134327929
20251472816,20250311,Property Damage Only,-90.4203164489,41.7547373398
20251472830,20250310,Property Damage Only,-90.7429466984,41.4772170559
20251472836,20250311,Property Damage Only,-91.813060839,42.1920815001
20251472837,20250311,Property Damage Only,-91.2799842572,42.9336325836
20251472838,20250311,Property Damage Only,-90.7287917913,42.0550479844
20251472843,20250311,Property Damage Only,-91.4885162914,41.9178239903
20251472844,20250311,Property Damage Only,-92.8300793294,40.872937784
20251472845,20250311,Property Damage Only,-92.8384082237,40.6340771852
20251472860,20250312,Property Damage Only,-91.0751905626,42.7097132477
20251472873,20250310,Property Damage Only,-94.4380035929,42.8030145946
20251472874,20250312,Property Damage Only,-93.9188111771,42.0546109079
20251472878,20250311,Property Damage Only,-93.6099244924,41.927369046
20251472879,20250311,Property Damage Only,-93.6593988139,42.0747588331
20251472882,20250311,Property Damage Only,-93.9149939338,42.0496698369
20251472889,20250311,Property Damage Only,-91.5501367092,42.065683791
20251472898,20250311,Property Damage Only,-93.2018647106,42.9837407185
20251472900,20250306,Property Damage Only,-92.2353894865,42.3632335159
20251472904,20250312,Property Damage Only,-90.6213512762,42.0120020769
20251472915,20250312,Property Damage Only,-91.5914939018,41.6795109983
20251472922,20250306,Property Damage Only,-92.2792497175,42.2252554433
20251472947,20250311,Property Damage Only,-95.8602899275,41.5706738571
20251472954,20250310,Property Damage Only,-96.3347553369,43.3894975463
20251472970,20250310,Property Damage Only,-91.6362793155,41.1488837998
20251472972,20250312,Property Damage Only,-91.4676106394,42.0505165701
20251472975,20250311,Possible/Unknown Injury Crash,-94.7659239738,40.8564986799
20251472979,20250312,Property Damage Only,-91.38403485,42.8687463909
20251472984,20250312,Property Damage Only,-90.9937528622,41.4639705542
20251473001,20250313,Property Damage Only,-93.3093715087,42.1678049218
20251473003,20250312,Property Damage Only,-95.002664465,42.3939842249
20251473004,20250311,Property Damage Only,-91.0948782615,42.4695556823
20251473005,20250312,Property Damage Only,-90.7919615579,42.4359945303
20251473006,20250312,Property Damage Only,-93.4280283944,41.4735663661
20251473011,20250313,Property Damage Only,-91.2501006797,43.0112334123
20251473012,20250312,Property Damage Only,-92.5344726347,42.8248493901
20251473014,20250313,Possible/Unknown Injury Crash,-93.6257505979,41.4987641581
20251473017,20250310,Property Damage Only,-91.3541541845,41.3290200518
20251473019,20250310,Property Damage Only,-91.1991562591,41.2853106834
20251473020,20250311,Property Damage Only,-91.2613612141,41.0923472673
20251473060,20250216,Property Damage Only,-92.6787399623,42.0000167886
20251473092,20250313,Property Damage Only,-92.4690218715,40.7402808671
20251473099,20250313,Suspected Minor Injury Crash,-95.9712281889,43.3457412887
20251473100,20250313,Property Damage Only,-92.1906896294,42.9763568824
20251473104,20250312,Property Damage Only,-91.1599567367,40.8549975377
20251473106,20250313,Property Damage Only,-96.4979462518,43.3902351348
20251473107,20250309,Property Damage Only,-92.8876858995,40.6963861602
20251473108,20250313,Property Damage Only,-92.8582187787,40.7720804568
20251473109,20250313,Property Damage Only,-93.3887439472,43.0095264055
20251473110,20250313,Property Damage Only,-92.3160799826,42.4655735866
20251473113,20250311,Property Damage Only,-93.6170255463,42.8216837882
20251473115,20250313,Property Damage Only,-90.8757218835,41.5198447339
20251473117,20250314,Property Damage Only,-92.2977507907,42.4665254422
20251473118,20250314,Property Damage Only,-93.7744788509,41.7031148138
20251473119,20250314,Property Damage Only,-91.5962514728,40.9860290361
20251473134,20250314,Property Damage Only,-96.4163267606,42.524575826
20251473141,20250314,Property Damage Only,-93.7358112468,41.3686393843
20251473145,20250312,Possible/Unknown Injury Crash,-96.5684471159,42.6858825005
20251473147,20250314,Property Damage Only,-93.3641753919,41.5771730888
20251473148,20250313,Property Damage Only,-94.6693969978,42.4545279334
20251473151,20250313,Suspected Serious Injury Crash,-92.8305966847,40.9539147754
20251473153,20250314,Property Damage Only,-93.3679176618,41.6214769718
20251473159,20250313,Property Damage Only,-91.1325835509,41.7284316741
20251473163,20250314,Property Damage Only,-92.1319420202,43.4436031391
20251473176,20250313,Property Damage Only,-96.1971779207,42.7674719645
20251473183,20250310,Property Damage Only,-93.0794201917,41.2998304808
20251473184,20250313,Property Damage Only,-93.0057985831,41.2260205765
20251473186,20250314,Property Damage Only,-90.6765422162,42.1126111442
20251473198,20250312,Property Damage Only,-91.8050452076,42.8258278731
20251473216,20250314,Property Damage Only,-92.298576535,43.4435401334
20251473224,20250314,Property Damage Only,-90.2606329148,41.8882238742
20251473226,20250311,Property Damage Only,-91.4714580287,41.8771860737
20251473227,20250314,Property Damage Only,-91.5857973381,41.9766418059
20251473257,20250314,Possible/Unknown Injury Crash,-94.890035298,43.3992753664
20251473267,20250314,Property Damage Only,-92.354554428,41.9646066726
20251473270,20250314,Property Damage Only,-91.4765377821,41.9179988957
20251473271,20250314,Property Damage Only,-91.7005931763,42.0716111165
20251473307,20250314,Property Damage Only,-91.8843008923,41.8034550579
20251473309,20250315,Property Damage Only,-95.831987664,41.2340022905
20251473312,20250315,Property Damage Only,-90.4292393106,41.7577833606
20251473324,20250314,Property Damage Only,-91.0302199178,41.4570262667
20251473349,20250316,Property Damage Only,-90.8066752685,42.5166766885
20251473356,20250313,Property Damage Only,-90.7505103918,42.4018683152
20251473359,20250315,Property Damage Only,-90.9896193674,42.3898416579
20251473379,20250314,Property Damage Only,-93.966244956,41.5176917844
20251473381,20250316,Property Damage Only,-90.4858651225,41.8079939309
20251473399,20250119,Property Damage Only,-95.4513649959,43.4306644265
20251473403,20250313,Property Damage Only,-91.1699500542,40.9241829194
20251473423,20250316,Property Damage Only,-91.967010694,41.7742178863
20251473436,20250316,Property Damage Only,-94.6428138839,40.8114227548
20251473460,20250317,Property Damage Only,-91.200277153,41.3361737055
20251473461,20250316,Property Damage Only,-90.5657778393,41.7097842974
20251473469,20250317,Property Damage Only,-91.1543866912,42.5149897171
20251473496,20250315,Property Damage Only,-92.6105839825,43.0013114995
20251473499,20250227,Property Damage Only,-91.3001255007,40.7397750767
20251473501,20250304,Property Damage Only,-91.3192940246,40.6590187976
20251473502,20250305,Property Damage Only,-91.4106413959,40.6219373681
20251473512,20250313,Property Damage Only,-90.9655409439,41.840551796
20251473513,20250314,Property Damage Only,-90.9804161502,41.8749661868
20251473514,20250314,Property Damage Only,-92.594380299,41.4696122211
20251473515,20250315,Property Damage Only,-91.5521557138,41.3430849461
20251473523,20250308,Property Damage Only,-92.5345877825,42.8078657541
20251473524,20250312,Suspected Minor Injury Crash,-95.8543244337,41.0446020037
20251473526,20250314,Suspected Minor Injury Crash,-91.9237991672,42.270806921
20251473527,20250316,Property Damage Only,-91.873241509,42.1319774132
20251473534,20250316,Property Damage Only,-95.8033918157,40.8657537343
20251473537,20250316,Property Damage Only,-92.0428878807,42.8431919978
20251473538,20250309,Property Damage Only,-95.246055671,42.6333613887
20251473547,20250315,Property Damage Only,-93.7014909621,41.1765028141
20251473549,20250314,Property Damage Only,-92.9420976109,43.488087214
20251473553,20250306,Property Damage Only,-91.196741015,42.2678831064
20251473555,20250312,Property Damage Only,-96.2947623694,43.1854809842
20251473561,20250201,Property Damage Only,-91.8692083931,42.935333773
20251473563,20250316,Property Damage Only,-91.8872498779,42.4484245095
20251473575,20250311,Property Damage Only,-91.7390917832,43.2777046323
20251473599,20250310,Property Damage Only,-93.1438835342,41.6832787529
20251473602,20250317,Property Damage Only,-91.7122550037,42.1177827066
20251473608,20250303,Property Damage Only,-93.3233329345,41.7984835826
20251473648,20250313,Property Damage Only,-93.9016163763,42.1460901384
20251473655,20250317,Property Damage Only,-91.7287796794,42.0414493632
20251473656,20250317,Property Damage Only,-91.2830169704,41.4082342118
20251473658,20250317,Property Damage Only,-91.0884279219,41.4228726228
20251473660,20250317,Property Damage Only,-90.5485739239,41.8456803488
20251473661,20250317,Property Damage Only,-94.0108691358,41.4302163979
20251473665,20250318,Property Damage Only,-90.8205198453,41.9253219777
20251473668,20250317,Property Damage Only,-90.8086203505,41.7583369493
20251473672,20250317,Property Damage Only,-93.7676692511,40.9183963893
20251473688,20250318,Property Damage Only,-93.4633601626,41.9224338287
20251473691,20250318,Property Damage Only,-93.144364153,41.3218273299
20251473693,20250313,Property Damage Only,-92.3370337942,42.8198240637
20251473694,20250314,Property Damage Only,-92.4659003465,42.7268143166
20251473695,20250314,Property Damage Only,-92.3376454257,42.6890147259
20251473699,20250314,Property Damage Only,-95.3702071431,40.5970353303
20251473703,20250318,Property Damage Only,-96.4387670589,43.3899162135
20251473704,20250317,Property Damage Only,-93.2999865018,42.3973981527
20251473706,20250315,Property Damage Only,-91.5165530058,40.9730233693
20251473708,20250318,Property Damage Only,-93.8135123107,42.4956440421
20251473711,20250315,Property Damage Only,-91.811610223,43.2173580558
20251473715,20250318,Property Damage Only,-94.318264171,41.5361274597
20251473718,20250318,Property Damage Only,-91.1324528693,41.6918448752
20251473781,20250318,Property Damage Only,-90.3346512973,41.9977741815
20251473788,20250318,Property Damage Only,-96.1744447803,42.1597206508
20251473797,20250318,Property Damage Only,-93.5412163547,41.8206043437
20251473798,20250317,Property Damage Only,-90.5570997668,42.3745842021
20251473804,20250318,Property Damage Only,-91.3898506241,42.7253766022
20251473810,20250318,Property Damage Only,-91.149157879,41.515871589
20251473830,20250318,Property Damage Only,-92.919082188,40.7398432783
20251473831,20250318,Property Damage Only,-93.7695792642,41.0041595855
20251473841,20250318,Property Damage Only,-93.3101284072,41.8084366537
20251473842,20250304,Property Damage Only,-91.754764741,41.1622961058
20251473852,20250317,Property Damage Only,-91.9016261374,42.5962926593
20251473869,20250318,Property Damage Only,-91.284221381,41.1472124271
20251473893,20250313,Property Damage Only,-93.1819060157,42.4265376152
20251473895,20250316,Property Damage Only,-91.1586059987,41.2419027672
20251473906,20250318,Property Damage Only,-91.8732118977,42.1254565703
20251473923,20250319,Property Damage Only,-90.6117369526,42.1074615103
20251473924,20250319,Property Damage Only,-92.422327791,41.964643455
20251473930,20250309,Property Damage Only,-91.2222685431,41.5242308158
20251473934,20250311,Property Damage Only,-92.2191722099,42.5525717063
20251473938,20250301,Property Damage Only,-90.6696272089,42.1910003482
20251473941,20250314,Property Damage Only,-90.7361424047,42.5605645735
20251473944,20250211,Property Damage Only,-91.2881711294,40.6474994441
20251473946,20250319,Property Damage Only,-91.4172791995,40.6146957847
20251473956,20250320,Property Damage Only,-91.4754494207,42.4652999862
20251473968,20250320,Property Damage Only,-93.9221449637,41.3546865257
20251473976,20250320,Property Damage Only,-93.2634302191,42.3607882801
20251474001,20250319,Property Damage Only,-92.5457447362,42.9010253454
20251474060,20250316,Property Damage Only,-93.3406175203,43.0092925303
20251474088,20250320,Property Damage Only,-91.7656223187,42.0112838223
20251474090,20250320,Property Damage Only,-91.7847233577,42.1685758369
20251474091,20250320,Property Damage Only,-93.1481833018,41.1931095763
20251474103,20250320,Property Damage Only,-92.354472297,41.3667131749
20251474107,20250319,Property Damage Only,-92.636671034,41.3034010443
20251474123,20250320,Property Damage Only,-91.0923681331,42.5701133343
20251474132,20250318,Property Damage Only,-92.4259955299,42.614033598
20251474162,20250321,Property Damage Only,-91.9022185387,43.1587605413
20251474165,20250320,Property Damage Only,-94.1437924999,41.8351346927
20251474175,20250318,Property Damage Only,-91.9464653709,41.7716805171
20251474176,20250320,Property Damage Only,-92.0040805716,41.5724456969
20251474182,20250318,Property Damage Only,-91.1323278094,41.8437732484
20251474247,20250321,Property Damage Only,-90.1959834709,42.0592718606
20251474248,20250321,Property Damage Only,-93.272003316,43.1986244908
20251474260,20250321,Property Damage Only,-91.7874786814,42.0698602106
20251474261,20250321,Property Damage Only,-96.5821084109,43.447796723
20251474263,20250322,Property Damage Only,-93.4258492467,41.7364693297
20251474267,20250322,Property Damage Only,-93.6297643408,40.7561797002
20251474268,20250321,Property Damage Only,-93.6168639904,42.8337337797
20251474269,20250322,Property Damage Only,-90.971839288,41.4540298988
20251474272,20250322,Property Damage Only,-93.3657967854,41.0432078192
20251474313,20250321,Property Damage Only,-91.5264563618,42.9748741639
20251474328,20250321,Property Damage Only,-93.0262470365,40.7420307325
20251474338,20250323,Property Damage Only,-95.7464065945,41.2325463625
20251474339,20250322,Property Damage Only,-91.3499942057,41.3773561805
20251474348,20250323,Property Damage Only,-91.6919804641,40.9770212278
20251474349,20250321,Property Damage Only,-91.8486445169,41.5946828501
20251474356,20250321,Property Damage Only,-91.4359740643,40.3868645927
20251474358,20250323,Property Damage Only,-91.4343031939,40.5087008286
20251474366,20250322,Property Damage Only,-94.2857494485,42.034568749
20251474387,20250321,Property Damage Only,-94.0480994992,42.3187722883
20251474389,20250322,Property Damage Only,-91.3717035062,40.8780532143
20251474399,20250322,Property Damage Only,-94.1094989852,41.8849719248
20251474400,20250306,Property Damage Only,-90.7560493001,41.4560197105
20251474403,20250322,Property Damage Only,-92.4778231993,41.0962574943
20251474418,20250323,Property Damage Only,-92.06532597,41.568204109
20251474419,20250322,Property Damage Only,-93.5712946588,42.003169769
20251474421,20250324,Property Damage Only,-90.6705012411,42.5296752963
20251474424,20250323,Property Damage Only,-93.8456528757,40.7080365156
20251474436,20250323,Property Damage Only,-91.2980433884,42.4191972323
20251474437,20250324,Property Damage Only,-90.8771066477,41.4484831226
20251474444,20250323,Property Damage Only,-90.3711880482,41.5885687988
20251474445,20250322,Property Damage Only,-91.704453842,42.8201501413
20251474454,20250315,Property Damage Only,-92.0556391765,42.4569511968
20251474455,20250317,Property Damage Only,-91.8682314968,42.4497602658
20251474457,20250322,Property Damage Only,-91.904825214,42.5702160318
20251474477,20250322,Property Damage Only,-93.6878909143,41.3667379679
20251474492,20250324,Property Damage Only,-93.9553551142,41.9827468167
20251474494,20250319,Property Damage Only,-92.4754722973,41.062457574
20251474503,20250321,Property Damage Only,-95.0442179757,40.9815376532
20251474504,20250321,Property Damage Only,-93.0095305345,41.699401155
20251474505,20250318,Property Damage Only,-92.3282048728,40.9966996634
20251474518,20250323,Property Damage Only,-92.5543339946,43.3291876113
20251474532,20250324,Property Damage Only,-90.5686931588,41.8395068401
20251474533,20250323,Property Damage Only,-94.4082645653,41.6849631017
20251474537,20250315,Suspected Minor Injury Crash,-91.6315334134,41.6944327964
20251474564,20250323,Property Damage Only,-93.3426510924,43.0440008787
20251474585,20250324,Property Damage Only,-92.6287105244,43.0106109355
20251474592,20250312,Property Damage Only,-95.9178196964,43.4326356041
20251474593,20250324,Property Damage Only,-93.175450776,41.3248377625
20251474595,20250324,Property Damage Only,-90.7529447572,41.7203172975
20251474606,20250325,Property Damage Only,-91.7001858122,42.0655092251
20251474608,20250324,Property Damage Only,-90.7256795408,42.5786377499
20251474613,20250312,Property Damage Only,-90.4896197812,42.2574609475
20251474614,20250325,Property Damage Only,-90.1988601948,41.9387761578
20251474623,20250321,Property Damage Only,-92.9673973735,42.0489894067
20251474626,20250321,Property Damage Only,-93.069250787,41.7117024401
20251474638,20250325,Property Damage Only,-90.6829659329,42.0797079792
20251474650,20250325,Property Damage Only,-92.9804571593,41.7028316081
20251474655,20250325,Property Damage Only,-96.4736271312,42.5107583648
20251474661,20250321,Property Damage Only,-92.3989115896,42.7410982178
20251474676,20250324,Property Damage Only,-91.5631832738,40.591740217
20251474681,20250325,Property Damage Only,-90.5426072891,41.7131995386
20251474682,20250325,Property Damage Only,-90.5586817427,41.6949896242
20251474691,20250325,Property Damage Only,-93.8528470449,41.6661984745
20251474693,20250324,Suspected Minor Injury Crash,-91.558815602,41.6633438116
20251474699,20250325,Property Damage Only,-92.4499763023,43.0667671453
20251474704,20250325,Property Damage Only,-94.571682846,42.091539723
20251474735,20250325,Property Damage Only,-91.5069965627,41.9242802682
20251474739,20250325,Property Damage Only,-90.7458094217,41.5089764584
20251474745,20250325,Property Damage Only,-94.027861313,42.1127949345
20251474756,20250319,Property Damage Only,-95.9433735757,41.6979891278
20251474771,20250324,Possible/Unknown Injury Crash,-93.2720156242,43.1986244615
20251474781,20250318,Property Damage Only,-92.2988097367,43.2947517376
20251474783,20250326,Property Damage Only,-95.5855106205,42.6340785865
20251474784,20250326,Property Damage Only,-91.8538198721,42.4905032188
20251474794,20250326,Property Damage Only,-95.7657525083,41.0456644875
20251474806,20250326,Property Damage Only,-96.3042807394,42.59601998
20251474809,20250326,Property Damage Only,-96.6125777239,42.7321111313
20251474819,20250326,Property Damage Only,-91.4844651718,41.9177976015
20251474840,20250318,Property Damage Only,-91.1965907521,41.2292814712
20251474841,20250318,Property Damage Only,-91.1969380812,41.2474635881
20251474845,20250325,Property Damage Only,-91.196937586,41.2474815949
20251474848,20250326,Property Damage Only,-92.1455960999,42.635060751
20251474851,20250306,Property Damage Only,-90.7560493001,41.4560197105
20251474860,20250311,Property Damage Only,-91.5422805852,41.7982095432
20251474874,20250325,Property Damage Only,-91.5573947916,41.6430515084
20251474876,20250326,Property Damage Only,-93.3491095756,43.2472388229
20251474892,20250326,Property Damage Only,-90.5982463621,41.8256922734
20251474893,20250326,Property Damage Only,-91.1709464126,40.8962297686
20251474898,20250323,Property Damage Only,-93.8156961519,41.9131940116
20251474907,20250327,Property Damage Only,-90.7051583881,42.4186915361
20251474910,20250325,Property Damage Only,-93.5696347446,41.9429414606
20251474911,20250326,Property Damage Only,-93.65750285,42.0069774771
20251474920,20250326,Property Damage Only,-93.7315249783,41.3531916923
20251474921,20250326,Property Damage Only,-93.4132314628,41.4650813905
20251474937,20250327,Property Damage Only,-93.53159005,41.8533983147
20251474947,20250327,Property Damage Only,-90.4324607619,41.6902379768
20251474980,20250326,Suspected Minor Injury Crash,-93.5116409662,41.5654784287
20251475004,20250328,Property Damage Only,-92.3165332673,43.1837953903
20251475005,20250328,Property Damage Only,-95.1613487086,43.0461439845
20251475008,20250326,Property Damage Only,-90.4054122245,41.5757203552
20251475009,20250327,Property Damage Only,-91.506493113,41.6821304492
20251475011,20250327,Property Damage Only,-94.3779864987,42.0429189087
20251475059,20250327,Property Damage Only,-92.6501731334,43.0277251043
20251475064,20250327,Property Damage Only,-93.2524120969,41.385766727
20251475065,20250327,Property Damage Only,-93.1113729218,41.4054551224
20251475066,20250327,Property Damage Only,-91.489509226,41.8629154508
20251475078,20250328,Property Damage Only,-94.2417846842,42.2678635502
20251475080,20250327,Property Damage Only,-91.3692328611,40.6523303089
20251475085,20250326,Property Damage Only,-94.8846274979,42.2531288223
20251475096,20250327,Property Damage Only,-92.2271094489,40.9374229355
20251475097,20250325,Property Damage Only,-90.643812534,41.5058772907
20251475103,20250327,Property Damage Only,-93.4410867724,43.1358022784
20251475117,20250328,Property Damage Only,-91.3227125163,42.760631702
20251475140,20250327,Property Damage Only,-94.7802936042,43.2768677264
20251475198,20250328,Possible/Unknown Injury Crash,-91.4627553231,42.1075059508
20251475202,20250328,Property Damage Only,-91.3536405419,42.9086736077
20251475213,20250329,Property Damage Only,-94.6278073155,41.493098369
20251475220,20250329,Property Damage Only,-91.595298435,40.9861255196
20251475226,20250328,Property Damage Only,-90.7417003872,41.4793091369
20251475247,20250214,Property Damage Only,-95.8059270723,41.2815641858
20251475279,20250329,Property Damage Only,-90.6775828523,42.4900340887
20251475280,20250329,Property Damage Only,-92.7170125892,43.0743847038
20251475292,20250329,Property Damage Only,-94.2270012741,42.9354774848
20251475306,20250329,Property Damage Only,-91.7926926564,42.0709148909
20251475313,20250326,Property Damage Only,-95.5524745634,41.2325983979
20251475325,20250329,Property Damage Only,-91.5353264522,41.9263474283
20251475344,20250329,Fatal Crash,-92.5544057678,43.3058660481
20251475380,20250330,Property Damage Only,-93.5813906337,41.5262172451
20251475389,20250330,Property Damage Only,-90.6833421751,42.544271984
20251475402,20250326,Property Damage Only,-91.3516618616,42.8771907348
20251475421,20250329,Property Damage Only,-96.4884327761,42.9928318391
20251475423,20250331,Property Damage Only,-93.6785488428,42.0033424251
20251475438,20250330,Property Damage Only,-90.7190271098,42.5662584413
20251475444,20250328,Property Damage Only,-91.4223714665,40.6072705489
20251475447,20250331,Property Damage Only,-92.4152712963,41.0211178824
20251475451,20250330,Property Damage Only,-92.5447084563,42.8787152418
20251475457,20250325,Property Damage Only,-92.5339885733,42.7491660111
20251475459,20250329,Property Damage Only,-93.6326709305,41.3552728615
20251475460,20250329,Property Damage Only,-94.0281189306,41.6884256058
20251475464,20250320,Property Damage Only,-92.2473185946,42.7733241705
20251475466,20250318,Property Damage Only,-92.3270502511,42.7149518764
20251475493,20250327,Property Damage Only,-92.4417942388,42.4694428703
20251475495,20250329,Property Damage Only,-92.481932787,42.5421913598
20251475532,20250221,Property Damage Only,-96.0370960161,42.9974997664
20251475583,20250326,Property Damage Only,-96.1859986035,43.4325306711
20251475594,20250331,Property Damage Only,-90.28272314,41.8154510778
20251475597,20250331,Property Damage Only,-95.8236885708,41.1681348755
20251475598,20250331,Property Damage Only,-91.8327310768,42.0661144714
20251475599,20250321,Property Damage Only,-91.4846447921,41.6291003587
20251475633,20250330,Property Damage Only,-90.5393997392,41.7207140399
20251475636,20250331,Property Damage Only,-91.4340457445,42.8556277471
20251475643,20250401,Property Damage Only,-90.7408122429,42.4972960595
20251475647,20250331,Property Damage Only,-94.2015957215,42.5013457951
20251475657,20250331,Property Damage Only,-96.4139546567,42.5263934605
20251475658,20250331,Property Damage Only,-96.3711303106,42.5409172554
20251475665,20250331,Property Damage Only,-93.4010692251,41.8991966199
20251475666,20250331,Possible/Unknown Injury Crash,-93.3090003394,42.1661667588
20251475689,20250401,Property Damage Only,-91.1806927265,41.1024057808
20251475693,20250121,Property Damage Only,-93.2046151542,41.6852313016
20251475723,20250324,Property Damage Only,-93.6790315181,41.6511890301
20251475726,20250328,Property Damage Only,-93.4518803357,41.6707441664
20251475729,20250331,Property Damage Only,-93.3591004347,42.0082988434
20251475739,20250331,Property Damage Only,-93.8088407706,41.3228771435
20251475761,20250327,Property Damage Only,-94.4932514795,42.0345960975
20251475810,20250326,Property Damage Only,-93.7984479337,41.8779548014
20251475839,20250401,Property Damage Only,-93.357943136,41.5259948723
20251475850,20250401,Property Damage Only,-90.3852709221,41.9854486253
20251475851,20250331,Property Damage Only,-93.2941011265,41.4138795226
20251475873,20250401,Property Damage Only,-93.779963137,41.3321020894
20251475880,20250326,Property Damage Only,-94.7786748312,42.3989943186
20251475881,20250331,Property Damage Only,-92.5387300684,40.9873208434
20251475896,20250401,Property Damage Only,-94.2220601404,41.8362739911
20251475897,20250401,Property Damage Only,-94.0736258273,41.5206215129
20251475904,20250402,Property Damage Only,-95.4206155673,42.0369078289
20251475924,20250402,Property Damage Only,-93.3870799147,41.6442473521
20251475925,20250402,Property Damage Only,-91.1969015507,41.2474900377
20251475929,20250401,Property Damage Only,-91.554544098,40.7260187515
20251475948,20250329,Property Damage Only,-96.4921312595,43.3902329917
20251475949,20250331,Property Damage Only,-96.1525148681,43.4329553728
20251475960,20250330,Property Damage Only,-92.6337763466,43.1429641
20251475961,20250402,Property Damage Only,-92.6501632629,43.0273018375
20251475983,20250403,Property Damage Only,-91.5545136461,40.9436174722
20251476001,20250402,Property Damage Only,-92.8096442395,41.4820867674
20251476002,20250402,Property Damage Only,-92.2270215305,40.9429263658
20251476015,20250401,Property Damage Only,-94.8552908244,42.5470727958
20251476056,20250319,Property Damage Only,-91.9825786934,41.0064361109
20251476094,20250403,Property Damage Only,-91.732341458,42.042182253
20251476095,20250403,Property Damage Only,-91.5657961466,42.0938179743
20251476097,20250403,Property Damage Only,-91.1324450193,41.695438377
20251476103,20250403,Property Damage Only,-93.9314496762,42.1981512586
20251476107,20250404,Property Damage Only,-90.566102215,41.7101063883
20251476108,20250313,Property Damage Only,-92.4534613003,42.4944543673
20251476112,20250404,Property Damage Only,-93.3732267726,42.0078034509
20251476116,20250404,Property Damage Only,-94.3546843633,42.0346223162
20251476160,20250403,Property Damage Only,-92.1562913401,42.6820769366
20251476172,20250404,Property Damage Only,-93.8979163987,41.8913516928
20251476173,20250402,Property Damage Only,-92.2811109327,41.742809677
20251476175,20250404,Property Damage Only,-91.811273025,42.1911893873
20251476176,20250404,Property Damage Only,-92.0213948979,42.1786924417
20251476179,20250403,Property Damage Only,-91.805793231,42.8301851945
20251476180,20250403,Property Damage Only,-92.0427381135,42.884578689
20251476183,20250324,Property Damage Only,-91.832673485,43.268450872
20251476193,20250322,Property Damage Only,-91.5666856647,43.1722565869
20251476195,20250405,Property Damage Only,-91.5789384107,41.6942807403
20251476196,20250324,Property Damage Only,-91.6588456586,41.6082973683
20251476219,20250404,Property Damage Only,-91.4181811643,42.6799345998
20251476221,20250404,Property Damage Only,-90.2451600043,42.0697753798
20251476222,20250404,Property Damage Only,-94.2575229356,41.5132451217
20251476233,20250404,Property Damage Only,-92.3480296364,42.5421381529
20251476237,20250404,Property Damage Only,-92.8813918871,40.7947811846
20251476240,20250404,Property Damage Only,-92.633516163,43.0732472739
20251476241,20250404,Property Damage Only,-92.5911049165,43.1558945923
20251476243,20250405,Property Damage Only,-91.2790472547,43.0081425711
20251476247,20250404,Property Damage Only,-93.6893616666,41.5555610052
20251476252,20250404,Property Damage Only,-91.4311325301,40.5566007325
20251476289,20250404,Property Damage Only,-91.2911092779,41.5825674327
20251476314,20250405,Property Damage Only,-95.7990238417,41.9973279605
20251476315,20250405,Property Damage Only,-91.5884067603,40.9380291679
20251476318,20250405,Property Damage Only,-91.496536451,42.7457651088
20251476331,20250405,Property Damage Only,-91.5295730936,42.2618634128
20251476377,20250405,Property Damage Only,-92.2983524921,43.184297657
20251476385,20250405,Property Damage Only,-90.8443288539,41.6944551848
20251476389,20250406,Property Damage Only,-92.3256595437,43.0274437618
20251476402,20250402,Possible/Unknown Injury Crash,-91.3732763989,42.0200468132
20251476405,20250407,Property Damage Only,-96.0005229347,42.1584891189
20251476432,20250406,Suspected Minor Injury Crash,-96.2796020781,42.4751685425
20251476438,20250404,Property Damage Only,-90.811607533,42.440189736
20251476443,20250405,Property Damage Only,-93.3542696105,42.0082418009
20251476464,20250406,Property Damage Only,-91.8142888316,42.9277720965
20251476468,20250403,Property Damage Only,-91.9048497353,42.5702072606
20251476478,20250406,Property Damage Only,-92.2980251459,41.915386633
20251476482,20250405,Property Damage Only,-92.5688440537,41.4864713746
20251476494,20250405,Property Damage Only,-91.93092731,40.988511051
20251476496,20250404,Property Damage Only,-93.7267677071,41.1950013449
20251476499,20250328,Property Damage Only,-92.6250735686,41.4697163569
20251476506,20250406,Property Damage Only,-92.078353815,41.0105206753
20251476512,20250407,Property Damage Only,-95.1509478708,42.5325551051
20251476545,20250405,Property Damage Only,-92.465865574,42.4167377735
20251476550,20250404,Property Damage Only,-91.068052243,40.8920653729
20251476551,20250328,Property Damage Only,-92.9679740932,42.0074510231
20251476552,20250405,Property Damage Only,-92.9893936224,42.0287106692
20251476577,20250330,Property Damage Only,-92.135430471,43.0741701135
20251476590,20250407,Property Damage Only,-91.6136397563,42.0179335283
20251476591,20250406,Property Damage Only,-90.5687246866,41.7422328707
20251476594,20250407,Property Damage Only,-92.9434302248,43.0522531611
20251476609,20250407,Property Damage Only,-91.7697772931,43.3566297714
20251476617,20250325,Property Damage Only,-91.8548127056,43.2844326307
20251476619,20250407,Property Damage Only,-93.7806072265,41.3950245441
20251476621,20250401,Property Damage Only,-92.067683903,42.4492777619
20251476622,20250406,Property Damage Only,-92.2638181247,42.527344944
20251476628,20250408,Property Damage Only,-93.0512613466,42.245286861
20251476632,20250405,Property Damage Only,-91.1413353428,40.8208836302
20251476677,20250406,Property Damage Only,-94.1703493891,42.4449509472
20251476684,20250408,Property Damage Only,-91.2428852291,42.7558863967
20251476704,20250408,Property Damage Only,-91.7881779134,42.2222350548
20251476711,20250406,Property Damage Only,-93.7274159945,41.6148103287
20251476725,20250409,Property Damage Only,-94.4941456109,42.0346024717
20251476736,20250408,Property Damage Only,-92.2866349043,41.0036564128
20251476745,20250404,Property Damage Only,-90.6976339768,42.4529138865
20251476753,20250409,Property Damage Only,-91.2495484541,41.2772700829
20251476757,20250409,Property Damage Only,-93.4613989388,41.4876511045
20251476793,20250409,Property Damage Only,-91.4897726768,42.7847947401
20251476815,20250408,Property Damage Only,-91.1709775009,40.8916543295
20251476824,20250410,Property Damage Only,-96.2175276124,42.1479384175
20251476829,20250410,Property Damage Only,-90.6566524383,42.0424838271
20251476832,20250409,Property Damage Only,-92.9320681975,42.4628117638
20251476843,20250409,Property Damage Only,-93.6405697915,42.2768505351
20251476854,20250408,Property Damage Only,-91.393179948,42.8626076295
20251476863,20250409,Property Damage Only,-90.4834871246,41.572467307
20251476872,20250410,Property Damage Only,-91.2716399678,40.6670980852
20251476882,20250410,Property Damage Only,-92.3209476071,42.4529942873
20251476899,20250410,Property Damage Only,-92.7082815588,42.1358063354
20251476918,20250410,Property Damage Only,-90.2904649454,41.7797367768
20251476954,20250409,Property Damage Only,-91.376202324,41.9073199257
20251476955,20250410,Property Damage Only,-91.5513738126,41.9707906635
20251476957,20250410,Property Damage Only,-91.3750387018,42.8831351124
20251476966,20250410,Property Damage Only,-93.5592919722,41.3146590171
20251476973,20250410,Property Damage Only,-91.2754932857,41.001709093
20251476977,20250410,Property Damage Only,-91.1710005588,40.8882317516
20251476980,20250409,Property Damage Only,-92.8832252588,40.7496590107
20251476984,20250410,Property Damage Only,-91.4230867905,42.2058903048
20251476990,20250411,Property Damage Only,-94.6753300813,43.4883609738
20251476995,20250411,Property Damage Only,-91.3555435593,42.4225312962
20251476998,20250409,Property Damage Only,-91.7436374458,43.1998830785
20251476999,20250409,Property Damage Only,-91.7135445804,43.240807672
20251477000,20250409,Property Damage Only,-91.9279950406,43.2841154469
20251477001,20250410,Property Damage Only,-91.7177417467,43.4636236708
20251477006,20250408,Property Damage Only,-91.9813927923,40.9822840718
20251477009,20250408,Property Damage Only,-92.4163742636,42.6141741087
20251477017,20250409,Property Damage Only,-94.2274424535,43.006999359
20251477021,20250409,Possible/Unknown Injury Crash,-91.1795038179,41.1096650134
20251477022,20250410,Property Damage Only,-92.5339333712,42.7059574139
20251477029,20250408,Property Damage Only,-95.3533749396,42.0558863109
20251477052,20250410,Property Damage Only,-92.4267881771,42.6140195552
20251477065,20250411,Possible/Unknown Injury Crash,-90.237674384,41.8420595408
20251477072,20250412,Property Damage Only,-92.1675679463,42.6821954661
20251477163,20250411,Property Damage Only,-93.5577651264,42.7179031451
20251477202,20250410,Property Damage Only,-92.9368902154,41.3060829579
20251477206,20250412,Property Damage Only,-91.2067637441,40.7270839138
20251477212,20250412,Property Damage Only,-92.4155720102,41.9643931028
20251477219,20250412,Property Damage Only,-93.7955029235,42.1334915279
20251477236,20250407,Property Damage Only,-91.4011122557,40.7768545741
20251477237,20250412,Property Damage Only,-91.2470090886,42.4731999123
20251477260,20250413,Property Damage Only,-91.5685118075,41.9254871022
20251477290,20250413,Property Damage Only,-91.4915925521,42.0471327536
20251477309,20250414,Property Damage Only,-91.6310983786,41.6820792139
20251477315,20250414,Property Damage Only,-92.3178345557,43.0391038789
20251477316,20250413,Property Damage Only,-91.0204112508,41.4933264583
20251477317,20250321,Property Damage Only,-93.6737596397,41.7318154067
20251477322,20250413,Property Damage Only,-93.5699256805,41.9376800963
20251477323,20250411,Property Damage Only,-93.7487804084,41.6148082629
20251477327,20250406,Property Damage Only,-96.3108470556,42.5474221542
20251477335,20250408,Property Damage Only,-92.7927117757,41.6944588392
20251477346,20250412,Property Damage Only,-94.955863234,40.5997897604
20251477347,20250411,Property Damage Only,-91.9085386141,43.2058525393
20251477351,20250413,Property Damage Only,-92.3481614602,41.000948986
20251477364,20250411,Property Damage Only,-90.7792298001,42.4374594793
20251477365,20250412,Property Damage Only,-90.6956746465,42.4509653704
20251477366,20250411,Property Damage Only,-90.7786350967,42.5295541687
20251477370,20250413,Property Damage Only,-93.7270754924,41.2378855501
20251477380,20250411,Property Damage Only,-95.5545093155,42.6796458492
20251477383,20250410,Property Damage Only,-92.632191379,41.1735838393
20251477384,20250414,Property Damage Only,-92.6051793127,41.296127178
20251477385,20250414,Property Damage Only,-92.6096468038,41.2960523362
20251477387,20250414,Property Damage Only,-90.359532724,41.7291745772
20251477402,20250412,Property Damage Only,-91.7848119656,43.0563058871
20251477408,20250413,Property Damage Only,-93.6877510324,41.7527728626
20251477412,20250413,Property Damage Only,-95.14517777,43.4219466157
20251477413,20250413,Property Damage Only,-91.1588013062,41.2727646293
20251477421,20250414,Property Damage Only,-90.9422832238,41.6017820699
20251477427,20250412,Property Damage Only,-94.0337995632,41.5175907171
20251477428,20250413,Property Damage Only,-94.170884411,41.5957465893
20251477435,20250405,Property Damage Only,-92.6092344369,40.7254720162
20251477437,20250411,Property Damage Only,-92.63641477,40.7985844181
20251477440,20250410,Property Damage Only,-95.8454476892,41.7920284079
20251477446,20250410,Property Damage Only,-92.4756491742,42.8164723086
20251477461,20250414,Property Damage Only,-95.6240734599,43.0343392863
20251477462,20250413,Property Damage Only,-96.1169908764,42.8647166083
20251477467,20250411,Property Damage Only,-96.17183646,43.0110935341
20251477471,20250410,Property Damage Only,-90.1949079025,41.9920105488
20251477499,20250413,Property Damage Only,-92.8495631928,42.5142739106
20251477502,20250330,Property Damage Only,-92.4731078648,42.4648269772
20251477516,20250317,Property Damage Only,-94.1082292952,41.8847319992
20251477517,20250407,Property Damage Only,-93.9736205085,42.0366954821
20251477533,20250414,Property Damage Only,-91.2358016558,43.1355125516
20251477555,20250413,Property Damage Only,-95.0488224712,40.9813027537
20251477562,20250415,Property Damage Only,-92.6693067304,40.8327895748
20251477573,20250327,Property Damage Only,-92.6311188157,41.9955774669
20251477575,20250414,Property Damage Only,-93.3347347659,43.1482563514
20251477597,20250415,Property Damage Only,-90.3057940269,41.8153284662
20251477652,20250415,Property Damage Only,-93.6384569527,41.504296917
20251477658,20250415,Property Damage Only,-94.0127888825,41.5865926915
20251477659,20250415,Property Damage Only,-91.8246880012,42.1979291526
20251477663,20250415,Property Damage Only,-93.3722367026,42.0078336856
20251477665,20250415,Property Damage Only,-90.6049621933,42.1203604606
20251477667,20250416,Property Damage Only,-91.6975815616,40.5959645548
20251477673,20250416,Property Damage Only,-91.2848396559,40.6981297707
20251477678,20250416,Property Damage Only,-92.273448808,42.5704268262
20251477680,20250415,Property Damage Only,-90.9878552184,42.5849848124
20251477681,20250416,Property Damage Only,-90.7751034455,42.3822663897
20251477706,20250408,Property Damage Only,-91.8894283268,42.3035764531
20251477707,20250410,Property Damage Only,-91.8898009965,42.3927660805
20251477708,20250413,Property Damage Only,-91.9269040585,42.4477399563
20251477728,20250416,Property Damage Only,-91.5514729458,41.9738721041
20251477729,20250416,Property Damage Only,-91.488014079,41.7001095084
20251477760,20250416,Property Damage Only,-93.7635553834,41.0189999687
20251477763,20250415,Property Damage Only,-95.9692810442,43.0116885523
20251477793,20250416,Property Damage Only,-93.3789959036,43.1939617795
20251477794,20250416,Property Damage Only,-90.7515078664,42.0787305611
20251477810,20250414,Property Damage Only,-91.3661317855,40.6238114052
20251477812,20250416,Property Damage Only,-93.3677268712,43.0674891127
20251477813,20250417,Property Damage Only,-94.8061624028,43.3643081616
20251477819,20250416,Property Damage Only,-93.5540455522,42.127634371
20251477821,20250416,Property Damage Only,-91.1644995731,42.2779352722
20251477824,20250417,Property Damage Only,-91.6741647116,41.4894915243
20251477832,20250416,Suspected Minor Injury Crash,-96.4845116642,42.6006961932
20251477835,20250412,Property Damage Only,-92.1199023959,43.3465516722
20251477848,20250417,Property Damage Only,-96.4303993566,42.5412453428
20251477866,20250414,Property Damage Only,-92.0281028221,42.1431116059
20251477900,20250417,Property Damage Only,-96.1934514464,42.4750554984
20251477932,20250417,Property Damage Only,-95.1477522709,43.1657996752
20251477947,20250417,Property Damage Only,-91.4272278344,41.9808739592
20251477948,20250418,Property Damage Only,-91.5315467926,41.9260289499
20251477954,20250414,Property Damage Only,-92.9565029264,41.4173187636
20251477958,20250417,Property Damage Only,-93.1183979979,41.4000795759
20251477966,20250417,Property Damage Only,-92.7038985617,42.3515223441
20251477974,20250418,Possible/Unknown Injury Crash,-93.4075170632,41.6003114808
20251477982,20250417,Property Damage Only,-93.6736920606,41.382369036
20251477985,20250417,Property Damage Only,-92.7244507537,41.3332800513
20251477994,20250417,Property Damage Only,-95.1703526053,43.1839400615
20251478015,20250417,Property Damage Only,-94.6080282838,42.732628604
20251478019,20250418,Property Damage Only,-90.6547209685,41.9846178004
20251478042,20250324,Property Damage Only,-91.3990176967,41.761734519
20251478043,20250419,Property Damage Only,-91.9030832499,42.5896604935
20251478070,20250418,Property Damage Only,-91.7020614187,42.1015826619
20251478072,20250418,Property Damage Only,-92.3415457985,42.6641458683
20251478089,20250419,Property Damage Only,-90.8268617416,41.4614869272
20251478096,20250406,Property Damage Only,-94.5343006488,43.011526971
20251478098,20250412,Property Damage Only,-94.7575829731,43.1706781792
20251478144,20250420,Property Damage Only,-91.5516023121,41.9761523553
20251478147,20250420,Property Damage Only,-91.2497462696,41.6150089758
20251478157,20250420,Property Damage Only,-93.3555052971,43.1692559957
20251478158,20250420,Property Damage Only,-92.0885243517,41.797042897
20251478203,20250416,Property Damage Only,-93.8920823934,42.0997098495
20251478211,20250420,Property Damage Only,-95.7999121917,40.9587527663
20251478212,20250418,Property Damage Only,-92.6903329692,41.9997514275
20251478219,20250420,Property Damage Only,-94.1781949798,42.5941127061
20251478221,20250420,Property Damage Only,-96.1115740777,41.9947048697
20251478222,20250416,Property Damage Only,-92.4533674913,42.4954445636
20251478233,20250420,Property Damage Only,-91.5743294398,41.6401374381
20251478236,20250420,Property Damage Only,-91.5528552536,41.9661260181
20251478250,20250419,Property Damage Only,-93.675569837,42.0515991228
20251478281,20250421,Property Damage Only,-93.379230619,42.9949701039
20251478282,20250419,Property Damage Only,-90.9612631608,42.3159182432
20251478283,20250420,Property Damage Only,-90.7018018416,42.5333874001
20251478306,20250420,Property Damage Only,-93.3704721876,41.3708818734
20251478326,20250412,Property Damage Only,-93.7646745548,41.0530250386
20251478342,20250419,Property Damage Only,-92.2625974623,42.4602797382
20251478373,20250416,Property Damage Only,-93.77965004,41.4540299447
20251478375,20250412,Property Damage Only,-91.2578567681,40.6771331164
20251478378,20250420,Property Damage Only,-92.1482335072,43.3710602293
20251478382,20250418,Property Damage Only,-95.1480501246,42.446896737
20251478417,20250421,Property Damage Only,-93.6376060939,41.5042836224
20251478420,20250421,Property Damage Only,-93.7905646526,41.5531443072
20251478423,20250421,Property Damage Only,-93.0237379878,40.8805825402
20251478441,20250421,Property Damage Only,-91.7205489175,42.0295415291
20251478444,20250421,Property Damage Only,-91.5628925168,42.036015423
20251478445,20250421,Property Damage Only,-92.88512691,42.2245263117
20251478447,20250422,Property Damage Only,-91.7048249336,41.15614254
20251478452,20250419,Property Damage Only,-93.6987324934,42.0347713431
20251478460,20250417,Property Damage Only,-93.1828323319,41.8975717984
20251478462,20250422,Property Damage Only,-93.4108117875,41.4649639525
20251478467,20250419,Property Damage Only,-93.115291013,42.7380607551
20251478515,20250422,Property Damage Only,-91.5540878423,40.8994011171
20251478557,20250326,Property Damage Only,-96.5068364795,43.4020182308
20251478592,20250421,Property Damage Only,-91.1701222063,40.9657019955
20251478595,20250422,Property Damage Only,-91.545110032,40.9152322868
20251478609,20250423,Property Damage Only,-90.3547122783,41.8882246653
20251478615,20250422,Property Damage Only,-91.3449253008,40.6705772957
20251478616,20250422,Property Damage Only,-91.4539263592,40.8090666429
20251478617,20250423,Property Damage Only,-94.6787813837,40.8564129674
20251478644,20250421,Possible/Unknown Injury Crash,-96.4070364502,42.496335591
20251478660,20250423,Property Damage Only,-92.5888352467,41.3842911333
20251478661,20250423,Property Damage Only,-93.4366656366,42.7010301724
20251478669,20250418,Property Damage Only,-95.7953625001,41.6626200316
20251478717,20250423,Property Damage Only,-93.4243946683,40.9337552152
20251478721,20250420,Property Damage Only,-91.8482113911,42.2171707749
20251478742,20250423,Property Damage Only,-91.5510462697,41.4243255517
20251478752,20250413,Property Damage Only,-94.2280930178,42.5853305693
20251478768,20250423,Property Damage Only,-92.1408888825,43.1660875309
20251478772,20250412,Property Damage Only,-93.5740812828,41.6510585637
20251478779,20250423,Property Damage Only,-91.5484494149,43.0048984149
20251478784,20250423,Property Damage Only,-90.554614015,42.0423982935
20251478803,20250424,Property Damage Only,-90.7499037398,42.4914955026
20251478819,20250418,Property Damage Only,-91.8547422379,42.4519407568
20251478828,20250423,Property Damage Only,-94.0125137609,41.5213379667
20251478834,20250423,Property Damage Only,-95.1687324027,42.8756716448
20251478845,20250313,Property Damage Only,-93.4526779874,43.4229057165
20251478851,20250423,Property Damage Only,-95.8367426111,41.591629242
20251478854,20250424,Property Damage Only,-96.3534213593,43.1996935306
20251478876,20250424,Property Damage Only,-91.1613246178,40.8651621178
20251478877,20250424,Property Damage Only,-91.1699538833,40.9911368448
20251478893,20250423,Property Damage Only,-96.4579598822,43.3900480927
20251478894,20250422,Property Damage Only,-92.3991353389,40.8331401433
20251478896,20250423,Property Damage Only,-95.4224327194,41.6368128713
20251478926,20250421,Property Damage Only,-93.3952323856,42.748189384
20251478927,20250320,Property Damage Only,-91.1645576804,40.7367614442
20251478930,20250424,Property Damage Only,-93.2017118676,42.989513262
20251478970,20250424,Property Damage Only,-91.5475414464,41.9487665704
20251478973,20250423,Property Damage Only,-92.6226756803,41.994126974
20251478984,20250425,Property Damage Only,-92.4634360108,42.256661015
20251478994,20250425,Property Damage Only,-91.3372355334,42.9442760561
20251479021,20250422,Property Damage Only,-91.0357227487,41.6195480575
20251479096,20250424,Property Damage Only,-91.3834690121,42.7359488762
20251479097,20250424,Property Damage Only,-92.6680678108,41.9996531796
20251479100,20250425,Property Damage Only,-93.5635148047,42.1421786421
20251479116,20250426,Property Damage Only,-93.7365158834,41.6244801382
20251479117,20250425,Property Damage Only,-92.321403421,43.0171438875
20251479136,20250425,Property Damage Only,-93.7251316644,42.023232326
20251479138,20250425,Property Damage Only,-93.5656867862,41.5369962967
20251479151,20250425,Property Damage Only,-94.2867039907,42.0345760635
20251479157,20250426,Property Damage Only,-91.4784148466,42.8700759047
20251479165,20250425,Property Damage Only,-91.3330713929,41.5872277072
20251479184,20250422,Property Damage Only,-91.4419913388,40.5120658294
20251479203,20250425,Property Damage Only,-93.6956869447,41.5135848351
20251479205,20250425,Property Damage Only,-91.5067095482,41.6867987871
20251479222,20250425,Property Damage Only,-92.7527332883,42.4627813293
20251479223,20250426,Property Damage Only,-92.276275571,42.96517841
20251479232,20250426,Property Damage Only,-93.2012827686,43.105993839
20251479236,20250426,Property Damage Only,-91.5273879732,43.1994826118
20251479237,20250426,Property Damage Only,-95.0113999566,42.4532854966
20251479240,20250427,Property Damage Only,-93.7266948817,43.1048449072
20251479243,20250426,Property Damage Only,-91.0644436602,41.4527977364
20251479250,20250426,Property Damage Only,-96.4846787867,42.5739752788
20251479251,20250424,Property Damage Only,-93.2383374656,43.1916848561
20251479256,20250425,Property Damage Only,-93.5668137805,41.537008762
20251479272,20250426,Property Damage Only,-92.0651052191,41.768627145
20251479283,20250422,Property Damage Only,-91.355665477,42.907153865
20251479287,20250425,Property Damage Only,-91.9116430504,41.6664162515
20251479289,20250422,Property Damage Only,-91.2906665899,42.8411135235
20251479304,20250427,Property Damage Only,-93.6540796272,41.6669521001
20251479305,20250417,Property Damage Only,-92.6959162411,41.288728008
20251479308,20250427,Property Damage Only,-90.8561780137,42.1567528231
20251479315,20250421,Property Damage Only,-93.2468629472,41.2719212823
20251479324,20250428,Property Damage Only,-92.4157468368,42.4697903657
20251479337,20250428,Property Damage Only,-91.5543071947,40.9045924629
20251479338,20250427,Property Damage Only,-94.1168939786,42.4503204506
20251479359,20250407,Property Damage Only,-95.7752136205,41.1395922898
20251479370,20250427,Property Damage Only,-94.7192487239,42.449306054
20251479374,20250425,Property Damage Only,-91.1197990161,42.4188519662
20251479376,20250426,Property Damage Only,-90.7164507316,42.5290156997
20251479377,20250427,Property Damage Only,-91.8106282915,42.8702455318
20251479388,20250428,Property Damage Only,-95.7813473414,41.0478828236
20251479391,20250418,Property Damage Only,-92.5190200524,42.6938463502
20251479423,20250425,Property Damage Only,-96.0048856317,43.0701949883
20251479438,20250428,Property Damage Only,-92.0664469137,42.7731271706
20251479441,20250425,Property Damage Only,-91.1799685651,41.6695504471
20251479461,20250428,Property Damage Only,-95.23240656,40.9254606885
20251479465,20250427,Property Damage Only,-93.3426224879,43.0565089093
20251479467,20250428,Property Damage Only,-94.1806751345,42.0342388066
20251479495,20250424,Property Damage Only,-92.6513731036,43.0347436839
20251479517,20250428,Property Damage Only,-93.6986882364,42.1034821182
20251479519,20250419,Property Damage Only,-94.7838725064,42.0995681265
20251479529,20250429,Property Damage Only,-96.103073586,41.9586528523
20251479549,20250425,Property Damage Only,-91.6870462283,42.4686851152
20251479550,20250426,Property Damage Only,-91.9087409825,42.4348882614
20251479561,20250426,Property Damage Only,-92.2980463183,41.9167557848
20251479570,20250321,Property Damage Only,-90.5987313955,42.1674377351
20251479584,20250419,Property Damage Only,-93.7839986558,41.1690617049
20251479630,20250429,Property Damage Only,-94.1922280022,41.9270232069
20251479640,20250429,Property Damage Only,-92.6303765827,42.194411553
20251479649,20250430,Property Damage Only,-90.5691153462,41.7306051983
20251479653,20250417,Property Damage Only,-92.4534314733,42.4950846347
20251479665,20250428,Property Damage Only,-95.7336197178,41.3383884263
20251479670,20250429,Property Damage Only,-91.3049088404,42.4197132441
20251479677,20250430,Property Damage Only,-93.5587304917,41.437633416
20251479680,20250426,Property Damage Only,-91.6820809354,42.263735628
20251479688,20250430,Property Damage Only,-94.3995499312,41.6881228948
20251479691,20250424,Property Damage Only,-93.5585117543,41.3925517737
20251479713,20250423,Property Damage Only,-93.4626349761,41.3682603325
20251479760,20250110,Property Damage Only,-93.5763819828,41.7191498064
20251479811,20250317,Property Damage Only,-92.2039437334,43.0668419709
20251479826,20250430,Property Damage Only,-95.7363434198,42.1320676826
20251479828,20250414,Property Damage Only,-94.0277901525,42.1375809716
20251479845,20250430,Property Damage Only,-92.7323550745,43.2067930861
20251479886,20250501,Property Damage Only,-96.4103009027,42.5321751741
20251479896,20250427,Property Damage Only,-90.7120517804,42.4587139747
20251479897,20250429,Property Damage Only,-90.7920329459,42.4865518738
20251479898,20250430,Property Damage Only,-90.9279705034,42.4730796369
20251479937,20250501,Property Damage Only,-93.5740031957,41.5664360371
20251479971,20250412,Property Damage Only,-91.3530079793,41.3327776843
20251479972,20250426,Property Damage Only,-91.7732127393,42.2985824073
20251480031,20250501,Property Damage Only,-92.5862284179,42.1741766411
20251480032,20250501,Property Damage Only,-90.9778963539,41.4448054949
20251480042,20250501,Property Damage Only,-91.0755588657,42.7037220161
20251480049,20250501,Property Damage Only,-93.9118108019,42.5989470282
20251480062,20250429,Property Damage Only,-92.9645228604,41.3024736706
20251480088,20250501,Property Damage Only,-91.318463116,42.1172436998
20251480093,20250429,Property Damage Only,-91.2629644244,43.1497593053
20251480095,20250429,Property Damage Only,-92.0176933837,41.8133918611
20251480153,20250502,Property Damage Only,-93.2901965741,42.3374608847
20251480155,20250428,Property Damage Only,-92.861995255,42.0068501492
20251480167,20250430,Property Damage Only,-92.995676745,42.0074373958
20251480201,20250505,Property Damage Only,-92.2973915995,41.985193478
20251480220,20250501,Possible/Unknown Injury Crash,-91.1529877543,40.8492022139
20251480230,20250502,Property Damage Only,-90.4712484159,41.6809756326
20251480237,20250503,Property Damage Only,-92.7280335615,43.1126553893
20251480240,20250502,Property Damage Only,-95.3843876295,41.9968882317
20251480262,20250502,Property Damage Only,-93.7207305892,41.6525293842
20251480268,20250501,Property Damage Only,-92.7345318706,42.3573792767
20251480269,20250502,Property Damage Only,-92.6232394381,42.5425089238
20251480284,20250426,Property Damage Only,-92.5273164212,42.6139831035
20251480297,20250502,Property Damage Only,-92.2139057504,40.683782948
20251480300,20250502,Property Damage Only,-93.577852182,41.736985374
20251480331,20250503,Property Damage Only,-92.8674535264,42.006892608
20251480332,20250501,Property Damage Only,-94.3980492616,42.7323320062
20251480334,20250503,Property Damage Only,-92.3435655442,42.9653859803
20251480335,20250502,Property Damage Only,-91.1586498311,40.8550667547
20251480339,20250503,Property Damage Only,-91.5904141438,42.8198564721
20251480353,20250504,Property Damage Only,-93.5697288201,42.0550193965
20251480354,20250503,Possible/Unknown Injury Crash,-92.4722549315,41.9644154701
20251480359,20250417,Property Damage Only,-92.2212354128,41.177042142
20251480363,20250503,Property Damage Only,-91.4264089763,40.4060402999
20251480378,20250504,Property Damage Only,-90.6547069965,42.0618605703
20251480392,20250504,Property Damage Only,-91.5236056735,42.4642014433
20251480397,20250502,Property Damage Only,-92.935628396,41.4107784767
20251480400,20250502,Property Damage Only,-94.12896933,42.4496347743
20251480401,20250502,Property Damage Only,-92.0832291644,42.9650917267
20251480405,20250503,Property Damage Only,-90.7393194247,42.4884054255
20251480413,20250504,Property Damage Only,-90.3830447265,42.186942377
20251480416,20250505,Property Damage Only,-92.4257692751,41.9644085331
20251480418,20250504,Property Damage Only,-92.6719459323,43.0395501492
20251480426,20250504,Property Damage Only,-91.3993473616,40.610205692
20251480431,20250504,Property Damage Only,-96.3554155918,42.443932045
20251480446,20250504,Property Damage Only,-93.4454036169,42.0057267465
20251480447,20250426,Property Damage Only,-93.6568075686,42.0344695168
20251480459,20250504,Property Damage Only,-91.3412933313,42.5405870906
20251480460,20250505,Possible/Unknown Injury Crash,-91.1983827943,42.4707886419
20251480481,20250504,Property Damage Only,-93.7966499926,40.9701591247
20251480484,20250503,Property Damage Only,-91.2730114756,42.0813546316
20251480488,20250427,Property Damage Only,-92.0415335002,41.0147964531
20251480492,20250503,Property Damage Only,-93.6548606817,41.2252756207
20251480494,20250503,Property Damage Only,-93.7877976605,41.1498400044
20251480495,20250502,Property Damage Only,-94.9195770306,41.2588920343
20251480500,20250503,Property Damage Only,-92.6588602005,41.272302069
20251480501,20250504,Property Damage Only,-92.699104091,41.3200923456
20251480505,20250503,Property Damage Only,-92.1141329951,41.0099364467
20251480511,20250427,Property Damage Only,-91.722286357,43.4327269171
20251480515,20250502,Property Damage Only,-96.3993838564,42.5638533397
20251480521,20250502,Property Damage Only,-92.2309885992,42.4640976411
20251480541,20250504,Property Damage Only,-93.0515527416,42.4242297257
20251480556,20250505,Property Damage Only,-93.2509730396,42.7413469442
20251480559,20250501,Property Damage Only,-91.2007809425,41.3348034924
20251480564,20250427,Property Damage Only,-91.8852978764,42.6793729599
20251480565,20250430,Property Damage Only,-91.9819433618,42.6910613088
20251480566,20250502,Property Damage Only,-91.7254746757,42.7788089238
20251480567,20250503,Property Damage Only,-91.6666897626,42.7678194705
20251480568,20250502,Property Damage Only,-92.1665152743,42.8474276367
20251480569,20250502,Property Damage Only,-92.3362677683,42.7553050959
20251480574,20250503,Property Damage Only,-92.3374937635,42.5722109205
20251480580,20250505,Property Damage Only,-90.2467338035,41.8737072455
20251480590,20250505,Property Damage Only,-96.6437001508,40.2330912513
20251480632,20250505,Property Damage Only,-90.6652015629,42.4836768487
20251480635,20250505,Property Damage Only,-92.9936327841,43.1164633064
20251480638,20250503,Property Damage Only,-93.0258003748,40.8121446762
20251480642,20250505,Property Damage Only,-90.5218161667,41.6987392183
20251480643,20250505,Property Damage Only,-90.640531057,41.9635592905
20251480648,20250505,Property Damage Only,-91.5294428271,42.2163274056
20251480682,20250502,Property Damage Only,-91.3735898209,43.1515117851
20251480683,20250505,Property Damage Only,-91.154313736,40.8501512462
20251480684,20250505,Property Damage Only,-91.5337517119,41.283286214
20251480693,20250505,Property Damage Only,-90.8249232073,42.6284550497
20251480694,20250506,Property Damage Only,-90.6941526208,42.4066015235
20251480703,20250426,Property Damage Only,-94.0635524907,41.6036260981
20251480714,20250502,Property Damage Only,-91.307281779,41.7626439073
20251480716,20250503,Property Damage Only,-92.4770114081,42.46494392
20251480721,20250502,Property Damage Only,-90.7745391026,42.4576575102
20251480768,20250504,Property Damage Only,-92.9959786477,42.0074464135
20251480772,20250502,Property Damage Only,-91.5926444243,41.6531709876
20251480793,20250426,Property Damage Only,-93.5818155487,41.651091732
20251480804,20250505,Property Damage Only,-90.5238700842,41.592519025
20251480805,20250504,Property Damage Only,-91.48748116,41.6864392046
20251480808,20250424,Property Damage Only,-91.4419468721,41.3545708889
20251480834,20250506,Property Damage Only,-93.5769352661,41.7272443681
20251480847,20250507,Property Damage Only,-93.5376794748,41.9043935728
20251480850,20250506,Property Damage Only,-91.5617269512,41.990716913
20251480861,20250507,Property Damage Only,-91.5540963724,40.8984643939
20251480862,20250507,Property Damage Only,-91.6119758182,41.0252505159
20251480866,20250507,Possible/Unknown Injury Crash,-93.5701604687,42.1612663623
20251480868,20250506,Property Damage Only,-91.3797375458,40.6380830488
20251480875,20250507,Property Damage Only,-93.9120485374,42.5634178335
20251480882,20250507,Suspected Minor Injury Crash,-93.7267610321,41.194397862
20251480891,20250502,Property Damage Only,-90.567798005,41.8157659976
20251480924,20250506,Property Damage Only,-92.5559404418,41.5078689613
20251480946,20250430,Property Damage Only,-91.98380969,42.568206083
20251480947,20250506,Property Damage Only,-92.0181893779,42.3363444297
20251480957,20250506,Property Damage Only,-92.6402712682,41.1828514996
20251480958,20250507,Property Damage Only,-91.5283143146,41.2026360502
20251480961,20250506,Property Damage Only,-92.337025756,42.8091256774
20251480975,20250503,Property Damage Only,-92.4534183632,42.4951926424
20251480982,20250505,Property Damage Only,-92.4645822088,42.5075112984
20251480998,20250507,Property Damage Only,-92.7492762459,43.1388721048
20251481014,20250507,Property Damage Only,-91.5649739316,41.8492116351
20251481027,20250507,Property Damage Only,-95.0648043637,43.4305399353
20251481054,20250501,Property Damage Only,-92.0926103243,42.3668304767
20251481056,20250325,Property Damage Only,-92.2336356708,42.3596554212
20251481061,20250507,Property Damage Only,-93.8730536323,41.7844885247
20251481095,20250508,Property Damage Only,-90.426077103,41.568187581
20251481118,20250507,Property Damage Only,-90.7626401935,41.4565354364
20251481127,20250508,Property Damage Only,-94.4561932664,40.9789017287
20251481163,20250509,Property Damage Only,-90.6796899633,42.4906351142
20251481165,20250507,Property Damage Only,-92.8940071242,40.6361775876
20251481166,20250508,Property Damage Only,-91.0554454568,40.9058693304
20251481175,20250505,Property Damage Only,-91.038103817,41.5587936619
20251481204,20250508,Property Damage Only,-91.9309575859,40.9888446291
20251481206,20250508,Property Damage Only,-91.562627593,40.6639805515
20251481207,20250507,Property Damage Only,-91.4552680603,40.631299108
20251481221,20250508,Property Damage Only,-91.8381769183,41.0020623076
20251481224,20250508,Property Damage Only,-91.1881421234,41.6543682924
20251481227,20250509,Property Damage Only,-90.6741260994,41.5188966232
20251481233,20250503,Property Damage Only,-94.1367782288,42.4477204044
20251481239,20250326,Property Damage Only,-94.8380605362,40.7415300128
20251481274,20250509,Property Damage Only,-95.3057659002,42.4749714827
20251481280,20250509,Property Damage Only,-94.8871280951,41.4973040538
20251481294,20250510,Property Damage Only,-94.0541101829,41.2144401179
20251481301,20250509,Property Damage Only,-92.8101781177,43.1713797635
20251481334,20250509,Property Damage Only,-94.3131148054,42.4496181391
20251481335,20250509,Property Damage Only,-92.3734402893,41.9646572572
20251481337,20250510,Possible/Unknown Injury Crash,-93.925454345,41.405155962
20251481338,20250510,Property Damage Only,-92.2106109451,41.695807726
20251481343,20250430,Property Damage Only,-93.1040572234,41.3493623581
20251481345,20250505,Property Damage Only,-93.0405735644,41.4689330551
20251481346,20250506,Property Damage Only,-93.2473658293,41.2754602678
20251481365,20250510,Property Damage Only,-91.4279933166,40.5378115366
20251481418,20250509,Property Damage Only,-91.0014008858,41.4640767183
20251481419,20250510,Suspected Minor Injury Crash,-91.4276912244,41.8382273276
20251481430,20250510,Property Damage Only,-92.339005692,40.7001338782
20251481432,20250510,Property Damage Only,-90.5955424769,41.9119941689
20251481440,20250428,Property Damage Only,-93.0343196962,41.418618959
20251481456,20250511,Property Damage Only,-95.8091297431,41.0459925583
20251481459,20250510,Property Damage Only,-91.6091476371,40.6722975688
20251481498,20250510,Property Damage Only,-94.243225345,40.7452019801
20251481500,20250510,Property Damage Only,-95.5972734752,41.4612798194
20251481509,20250510,Property Damage Only,-95.6814002993,41.370455706
20251481537,20250511,Property Damage Only,-90.4604396511,42.2046226318
20251481544,20250511,Property Damage Only,-93.6171345336,42.8805777684
20251481545,20250511,Property Damage Only,-93.7469226982,42.1665201384
20251481554,20250512,Property Damage Only,-93.5073561469,40.616301435
20251481565,20250511,Property Damage Only,-92.5947363572,43.0380510922
20251481572,20250511,Property Damage Only,-91.360249646,40.6665801632
20251481581,20250512,Property Damage Only,-91.2943487223,42.5664818654
20251481613,20250511,Property Damage Only,-93.4102896947,42.0079831876
20251481615,20250510,Property Damage Only,-93.5703268507,42.2659546159
20251481616,20250512,Property Damage Only,-95.8374117544,41.2264563778
20251481635,20250507,Property Damage Only,-93.653793165,42.0067464816
20251481640,20250511,Property Damage Only,-93.2685207631,43.1482417997
20251481648,20250508,Property Damage Only,-93.6063610649,41.6496588287
20251481657,20250508,Property Damage Only,-90.6442338061,42.4426338705
20251481658,20250509,Property Damage Only,-90.8155510203,42.4400668714
20251481662,20250511,Property Damage Only,-90.9816134705,42.4406090286
20251481663,20250511,Property Damage Only,-90.7263283746,42.5621261708
20251481664,20250511,Property Damage Only,-90.6951891586,42.5387116668
20251481665,20250511,Property Damage Only,-90.7835748026,42.3759106131
20251481668,20250511,Property Damage Only,-90.538977394,41.5959147432
20251481669,20250511,Property Damage Only,-93.8036334738,40.8520845565
20251481670,20250512,Property Damage Only,-93.5700732045,41.967779735
20251481671,20250510,Property Damage Only,-92.534074518,42.8078096346
20251481682,20250509,Property Damage Only,-93.5778395114,41.7369133815
20251481689,20250511,Property Damage Only,-95.3681062801,42.6342521259
20251481694,20250509,Property Damage Only,-92.9165614301,41.4254035501
20251481698,20250509,Property Damage Only,-92.1077423406,41.0094007165
20251481701,20250509,Property Damage Only,-93.4871550467,41.2842975994
20251481707,20250505,Property Damage Only,-94.5413030087,43.1842603467
20251481709,20250512,Property Damage Only,-91.4428848959,40.5015019146
20251481712,20250427,Property Damage Only,-94.0268815848,42.2459969926
20251481714,20250510,Property Damage Only,-92.2988591193,43.2807949188
20251481719,20250508,Property Damage Only,-92.032201436,42.3416240057
20251481720,20250509,Property Damage Only,-91.8640632547,42.4502773888
20251481723,20250512,Property Damage Only,-90.9855843561,41.4447062466
20251481727,20250506,Property Damage Only,-92.9430141787,41.4069000974
20251481734,20250510,Property Damage Only,-92.0366255948,41.015350065
20251481736,20250510,Property Damage Only,-92.03616104,41.0154002293
20251481754,20250503,Suspected Minor Injury Crash,-91.118738217,41.27054948
20251481758,20250509,Property Damage Only,-93.0701534626,42.3608803118
20251481769,20250511,Property Damage Only,-95.8043956902,40.8605863829
20251481773,20250512,Property Damage Only,-90.8403691442,41.822306499
20251481808,20250512,Property Damage Only,-92.6729445782,42.5650949672
20251481811,20250510,Property Damage Only,-94.2271498223,42.7624685588
20251481817,20250512,Property Damage Only,-92.8556144098,40.7325654075
20251481826,20250511,Property Damage Only,-90.5659210956,41.6996193496
20251481827,20250513,Property Damage Only,-90.348034691,41.635724139
20251481830,20250512,Property Damage Only,-90.5674912439,41.7841121882
20251481832,20250512,Property Damage Only,-92.5599719041,43.0669908141
20251481833,20250512,Property Damage Only,-92.729124206,43.1133963785
20251481872,20250511,Property Damage Only,-93.3316596231,43.1026375676
20251481884,20250509,Property Damage Only,-92.5467630516,42.8924383896
20251481885,20250510,Property Damage Only,-92.4749576805,42.6782533541
20251481886,20250512,Property Damage Only,-93.8429712999,42.2674718799
20251481892,20250512,Property Damage Only,-93.68316285,41.7511249363
20251481915,20250420,Property Damage Only,-92.4339179161,42.537551395
20251481923,20250512,Property Damage Only,-91.9086909658,41.7685627834
20251481954,20250501,Property Damage Only,-91.8633758505,42.2268775744
20251481955,20250502,Property Damage Only,-92.0447290543,42.1810326178
20251481959,20250510,Property Damage Only,-92.1548663881,42.1378019746
20251481960,20250512,Property Damage Only,-91.8907332533,42.2547942265
20251481981,20250426,Property Damage Only,-91.487993632,43.2366616782
20251481982,20250514,Property Damage Only,-91.5539746317,41.6198697857
20251482009,20250512,Property Damage Only,-90.9944331857,42.440455903
20251482013,20250510,Property Damage Only,-91.0747580413,42.7106695252
20251482014,20250512,Property Damage Only,-91.1089568048,42.8272877259
20251482016,20250513,Property Damage Only,-91.4774577754,41.6253665952
20251482023,20250513,Property Damage Only,-90.598007471,41.618202709
20251482025,20250509,Property Damage Only,-93.3405953181,43.0097158344
20251482026,20250513,Property Damage Only,-93.5659988779,41.4875172188
20251482032,20250512,Property Damage Only,-91.5417942845,41.9261955971
20251482039,20250513,Property Damage Only,-91.0380520703,41.5648633046
20251482040,20250514,Property Damage Only,-90.7908449214,41.9789888748
20251482045,20250514,Property Damage Only,-93.2901215228,43.1336912429
20251482059,20250507,Property Damage Only,-91.3195110253,40.6418883741
20251482061,20250512,Property Damage Only,-92.9998917539,41.747787706
20251482063,20250513,Property Damage Only,-91.5781082869,42.3092254048
20251482074,20250513,Property Damage Only,-91.7425236066,43.3796546794
20251482085,20250514,Property Damage Only,-95.4440513188,43.1846307166
20251482086,20250506,Suspected Minor Injury Crash,-93.9858972329,41.0415080275
20251482089,20250513,Property Damage Only,-95.8852613648,42.1291372261
20251482091,20250514,Property Damage Only,-93.5032292525,41.5989145559
20251482099,20250514,Property Damage Only,-93.7347060967,41.7925810999
20251482101,20250514,Property Damage Only,-93.5703956579,41.91190048
20251482127,20250514,Property Damage Only,-93.5585694863,41.4034866712
20251482134,20250514,Property Damage Only,-90.5866851108,41.8904371401
20251482151,20250510,Property Damage Only,-93.3290652037,41.6812404203
20251482152,20250512,Property Damage Only,-95.7593105023,41.3148627006
20251482169,20250509,Property Damage Only,-93.5702348564,41.9236370718
20251482193,20250514,Property Damage Only,-92.9498510514,42.887615219
20251482197,20250514,Property Damage Only,-90.5812065125,41.7278254207
20251482207,20250514,Property Damage Only,-94.4430379873,42.1516890091
20251482209,20250512,Property Damage Only,-91.7012390273,42.0873614454
20251482211,20250510,Property Damage Only,-94.0177965839,42.0295123393
20251482212,20250514,Property Damage Only,-92.0632258687,41.2551514505
20251482213,20250514,Property Damage Only,-91.4539521195,42.950522854
20251482214,20250513,Property Damage Only,-92.5091140505,42.6184904444
20251482216,20250515,Property Damage Only,-91.7016586484,42.0905003828
20251482228,20250513,Property Damage Only,-91.0779983361,42.4662569351
20251482238,20250515,Property Damage Only,-94.377237431,41.9936720985
20251482275,20250513,Property Damage Only,-95.0989107398,42.894514908
20251482281,20250514,Property Damage Only,-94.1946299704,41.5325965817
20251482283,20250508,Property Damage Only,-92.0625143463,42.5454983393
20251482287,20250515,Property Damage Only,-92.7014488201,41.6950776444
20251482288,20250513,Property Damage Only,-92.4657507502,42.7684278385
20251482296,20250305,Property Damage Only,-95.8012521345,43.4037333481
20251482310,20250412,Property Damage Only,-95.7926934665,43.4327190605
20251482311,20250420,Property Damage Only,-95.7620047639,43.3732561816
20251482342,20250514,Property Damage Only,-91.3427224767,40.8561564998
20251482373,20250515,Property Damage Only,-92.4791721934,40.7402730647
20251482391,20250515,Property Damage Only,-92.5522240168,41.6193021329
20251482428,20250509,Property Damage Only,-92.1784943859,42.4499094053
20251482433,20250515,Property Damage Only,-90.7025681261,42.5327453941
20251482434,20250515,Property Damage Only,-90.7031268585,42.5324504234
20251482436,20250514,Property Damage Only,-91.3007255539,42.5671890055
20251482449,20250515,Property Damage Only,-93.8003762216,42.4245722056
20251482452,20250502,Property Damage Only,-94.6703341642,42.4737682307
20251482455,20250515,Possible/Unknown Injury Crash,-93.9365578964,41.551651535
20251482463,20250515,Property Damage Only,-92.8704569162,40.7306731842
20251482464,20250515,Property Damage Only,-92.7323048849,41.259642124
20251482496,20250515,Property Damage Only,-92.0072790064,41.6157797028
20251482506,20250516,Property Damage Only,-93.5703930515,42.3982179029
20251482538,20250516,Property Damage Only,-90.6080825759,41.9300429394
20251482544,20250516,Property Damage Only,-91.1741304717,42.9570801572
20251482555,20250516,Property Damage Only,-93.8434821791,40.7292674914
20251482560,20250516,Property Damage Only,-92.347657167,42.2542506777
20251482569,20250516,Property Damage Only,-95.0589711916,40.6377401461
20251482573,20250515,Property Damage Only,-93.5910309648,42.2016802407
20251482574,20250515,Property Damage Only,-90.5008689449,41.8075470114
20251482645,20250426,Property Damage Only,-94.2071668384,42.6956631049
20251482646,20250517,Property Damage Only,-94.2274022574,42.8890069985
20251482654,20250511,Property Damage Only,-93.2595119908,41.2973044138
20251482655,20250512,Property Damage Only,-92.9621770801,41.3722826722
20251482657,20250513,Property Damage Only,-92.9207576508,41.4978989849
20251482667,20250517,Suspected Minor Injury Crash,-91.1429665636,40.787905159
20251482669,20250517,Property Damage Only,-95.9572888686,42.6156052189
20251482677,20250512,Property Damage Only,-94.5597295169,43.1119464705
20251482678,20250513,Property Damage Only,-94.724756647,43.242187387
20251482686,20250517,Property Damage Only,-92.493218694,42.391843298
20251482720,20250518,Property Damage Only,-92.4419857896,41.0182596078
20251482756,20250509,Property Damage Only,-94.6300567415,42.054061064
20251482757,20250515,Property Damage Only,-91.5834813864,41.6465914616
20251482758,20250515,Property Damage Only,-91.5886526325,41.6506361321
20251482763,20250518,Property Damage Only,-92.3840099531,41.7463977329
20251482770,20250519,Property Damage Only,-90.7406597255,42.5005169344
20251482772,20250518,Property Damage Only,-95.056130515,43.1272336158
20251482773,20250513,Property Damage Only,-95.1613386672,42.9996984345
20251482782,20250518,Property Damage Only,-93.2185443781,43.1044223328
20251482786,20250516,Property Damage Only,-95.855540924,41.5731245424
20251482787,20250518,Property Damage Only,-92.620711863,43.0063163084
20251482788,20250518,Property Damage Only,-92.8770850922,43.1265910121
20251482789,20250518,Property Damage Only,-93.3493420555,43.4212781043
20251482790,20250515,Property Damage Only,-93.5681284566,42.0666457479
20251482791,20250516,Property Damage Only,-93.5708666269,42.1711428287
20251482797,20250512,Possible/Unknown Injury Crash,-95.7481140099,42.4065000894
20251482807,20250518,Property Damage Only,-90.9747995244,42.0711283226
20251482813,20250516,Property Damage Only,-93.2739053891,41.5224966658
20251482814,20250518,Property Damage Only,-93.3553468711,42.9803054002
20251482817,20250516,Property Damage Only,-90.7342590886,42.4630906459
20251482818,20250516,Property Damage Only,-90.591402096,42.4008314585
20251482835,20250518,Property Damage Only,-90.6795894833,41.6023528372
20251482839,20250517,Property Damage Only,-92.6404836648,41.2203070073
20251482840,20250517,Property Damage Only,-91.9235450476,43.1049075254
20251482847,20250517,Property Damage Only,-92.6384535615,41.0013872481
20251482854,20250517,Property Damage Only,-92.2190379406,42.7330156809
20251482855,20250518,Property Damage Only,-92.4881847726,42.6935236033
20251482856,20250518,Property Damage Only,-92.5443575608,42.8764805408
20251482861,20250517,Property Damage Only,-93.6065837448,41.3370287447
20251482865,20250518,Property Damage Only,-93.5700805515,42.1901140865
20251482873,20250518,Property Damage Only,-93.7786523836,42.449001747
20251482878,20250518,Property Damage Only,-92.6399249536,41.204712618
20251482879,20250517,Property Damage Only,-95.1820512561,40.742455006
20251482882,20250518,Property Damage Only,-90.5563238078,41.8082004237
20251482922,20250517,Property Damage Only,-93.1381940738,42.3609445779
20251482923,20250516,Property Damage Only,-91.9532600947,42.988713704
20251482924,20250518,Property Damage Only,-93.7203690437,41.7643901234
20251482942,20250515,Property Damage Only,-91.8533856128,43.2435916526
20251482943,20250519,Property Damage Only,-91.8523325421,41.6871317304
20251482946,20250515,Property Damage Only,-91.3555704209,41.3159437567
20251482947,20250516,Property Damage Only,-93.0631878399,42.4020060606
20251482953,20250518,Property Damage Only,-93.7970755887,40.9106839966
20251482960,20250516,Property Damage Only,-93.8020576115,42.4267849144
20251482964,20250517,Property Damage Only,-92.0074130418,41.6446035427
20251482965,20250518,Property Damage Only,-91.94994737,41.6872184979
20251482966,20250518,Property Damage Only,-92.0065161155,41.7622539242
20251482968,20250518,Property Damage Only,-93.7800264923,41.4904352777
20251482978,20250506,Property Damage Only,-93.3512220896,42.9149496681
20251482981,20250519,Property Damage Only,-91.1638582395,40.7372187298
20251483010,20250519,Property Damage Only,-90.3526099913,41.648294105
20251483022,20250518,Property Damage Only,-93.2752291454,42.0079361395
20251483043,20250518,Suspected Serious Injury Crash,-93.0320936642,41.5879236119
20251483062,20250514,Property Damage Only,-93.0417259655,41.9934425402
20251483063,20250515,Property Damage Only,-92.9978256325,42.0269278271
20251483065,20250515,Property Damage Only,-92.9425935755,42.0035412532
20251483066,20250515,Property Damage Only,-93.0013042237,42.0075095231
20251483067,20250516,Property Damage Only,-93.1923720032,41.8908191062
20251483068,20250519,Suspected Minor Injury Crash,-92.7998707642,42.0085960084
20251483072,20250517,Property Damage Only,-94.7504416312,41.4966740611
20251483075,20250520,Property Damage Only,-95.733010197,40.7499203896
20251483082,20250519,Property Damage Only,-92.7270456147,41.6354687059
20251483088,20250515,Property Damage Only,-92.1416346367,42.7731391007
20251483089,20250519,Property Damage Only,-92.363385131,42.7731456889
20251483090,20250516,Property Damage Only,-92.4724768449,42.6714157323
20251483113,20250518,Property Damage Only,-90.4582128144,41.5435232004
20251483126,20250519,Property Damage Only,-93.8534455481,41.729666545
20251483149,20250519,Property Damage Only,-96.6437001508,40.2330912513
20251483152,20250514,Property Damage Only,-91.6525188601,42.0699218503
20251483186,20250520,Property Damage Only,-93.9174911013,41.2410835839
20251483187,20250520,Property Damage Only,-93.4993105231,40.8071755065
20251483201,20250521,Property Damage Only,-92.3123524041,43.0847711799
20251483217,20250519,Property Damage Only,-90.6606453742,42.4554334703
20251483218,20250517,Property Damage Only,-90.6941437756,42.4065112919
20251483231,20250520,Property Damage Only,-94.2422789717,41.047920181
20251483246,20250520,Property Damage Only,-92.4492690541,42.7220977245
20251483252,20250520,Property Damage Only,-95.5570055211,40.7914810158
20251483258,20250520,Property Damage Only,-95.4381172934,41.4986027189
20251483265,20250521,Possible/Unknown Injury Crash,-91.134247648,41.412825677
20251483284,20250503,Property Damage Only,-93.3536545621,41.7833255662
20251483288,20250516,Property Damage Only,-93.5284881643,41.6591494978
20251483317,20250514,Property Damage Only,-91.1609410027,40.8614447964
20251483318,20250514,Property Damage Only,-92.1672930676,42.3332914207
20251483321,20250509,Property Damage Only,-92.1367841257,42.4498550293
20251483355,20250521,Property Damage Only,-93.3290991896,42.9800957125
20251483379,20250521,Property Damage Only,-91.6765214494,42.0369138019
20251483380,20250522,Property Damage Only,-90.9988503406,41.4742010558
20251483381,20250522,Property Damage Only,-91.0591950527,41.4870794403
20251483382,20250521,Property Damage Only,-92.9449247167,43.0973778057
20251483391,20250522,Property Damage Only,-95.8957820054,41.6000446892
20251483393,20250521,Property Damage Only,-94.9190680038,41.4035359662
20251483405,20250521,Property Damage Only,-91.2094065857,42.1994929221
20251483407,20250522,Property Damage Only,-93.4045900326,41.2224905017
20251483411,20250521,Property Damage Only,-95.3150280609,41.9792432197
20251483468,20250521,Property Damage Only,-91.1521263894,40.847756176
20251483471,20250522,Property Damage Only,-91.6921865832,42.0654003229
20251483485,20250510,Property Damage Only,-93.5764279421,41.6812297429
20251483507,20250522,Property Damage Only,-93.1285290216,43.4407387627
20251483508,20250514,Property Damage Only,-94.2268635547,42.6456447182
20251483509,20250522,Property Damage Only,-92.1379885167,43.3710735097
20251483510,20250522,Property Damage Only,-93.4642124162,43.2134131745
20251483514,20250522,Property Damage Only,-92.0639818975,41.2966558337
20251483515,20250522,Property Damage Only,-92.3375401479,42.5413395196
20251483519,20250522,Property Damage Only,-91.618209149,41.9261860908
20251483522,20250522,Property Damage Only,-95.1580667696,42.6334415384
20251483526,20250523,Property Damage Only,-91.4972006352,41.9203066972
20251483531,20250522,Property Damage Only,-94.0899041281,42.5235989446
20251483532,20250523,Property Damage Only,-90.5677639381,41.7985366922
20251483543,20250517,Property Damage Only,-93.6449875629,42.053126044
20251483547,20250523,Property Damage Only,-95.8995083715,41.4577910246
20251483548,20250521,Property Damage Only,-91.5639549007,40.7844913492
20251483549,20250523,Property Damage Only,-92.6412988839,41.0160975204
20251483556,20250523,Property Damage Only,-95.2551586239,43.1836317247
20251483557,20250509,Property Damage Only,-91.6568419676,42.3981351962
20251483558,20250515,Property Damage Only,-91.8895344564,42.2982278984
20251483559,20250515,Property Damage Only,-92.055086497,42.3860792846
20251483560,20250519,Property Damage Only,-91.9047378853,42.5724215751
20251483562,20250522,Property Damage Only,-94.7628580124,41.4389658433
20251483566,20250523,Property Damage Only,-94.9039903714,43.3993139266
20251483585,20250523,Property Damage Only,-96.3528677269,42.4804571296
20251483592,20250521,Property Damage Only,-95.3271211895,42.5036805938
20251483630,20250523,Property Damage Only,-91.3433596542,41.9189823035
20251483632,20250523,Property Damage Only,-96.2752776279,42.2798811298
20251483633,20250523,Property Damage Only,-91.2685306713,40.8322765002
20251483642,20250523,Property Damage Only,-91.0876436524,41.448772503
20251483652,20250517,Property Damage Only,-96.1787535535,43.283901086
20251483655,20250522,Property Damage Only,-90.9924001279,41.481807444
20251483664,20250522,Property Damage Only,-93.541235991,41.8029146631
20251483682,20250523,Property Damage Only,-92.7652671646,42.0066390683
20251483683,20250523,Property Damage Only,-93.122848464,43.1670949317
20251483701,20250523,Property Damage Only,-90.6791511865,42.2758099116
20251483702,20250522,Property Damage Only,-91.3301691187,41.4482893251
20251483704,20250523,Property Damage Only,-92.2988733152,42.0668289501
20251483710,20250523,Property Damage Only,-94.9850278856,41.0869144869
20251483712,20250523,Property Damage Only,-91.2862954123,40.6967461315
20251483721,20250523,Property Damage Only,-90.8597912574,41.6329059843
20251483724,20250523,Property Damage Only,-91.5918161761,41.6917282273
20251483752,20250521,Property Damage Only,-92.4525409989,42.4995112614
20251483771,20250524,Property Damage Only,-92.321732367,41.9643453983
20251483772,20250524,Property Damage Only,-90.7721686411,41.7887431788
20251483775,20250524,Property Damage Only,-92.3377041828,43.0236689591
20251483777,20250524,Property Damage Only,-90.5570876316,42.3745839434
20251483778,20250524,Property Damage Only,-94.2423753808,42.070972877
20251483780,20250523,Fatal Crash,-91.324077541,43.2229415051
20251483789,20250524,Property Damage Only,-91.2801452187,41.5825570212
20251483806,20250524,Property Damage Only,-91.1817674412,40.6592045842
20251483813,20250524,Property Damage Only,-92.4048530425,42.0204042951
20251483815,20250525,Property Damage Only,-94.7086259508,43.3994112264
20251483821,20250515,Property Damage Only,-94.2272747681,42.8535371317
20251483822,20250525,Suspected Serious Injury Crash,-91.3744130095,42.0688045698
20251483823,20250523,Property Damage Only,-91.617809541,40.6389985416
20251483845,20250524,Property Damage Only,-93.348972315,43.2663471611
20251483862,20250525,Property Damage Only,-90.6903905915,42.4276522804
20251483875,20250525,Property Damage Only,-92.1584062528,41.6202100431
20251483876,20250525,Property Damage Only,-91.9297315991,40.8033369268
20251483884,20250525,Property Damage Only,-93.5780447436,41.6739348615
20251483889,20250523,Property Damage Only,-92.5877493333,42.3256852743
20251483891,20250526,Property Damage Only,-93.4709404106,40.9814083834
20251483892,20250526,Property Damage Only,-91.3027045446,42.7289267894
20251483895,20250525,Property Damage Only,-91.3295481851,41.5856814209
20251483897,20250524,Property Damage Only,-93.8434350202,40.7311596241
20251483899,20250522,Property Damage Only,-91.9119572157,41.7959745133
20251483910,20250522,Property Damage Only,-93.345607122,42.9778408067
20251483912,20250523,Property Damage Only,-91.4329066441,41.1764803433
20251483949,20250526,Property Damage Only,-93.4151043968,41.6775571713
20251483950,20250526,Property Damage Only,-93.3597961549,41.6806619385
20251483957,20250524,Property Damage Only,-90.510115128,41.7279091797
20251483966,20250524,Property Damage Only,-93.3409778449,43.0034471675
20251483976,20250526,Property Damage Only,-91.555595953,41.9259918044
20251483977,20250524,Property Damage Only,-91.0740070231,42.71205269
20251483996,20250526,Property Damage Only,-90.5974938361,41.519139729
20251483997,20250525,Property Damage Only,-92.9269560436,42.0034513081
20251484000,20250526,Property Damage Only,-93.7363532771,41.6566006583
20251484003,20250523,Property Damage Only,-90.9554103849,42.3156699056
20251484004,20250524,Property Damage Only,-90.8790164245,42.3296813068
20251484007,20250527,Property Damage Only,-91.4573644727,42.773871632
20251484008,20250521,Property Damage Only,-93.3501325418,43.2838846653
20251484040,20250524,Property Damage Only,-91.2181189618,41.6604031931
20251484045,20250525,Property Damage Only,-93.5696214819,41.9455174447
20251484049,20250522,Property Damage Only,-91.2674150609,42.0964185173
20251484050,20250525,Property Damage Only,-91.139510428,42.2744795178
20251484066,20250526,Property Damage Only,-94.6784693804,42.6884826324
20251484070,20250526,Property Damage Only,-93.5706046066,42.2644852227
20251484071,20250523,Property Damage Only,-93.054190776,43.4310373812
20251484074,20250522,Property Damage Only,-91.1128745632,41.3790790511
20251484083,20250526,Property Damage Only,-96.4861330379,42.5766773111
20251484090,20250527,Property Damage Only,-90.3320601784,41.9442022697
20251484097,20250526,Property Damage Only,-93.36076914,41.4434417144
20251484111,20250524,Property Damage Only,-92.4656781242,42.4631354965
20251484112,20250525,Possible/Unknown Injury Crash,-94.739487601,41.4965160476
20251484116,20250522,Property Damage Only,-91.876731012,42.1385501892
20251484133,20250519,Property Damage Only,-91.8117489765,42.4592480421
20251484135,20250522,Property Damage Only,-93.3493433425,43.4150560458
20251484136,20250523,Property Damage Only,-92.3371242031,42.6989988369
20251484137,20250526,Property Damage Only,-92.534188348,42.7045175661
20251484138,20250522,Property Damage Only,-92.5447477156,42.866711373
20251484141,20250526,Property Damage Only,-92.5339607723,42.7871147924
20251484147,20250512,Property Damage Only,-92.4358645331,41.6962155137
20251484148,20250523,Property Damage Only,-92.1435569572,41.6955257152
20251484155,20250522,Property Damage Only,-92.0465690148,41.0144598805
20251484162,20250525,Property Damage Only,-91.5575918777,41.6234459509
20251484178,20250525,Property Damage Only,-94.0385496648,42.4492559708
20251484195,20250526,Property Damage Only,-95.7982937118,42.4822960099
20251484198,20250522,Property Damage Only,-93.0003142455,42.0614681511
20251484201,20250526,Property Damage Only,-92.5341667559,42.7041392459
20251484207,20250522,Property Damage Only,-93.0918760376,41.2043651106
20251484210,20250523,Property Damage Only,-92.957411903,41.4180126875
20251484211,20250523,Property Damage Only,-95.3682876062,42.8654754277
20251484212,20250524,Property Damage Only,-95.2697868416,42.6044643567
20251484227,20250521,Property Damage Only,-93.0529520193,41.683852013
20251484236,20250527,Property Damage Only,-95.8152155204,40.6872715689
20251484256,20250524,Property Damage Only,-91.6360197672,41.6942429544
20251484260,20250524,Property Damage Only,-91.5549522331,41.95877618
20251484261,20250525,Property Damage Only,-91.7887751478,41.9634179188
20251484264,20250527,Property Damage Only,-90.9659889704,41.4630954965
20251484265,20250527,Property Damage Only,-91.2517243052,41.5390575035
20251484266,20250525,Property Damage Only,-90.567658591,41.6254357206
20251484267,20250527,Property Damage Only,-90.5665726515,41.6871235426
20251484271,20250528,Property Damage Only,-95.8034515834,41.2602793805
20251484277,20250527,Property Damage Only,-92.6708833781,42.3797744581
20251484305,20250522,Suspected Minor Injury Crash,-93.9858320758,41.613452104
20251484306,20250523,Property Damage Only,-93.09966307,41.5402810414
20251484307,20250522,Property Damage Only,-91.426111443,40.5405244736
20251484321,20250527,Property Damage Only,-92.9268841919,43.2842891054
20251484324,20250522,Property Damage Only,-91.3896210018,40.4523511598
20251484326,20250523,Property Damage Only,-92.4815071258,41.065394497
20251484333,20250526,Property Damage Only,-92.3613801438,41.0062386998
20251484334,20250526,Property Damage Only,-91.8519240788,41.6871276503
20251484335,20250527,Property Damage Only,-94.0127694536,41.5960953962
20251484338,20250527,Property Damage Only,-92.0816404519,42.7847408502
20251484351,20250527,Suspected Minor Injury Crash,-91.8753023145,41.0025566696
20251484372,20250527,Property Damage Only,-92.7094896036,42.4635084298
20251484384,20250526,Property Damage Only,-91.711503154,41.6952132548
20251484386,20250525,Property Damage Only,-90.7354308216,41.6068893651
20251484400,20250526,Property Damage Only,-90.6786037496,42.1078258151
20251484411,20250527,Property Damage Only,-95.5746462935,42.3480247651
20251484412,20250528,Property Damage Only,-95.4886408762,42.350032999
20251484417,20250528,Property Damage Only,-92.1913100288,41.1770971342
20251484418,20250528,Property Damage Only,-92.6627124448,42.5647861269
20251484428,20250528,Property Damage Only,-91.4789927449,41.8699548297
20251484430,20250528,Property Damage Only,-91.7764471886,42.1683347536
20251484431,20250528,Property Damage Only,-91.7253517868,42.1300513656
20251484432,20250529,Property Damage Only,-92.5790014581,42.7169745831
20251484445,20250528,Property Damage Only,-93.2653869423,42.0079142825
20251484447,20250525,Property Damage Only,-92.7072816956,41.4043710422
20251484459,20250527,Property Damage Only,-93.7971823388,40.9284655236
20251484466,20250529,Property Damage Only,-92.5431715494,41.1135783239
20251484479,20250528,Property Damage Only,-94.1897896806,41.5549664799
20251484485,20250527,Property Damage Only,-92.4527883861,42.7149462137
20251484491,20250528,Property Damage Only,-91.3126177632,41.1760144945
20251484560,20250522,Property Damage Only,-92.3371093806,42.6510171612
20251484561,20250517,Property Damage Only,-90.6784534364,41.560738182
20251484586,20250529,Property Damage Only,-93.8856785047,42.0227182071
20251484593,20250529,Property Damage Only,-91.7688226274,42.1644615651
20251484611,20250529,Property Damage Only,-91.3930924756,42.7209195218
20251484633,20250530,Property Damage Only,-92.7658755535,41.8767719631
20251484637,20250530,Property Damage Only,-93.2708548188,43.133720462
20251484638,20250530,Property Damage Only,-93.4743358363,41.4908681794
20251484641,20250517,Property Damage Only,-96.413538582,43.3898085624
20251484646,20250427,Property Damage Only,-92.4277420646,41.6960492554
20251484647,20250515,Property Damage Only,-92.5158741406,41.6951572924
20251484655,20250530,Property Damage Only,-92.3378298085,42.6463564297
20251484659,20250527,Property Damage Only,-92.2581582731,42.8237167955
20251484660,20250528,Property Damage Only,-92.4752391793,42.6955633183
20251484666,20250523,Property Damage Only,-94.8818030259,43.1691701219
20251484668,20250515,Property Damage Only,-91.8726346047,41.9632994056
20251484670,20250516,Property Damage Only,-91.9118202767,41.9922282384
20251484677,20250528,Property Damage Only,-91.2642665122,42.1222903974
20251484679,20250530,Property Damage Only,-92.5886743634,42.1741494112
20251484686,20250529,Property Damage Only,-95.9306412252,41.5757723163
20251484688,20250528,Property Damage Only,-92.7754258054,41.3596572128
20251484703,20250529,Property Damage Only,-92.9066315918,41.3896537712
20251484704,20250529,Property Damage Only,-92.9042992581,41.3895978094
20251484705,20250530,Property Damage Only,-91.1965074551,41.2310095647
20251484706,20250529,Property Damage Only,-91.5293872694,42.5776921203
20251484708,20250530,Property Damage Only,-91.7051537334,42.1059225979
20251484709,20250530,Property Damage Only,-91.4856081743,42.5493937932
20251484713,20250530,Property Damage Only,-93.5283155141,43.1218174167
20251484755,20250522,Property Damage Only,-91.5508943867,41.3757025322
20251484756,20250531,Property Damage Only,-91.5556984732,41.6856506544
20251484757,20250601,Property Damage Only,-93.4411443148,42.6955376396
20251484761,20250525,Property Damage Only,-91.7714051845,43.2912028996
20251484762,20250523,Property Damage Only,-92.0075241259,43.1251261921
20251484798,20250530,Property Damage Only,-90.5988531969,42.1670980726
20251484805,20250528,Property Damage Only,-95.3531547106,42.0564671993
20251484810,20250531,Property Damage Only,-94.7409731631,42.6598222406
20251484813,20250531,Property Damage Only,-92.2893247045,42.4597641284
20251484818,20250529,Property Damage Only,-92.220881564,41.7479203127
20251484855,20250531,Property Damage Only,-91.1170675024,41.0140017349
20251484856,20250520,Possible/Unknown Injury Crash,-91.6270152096,41.6944239319
20251484874,20250531,Property Damage Only,-92.3173072462,42.9481766967
20251484880,20250531,Property Damage Only,-94.4557575972,42.4129167641
20251484889,20250531,Property Damage Only,-91.7748660689,41.9959097968
20251484890,20250601,Property Damage Only,-91.7832838332,42.1729375879
20251484896,20250601,Property Damage Only,-93.7081435718,40.7429062484
20251484910,20250601,Property Damage Only,-92.9682009199,43.1162249375
20251484938,20250531,Property Damage Only,-95.8976785083,41.5813005612
20251484959,20250531,Fatal Crash,-91.5094067686,43.4138430641
20251484973,20250601,Suspected Minor Injury Crash,-93.8018741271,40.8744194286
20251484975,20250601,Property Damage Only,-93.3492702983,42.9706616127
20251484976,20250601,Property Damage Only,-91.4562670802,42.0498871913
20251484977,20250531,Property Damage Only,-92.6334800694,42.4615254173
20251484978,20250601,Property Damage Only,-92.8938380003,42.4634491701
20251484980,20250508,Property Damage Only,-91.5479529681,40.9649017567
20251484985,20250601,Property Damage Only,-95.8801957099,41.5598376929
20251484987,20250523,Property Damage Only,-90.2888094803,41.7864701026
20251484990,20250602,Property Damage Only,-95.9067018434,41.2494311354
20251484994,20250531,Property Damage Only,-90.9143062473,41.4333479326
20251484995,20250531,Property Damage Only,-91.2844597632,41.56730085
20251484996,20250601,Property Damage Only,-91.1072795227,41.508740887
20251484997,20250602,Property Damage Only,-91.647371619,41.8067186045
20251485000,20250602,Suspected Minor Injury Crash,-91.8111469201,42.1908098211
20251485002,20250602,Property Damage Only,-93.8018290812,40.8785545534
20251485006,20250601,Property Damage Only,-91.4271557469,42.0558322391
20251485017,20250531,Property Damage Only,-93.5679911339,42.0078155612
20251485023,20250531,Property Damage Only,-91.1278623798,42.0641638175
20251485037,20250602,Property Damage Only,-92.6306423917,42.2672732602
20251485038,20250530,Property Damage Only,-91.4429437495,40.5009982322
20251485039,20250601,Property Damage Only,-91.257651951,40.6772741546
20251485054,20250531,Property Damage Only,-92.0545499395,43.1225348468
20251485055,20250601,Property Damage Only,-91.8698824117,43.4674437634
20251485065,20250601,Property Damage Only,-95.718984798,40.8349182871
20251485074,20250529,Property Damage Only,-92.0446960465,41.001688973
20251485075,20250530,Property Damage Only,-93.5823403343,41.2396543419
20251485076,20250531,Property Damage Only,-93.4621176165,41.3356907525
20251485077,20250602,Property Damage Only,-93.568752797,41.1906385276
20251485081,20250529,Property Damage Only,-91.1628243166,41.3102267097
20251485084,20250530,Property Damage Only,-94.9458129362,41.4931194396
20251485085,20250531,Property Damage Only,-92.5447428842,42.8690347154
20251485087,20250529,Property Damage Only,-92.3374384403,42.7750337299
20251485093,20250602,Property Damage Only,-94.0277840199,42.1297185183
20251485110,20250601,Property Damage Only,-91.2090642467,40.7265161048
20251485116,20250527,Property Damage Only,-92.0640510967,42.7731256246
20251485125,20250527,Property Damage Only,-92.2459743347,42.4529128478
20251485140,20250530,Property Damage Only,-94.0126631272,41.5439808282
20251485148,20250512,Property Damage Only,-93.1010740193,41.4608250788
20251485174,20250531,Possible/Unknown Injury Crash,-90.9637718519,42.4404014203
20251485179,20250602,Property Damage Only,-92.6142018803,41.9918201244
20251485190,20250602,Property Damage Only,-93.4804389334,41.1319937322
20251485192,20250602,Suspected Minor Injury Crash,-91.6176038403,41.8899725731
20251485193,20250602,Property Damage Only,-91.0818381184,41.5668452781
20251485195,20250603,Property Damage Only,-91.5481289698,41.9489271122
20251485196,20250602,Property Damage Only,-91.0545334958,42.4588546598
20251485197,20250603,Suspected Minor Injury Crash,-90.68685939,42.5331226224
20251485199,20250601,Property Damage Only,-93.5710809084,42.0130240611
20251485214,20250530,Property Damage Only,-93.5700104807,41.9661588455
20251485219,20250602,Property Damage Only,-91.2728283785,42.0809736184
20251485227,20250603,Property Damage Only,-91.6789867587,40.9753597138
20251485233,20250529,Property Damage Only,-93.3807983366,42.5816616474
20251485234,20250529,Property Damage Only,-93.128717407,42.7380644639
20251485235,20250510,Property Damage Only,-92.0247446455,41.0113136337
20251485237,20250602,Property Damage Only,-92.0472234279,41.014438268
20251485246,20250531,Property Damage Only,-92.3789727701,41.0487270473
20251485289,20250519,Possible/Unknown Injury Crash,-92.5457113173,42.8855542143
20251485291,20250602,Property Damage Only,-93.5109198877,42.4481933138
20251485319,20250602,Property Damage Only,-91.6486029302,41.8082732423
20251485320,20250525,Property Damage Only,-93.5710026251,42.0069720124
20251485345,20250530,Property Damage Only,-94.8790174715,42.0076821516
20251485363,20250603,Property Damage Only,-92.5639144964,42.1740759798
20251485389,20250602,Property Damage Only,-93.662134803,42.0227754139
20251485395,20250604,Property Damage Only,-96.4106046054,42.5317159033
20251485403,20250602,Property Damage Only,-91.5614349248,40.8863233237
20251485404,20250604,Property Damage Only,-91.1399515942,42.2739103064
20251485411,20250529,Property Damage Only,-93.6993319104,41.5137608899
20251485412,20250531,Property Damage Only,-93.7791577401,41.2845471707
20251485413,20250601,Property Damage Only,-93.7795497449,41.4496530158
20251485414,20250601,Property Damage Only,-93.7782929658,41.3122605892
20251485415,20250601,Property Damage Only,-93.7881841968,41.1452973827
20251485418,20250602,Property Damage Only,-93.0949367306,41.6203151368
20251485428,20250529,Property Damage Only,-91.9555975371,42.4465460689
20251485429,20250601,Property Damage Only,-91.9020964282,42.5993590657
20251485434,20250602,Property Damage Only,-95.792759659,41.6382502027
20251485436,20250421,Property Damage Only,-93.9055162931,40.6029204476
20251485437,20250603,Suspected Minor Injury Crash,-92.4243253213,42.4389795243
20251485446,20250526,Property Damage Only,-91.9808894933,42.4503400544
20251485447,20250529,Property Damage Only,-91.9282474485,42.4474012993
20251485450,20250523,Property Damage Only,-95.1543781826,41.498416145
20251485451,20250604,Property Damage Only,-92.5741053894,42.516391104
20251485455,20250602,Property Damage Only,-92.0074034434,41.6475757909
20251485463,20250516,Property Damage Only,-92.9935170531,42.4621292474
20251485481,20250531,Property Damage Only,-91.3619896703,42.4004336131
20251485527,20250604,Property Damage Only,-93.7069459991,41.6999472854
20251485529,20250604,Property Damage Only,-93.4053094328,43.1418958185
20251485530,20250603,Property Damage Only,-93.3426536045,43.0841450643
20251485536,20250604,Property Damage Only,-91.423258964,42.1828912924
20251485537,20250604,Property Damage Only,-91.5457174928,41.943555769
20251485538,20250604,Suspected Minor Injury Crash,-94.4214904072,42.0345617772
20251485549,20250601,Property Damage Only,-93.1516674517,41.4002116778
20251485551,20250604,Property Damage Only,-93.2626498111,41.3618915834
20251485552,20250605,Property Damage Only,-92.3870566556,42.4766561037
20251485553,20250605,Property Damage Only,-91.5720661056,41.6382359035
20251485554,20250529,Property Damage Only,-95.8731686866,43.1521599241
20251485555,20250604,Property Damage Only,-92.8495820898,42.531772284
20251485556,20250604,Property Damage Only,-92.6252054624,42.329434283
20251485557,20250605,Property Damage Only,-91.7011065655,42.0820012006
20251485558,20250605,Property Damage Only,-91.7011065655,42.0820012006
20251485574,20250604,Property Damage Only,-91.3492368832,42.0710749135
20251485575,20250604,Property Damage Only,-90.9321214243,42.0677011955
20251485578,20250530,Property Damage Only,-94.7565654185,43.1265803955
20251485582,20250529,Property Damage Only,-91.2093240934,41.7358771192
20251485592,20250604,Property Damage Only,-93.4386277315,41.4433783796
20251485603,20250518,Property Damage Only,-91.0445483104,41.0875825336
20251485604,20250605,Property Damage Only,-91.1856770418,41.3476716781
20251485609,20250604,Property Damage Only,-93.8598834566,40.6528799229
20251485612,20250602,Property Damage Only,-91.8104803428,42.8766736667
20251485636,20250601,Property Damage Only,-90.5659582188,41.6230940989
20251485642,20250528,Property Damage Only,-91.988829333,41.9635440823
20251485644,20250601,Property Damage Only,-91.8724356357,42.1835212316
20251485647,20250603,Property Damage Only,-91.9499730071,41.9634564403
20251485650,20250605,Suspected Minor Injury Crash,-92.9904319353,43.4626822236
20251485673,20250601,Property Damage Only,-92.8926704829,41.7607077343
20251485708,20250604,Property Damage Only,-95.3962062506,41.4977998142
20251485712,20250605,Property Damage Only,-91.503986602,41.6767477973
20251485717,20250605,Property Damage Only,-93.5432250488,41.5116858094
20251485730,20250605,Suspected Minor Injury Crash,-90.488444529,41.8079062941
20251485731,20250606,Property Damage Only,-94.4081853667,41.4958624477
20251485732,20250606,Property Damage Only,-93.8322875947,40.8001733139
20251485742,20250606,Property Damage Only,-90.8773383046,41.8385406875
20251485743,20250605,Property Damage Only,-91.9092459929,41.7528420823
20251485752,20250604,Property Damage Only,-91.2421733693,40.7273224774
20251485753,20250605,Property Damage Only,-91.4734986521,43.2524161117
20251485760,20250605,Possible/Unknown Injury Crash,-96.3689277548,42.4462906613
20251485766,20250604,Property Damage Only,-95.034314241,41.3025058816
20251485768,20250605,Property Damage Only,-91.5328964665,40.9391467081
20251485772,20250605,Property Damage Only,-92.4699396032,41.0963476085
20251485774,20250605,Property Damage Only,-91.7482375242,43.2854589312
20251485782,20250604,Property Damage Only,-93.8471778871,41.7696677497
20251485784,20250527,Property Damage Only,-96.1361651451,43.3888731833
20251485794,20250605,Property Damage Only,-93.349904699,43.1967468768
20251485800,20250606,Property Damage Only,-92.649448043,43.0235715631
20251485819,20250516,Property Damage Only,-91.4390572428,42.9500685288
20251485852,20250607,Property Damage Only,-96.1361263611,43.395536985
20251485853,20250607,Property Damage Only,-91.3893862327,41.0451979195
20251485871,20250606,Property Damage Only,-93.2860334822,43.14823538
20251485889,20250605,Property Damage Only,-96.3630278098,42.413525348
20251485893,20250607,Property Damage Only,-92.0847182648,41.6905326089
20251485916,20250603,Property Damage Only,-94.4523342531,41.4535742876
20251485920,20250606,Property Damage Only,-92.6517805183,41.9993977758
20251485940,20250607,Property Damage Only,-91.1792138108,40.7325977579
20251485945,20250607,Property Damage Only,-90.7908257527,41.6732193619
20251485960,20250607,Property Damage Only,-90.7599646797,42.0627305367
20251485962,20250602,Property Damage Only,-91.3986925776,42.8444496489
20251485970,20250607,Property Damage Only,-93.8348212542,41.5734580843
20251485975,20250607,Property Damage Only,-91.085259963,41.5366576321
20251485992,20250608,Property Damage Only,-91.7685976928,42.0661106489
20251486034,20250608,Property Damage Only,-94.3206304908,41.5145552735
20251486036,20250606,Property Damage Only,-93.7123244403,41.6438538704
20251486038,20250608,Property Damage Only,-90.8174844228,41.5147098137
20251486042,20250609,Property Damage Only,-93.2601538385,40.8920655782
20251486053,20250608,Property Damage Only,-94.3535845103,42.0345992688
20251486057,20250607,Property Damage Only,-91.4212430813,40.9198541696
20251486064,20250609,Property Damage Only,-93.7610924539,42.8631776501
20251486065,20250605,Property Damage Only,-90.910573214,42.4405963619
20251486068,20250606,Possible/Unknown Injury Crash,-91.0670147406,42.462704115
20251486069,20250607,Property Damage Only,-90.9129936286,42.4405684309
20251486074,20250609,Property Damage Only,-92.8006526289,43.126897607
20251486075,20250602,Suspected Minor Injury Crash,-95.128057875,43.4018903762
20251486086,20250606,Property Damage Only,-93.6787979439,42.0086008016
20251486090,20250607,Property Damage Only,-91.23941426,42.1469033729
20251486110,20250606,Property Damage Only,-96.0782614397,42.3527279333
20251486111,20250606,Property Damage Only,-95.8104355096,42.4823048599
20251486112,20250606,Property Damage Only,-91.7027611318,43.1603646252
20251486117,20250607,Property Damage Only,-95.787642484,41.2749927446
20251486118,20250607,Property Damage Only,-92.5234027972,42.6938466587
20251486120,20250607,Property Damage Only,-92.3370564119,42.6858593813
20251486123,20250607,Property Damage Only,-93.183780101,41.8202191598
20251486134,20250606,Property Damage Only,-93.5999979125,41.292664408
20251486143,20250608,Property Damage Only,-93.5701153977,42.4292808909
20251486146,20250608,Property Damage Only,-91.2109855065,42.4707699741
20251486156,20250608,Property Damage Only,-91.4230760498,42.4700666607
20251486157,20250608,Property Damage Only,-91.2822460291,40.7009557724
20251486160,20250606,Property Damage Only,-92.46556381,42.7460934688
20251486162,20250608,Property Damage Only,-91.2165943316,42.4707313321
20251486163,20250608,Property Damage Only,-95.1181110749,42.4695443466
20251486181,20250609,Property Damage Only,-93.0021236552,42.3171679692
20251486188,20250609,Property Damage Only,-94.3569734182,41.1920920257
20251486198,20250608,Property Damage Only,-93.3493350796,43.4157674206
20251486200,20250608,Suspected Minor Injury Crash,-90.5695266198,41.8337156077
20251486207,20250528,Property Damage Only,-93.0538964543,42.0082444303
20251486209,20250531,Property Damage Only,-92.9652471716,42.0032531268
20251486210,20250531,Property Damage Only,-92.9738443848,42.0043001803
20251486214,20250601,Property Damage Only,-93.0005319727,42.0821562064
20251486215,20250602,Property Damage Only,-93.1108360731,41.94556196
20251486216,20250605,Property Damage Only,-93.2205719063,42.0777201741
20251486220,20250607,Property Damage Only,-93.9929429459,41.8347906132
20251486232,20250510,Property Damage Only,-92.5030917871,42.5661593476
20251486233,20250511,Property Damage Only,-92.4497179666,42.6311436586
20251486237,20250609,Property Damage Only,-90.7621781002,41.8990183036
20251486239,20250608,Property Damage Only,-94.2072648525,42.6591180194
20251486243,20250529,Property Damage Only,-92.3370908539,42.5849426553
20251486252,20250609,Property Damage Only,-92.6592073281,41.9992219179
20251486253,20250609,Property Damage Only,-92.6600400758,41.9992964403
20251486256,20250608,Property Damage Only,-91.1638827824,40.8713461805
20251486265,20250609,Property Damage Only,-92.6927934387,42.0003254576
20251486279,20250609,Property Damage Only,-90.7910223515,42.5463363455
20251486281,20250609,Property Damage Only,-90.6979396136,42.57154577
20251486282,20250609,Property Damage Only,-90.9226303436,41.7425151102
20251486283,20250610,Property Damage Only,-91.0007901406,41.5909530258
20251486306,20250609,Property Damage Only,-91.2473299804,42.1372170488
20251486307,20250610,Property Damage Only,-93.3074718824,42.0077822514
20251486310,20250609,Property Damage Only,-96.1751423768,42.8794508588
20251486314,20250609,Property Damage Only,-91.5495949478,42.5590921852
20251486316,20250522,Property Damage Only,-94.6303378837,42.4658790163
20251486321,20250609,Property Damage Only,-91.7972143395,40.9412164422
20251486333,20250607,Property Damage Only,-92.4955804594,43.445722409
20251486348,20250610,Property Damage Only,-92.9116172879,42.9651449229
20251486350,20250609,Property Damage Only,-93.1958031997,41.3257957895
20251486357,20250608,Property Damage Only,-93.7796129701,41.3508402602
20251486373,20250608,Property Damage Only,-95.9178636214,41.5287892982
20251486406,20250527,Property Damage Only,-91.514404935,43.1527068403
20251486408,20250527,Property Damage Only,-93.6322955318,42.0345351167
20251486430,20250609,Possible/Unknown Injury Crash,-92.0885155399,42.4492291771
20251486431,20250610,Property Damage Only,-90.2075884663,42.111246198
20251486440,20250610,Property Damage Only,-92.34142019,42.6783559201
20251486457,20250611,Property Damage Only,-90.7473570778,42.4865105602
20251486458,20250610,Property Damage Only,-92.5923036237,42.9901265692
20251486459,20250610,Property Damage Only,-90.9003075809,41.5444703085
20251486463,20250611,Property Damage Only,-90.7601090445,41.4563330423
20251486468,20250611,Property Damage Only,-93.3589792619,41.6806825072
20251486470,20250610,Property Damage Only,-92.7127618445,42.4634446293
20251486471,20250611,Property Damage Only,-94.3673007148,41.8694201951
20251486473,20250610,Property Damage Only,-90.842801395,41.5173312704
20251486487,20250610,Property Damage Only,-93.5405648595,42.0019495868
20251486489,20250610,Property Damage Only,-90.9697480875,41.4638824749
20251486500,20250610,Property Damage Only,-91.4345477244,40.9302415118
20251486501,20250523,Property Damage Only,-92.2627659486,43.298631185
20251486513,20250607,Property Damage Only,-92.381621002,41.0136907059
20251486520,20250528,Property Damage Only,-91.9879655086,42.224856422
20251486522,20250610,Property Damage Only,-92.475336071,42.6898542468
20251486523,20250611,Property Damage Only,-95.7992438216,40.8968201584
20251486525,20250605,Property Damage Only,-91.7760353109,42.4620061974
20251486526,20250608,Property Damage Only,-92.064751338,42.3553220944
20251486533,20250602,Property Damage Only,-93.2026409324,42.9437114826
20251486545,20250607,Property Damage Only,-95.343258137,41.739109164
20251486556,20250609,Property Damage Only,-91.7502676561,41.9479822996
20251486557,20250609,Property Damage Only,-91.5184611792,41.6873021753
20251486570,20250610,Property Damage Only,-92.0406349929,42.7276797906
20251486594,20250609,Property Damage Only,-93.2059370246,42.4371060098
20251486601,20250518,Property Damage Only,-93.2737603581,41.6868798225
20251486602,20250518,Property Damage Only,-92.9903158227,41.6820983986
20251486610,20250609,Property Damage Only,-93.7263317914,42.0225492462
20251486614,20250611,Property Damage Only,-91.2468853665,40.8323368553
20251486618,20250516,Property Damage Only,-93.5747676332,41.6593687392
20251486620,20250530,Property Damage Only,-93.5703843125,41.9620679579
20251486644,20250611,Property Damage Only,-94.5552477071,41.5166472399
20251486650,20250608,Property Damage Only,-91.5463557503,40.9981386331
20251486652,20250611,Property Damage Only,-91.1282655514,40.7505190444
20251486653,20250611,Property Damage Only,-92.2815949608,41.6961292842
20251486663,20250610,Property Damage Only,-91.287300372,41.4086763669
20251486666,20250611,Property Damage Only,-90.9154432806,42.6361720698
20251486676,20250609,Property Damage Only,-93.6546628572,42.0067685446
20251486680,20250611,Possible/Unknown Injury Crash,-91.4431010105,40.4998112301
20251486681,20250611,Property Damage Only,-91.4445481182,40.4764986719
20251486691,20250611,Property Damage Only,-91.4764167273,40.5237224911
20251486694,20250611,Property Damage Only,-92.3692951874,41.0092189371
20251486697,20250611,Property Damage Only,-94.0281119383,41.8085866732
20251486699,20250604,Property Damage Only,-95.3287592369,42.6622633156
20251486704,20250611,Property Damage Only,-93.0650272813,42.898296978
20251486736,20250612,Property Damage Only,-91.4405118041,41.9162812831
20251486745,20250610,Property Damage Only,-91.9103005181,41.6334738455
20251486746,20250610,Property Damage Only,-91.9106904733,41.6815930098
20251486759,20250611,Property Damage Only,-91.4059088974,42.0616992804
20251486767,20250611,Property Damage Only,-93.4776258903,43.0831390314
20251486815,20250613,Property Damage Only,-90.5654962471,41.701960961
20251486819,20250613,Property Damage Only,-92.5531862849,41.6954705438
20251486825,20250612,Property Damage Only,-91.7870926905,41.9127653528
20251486826,20250612,Property Damage Only,-92.5417122453,42.4696067557
20251486830,20250612,Property Damage Only,-93.4578784099,41.6695585051
20251486838,20250612,Property Damage Only,-91.037174674,41.5970022013
20251486839,20250613,Property Damage Only,-94.2071452846,42.7065238428
20251486844,20250612,Property Damage Only,-93.6916626832,42.0924647654
20251486845,20250612,Property Damage Only,-92.9554054023,41.6741548348
20251486846,20250613,Property Damage Only,-93.4245318622,41.8776940697
20251486848,20250611,Property Damage Only,-91.5059415964,43.2405353667
20251486849,20250613,Property Damage Only,-90.7500205222,41.4555236147
20251486857,20250613,Property Damage Only,-96.46454613,42.4935559924
20251486861,20250529,Property Damage Only,-93.2885666438,41.6847719562
20251486864,20250612,Property Damage Only,-93.5675444923,42.5215318593
20251486866,20250611,Property Damage Only,-93.9065803165,42.4489888905
20251486875,20250612,Property Damage Only,-95.9939499435,41.6244283487
20251486884,20250611,Property Damage Only,-91.4852227514,40.9876319325
20251486887,20250613,Property Damage Only,-95.1238378637,42.4694743485
20251486891,20250611,Property Damage Only,-91.6146950285,41.9263959225
20251486920,20250610,Property Damage Only,-92.2114277537,41.9637037685
20251486931,20250612,Property Damage Only,-92.2050977248,41.3164617394
20251486932,20250606,Property Damage Only,-92.2712301764,41.2647179285
20251486936,20250612,Property Damage Only,-92.0586348454,42.3518497576
20251486940,20250613,Property Damage Only,-95.4783052166,42.2649220274
20251486941,20250612,Property Damage Only,-91.0883223112,41.4166830956
20251486944,20250603,Property Damage Only,-92.4655449017,42.4730773832
20251486946,20250607,Property Damage Only,-92.4273312902,42.5666973252
20251486953,20250614,Property Damage Only,-92.7476072456,41.6952873628
20251486978,20250613,Property Damage Only,-95.7076691658,41.0383262262
20251486982,20250613,Property Damage Only,-91.5487278829,41.0200755406
20251486984,20250613,Suspected Minor Injury Crash,-91.7011513187,42.0839560737
20251486985,20250613,Property Damage Only,-90.575023297,41.8743678579
20251486995,20250613,Property Damage Only,-93.2523575174,42.9077359552
20251486996,20250614,Property Damage Only,-92.7228485954,43.0986132884
20251487011,20250614,Property Damage Only,-93.2823082546,43.4442893884
20251487030,20250613,Property Damage Only,-91.3529507903,40.8948658219
20251487031,20250613,Property Damage Only,-91.1619109604,40.7374039171
20251487036,20250613,Property Damage Only,-92.9837905318,41.0116999927
20251487054,20250515,Property Damage Only,-90.6765309987,42.1350891897
20251487058,20250609,Property Damage Only,-92.2769434381,41.3365541179
20251487060,20250614,Property Damage Only,-91.0445139404,41.0658561192
20251487061,20250610,Property Damage Only,-92.2960954309,41.0040929155
20251487064,20250611,Property Damage Only,-93.0358975996,41.4590443626
20251487065,20250612,Property Damage Only,-93.0719503297,41.4910581065
20251487066,20250612,Property Damage Only,-93.3219048173,41.4324147068
20251487067,20250613,Property Damage Only,-92.982786976,41.3026309825
20251487068,20250613,Property Damage Only,-93.0719791261,41.3002587391
20251487070,20250615,Property Damage Only,-91.140920878,41.6456340965
20251487083,20250615,Property Damage Only,-93.773896864,41.7377597034
20251487085,20250614,Property Damage Only,-91.4483008657,40.4836118106
20251487147,20250615,Property Damage Only,-94.1747266714,42.4449421886
20251487148,20250615,Property Damage Only,-93.4577355731,43.132549167
20251487166,20250614,Property Damage Only,-94.9143134614,43.1603824818
20251487174,20250612,Property Damage Only,-90.6946319869,42.4130860175
20251487177,20250616,Property Damage Only,-90.9392146256,42.510375574
20251487178,20250614,Property Damage Only,-93.3760987798,42.7807094459
20251487179,20250606,Property Damage Only,-93.5579609715,42.1064232454
20251487180,20250613,Property Damage Only,-93.5535014641,42.1262860332
20251487181,20250614,Property Damage Only,-93.5706304461,41.9125387932
20251487183,20250615,Property Damage Only,-93.5701216423,41.917693183
20251487185,20250616,Property Damage Only,-93.4629903518,42.1443845729
20251487189,20250613,Property Damage Only,-94.3605687885,42.5166162031
20251487202,20250613,Property Damage Only,-93.3501032641,43.4504680167
20251487206,20250614,Property Damage Only,-93.1679338175,41.8200362593
20251487225,20250615,Property Damage Only,-91.2011262735,41.6577426464
20251487228,20250613,Property Damage Only,-93.5587507179,41.4358047954
20251487233,20250614,Property Damage Only,-95.934411703,43.4326248581
20251487234,20250615,Property Damage Only,-91.4565673321,42.5100212268
20251487240,20250609,Property Damage Only,-91.3290048946,40.6746808594
20251487250,20250613,Property Damage Only,-93.5701409922,42.2991433115
20251487256,20250613,Property Damage Only,-94.6490631043,42.3148375277
20251487264,20250606,Property Damage Only,-93.704551213,41.6148086216
20251487266,20250613,Property Damage Only,-92.0540756907,43.0599291223
20251487268,20250527,Property Damage Only,-92.042764616,42.5332223749
20251487282,20250612,Property Damage Only,-93.046134847,42.4953969949
20251487284,20250614,Property Damage Only,-93.4696737671,42.4484507945
20251487292,20250615,Property Damage Only,-91.1693949434,41.1815458548
20251487306,20250614,Property Damage Only,-91.1858295535,41.2861822406
20251487312,20250609,Property Damage Only,-92.4490155144,42.6292040699
20251487327,20250613,Property Damage Only,-95.7248126802,41.342974526
20251487346,20250616,Property Damage Only,-94.2286994539,42.5870441299
20251487347,20250608,Property Damage Only,-95.0398993904,43.2121120402
20251487351,20250616,Property Damage Only,-94.4671301343,41.5182557048
20251487356,20250609,Property Damage Only,-91.5288548776,41.217901683
20251487358,20250616,Property Damage Only,-90.6081060052,41.9300614396
20251487365,20250616,Property Damage Only,-91.4284809071,42.0574715164
20251487368,20250617,Property Damage Only,-92.9135589787,43.1369259635
20251487376,20250613,Property Damage Only,-93.5585005543,41.3772659642
20251487387,20250617,Property Damage Only,-91.1113752119,41.64505321
20251487390,20250617,Property Damage Only,-90.7004271791,42.534017188
20251487392,20250617,Property Damage Only,-92.5821275951,43.0671458997
20251487399,20250606,Property Damage Only,-95.8162110949,42.4822350192
20251487402,20250616,Property Damage Only,-92.0379843061,41.6591937252
20251487410,20250616,Property Damage Only,-93.5064280878,41.5660239302
20251487411,20250616,Property Damage Only,-93.5064280878,41.5660239302
20251487421,20250524,Property Damage Only,-90.5711085466,41.5965263999
20251487428,20250525,Property Damage Only,-91.4271160025,40.5732836964
20251487429,20250527,Property Damage Only,-91.4223338713,40.6053512616
20251487430,20250531,Property Damage Only,-91.5634898119,40.6701079384
20251487435,20250523,Property Damage Only,-91.3771580695,40.6425419354
20251487455,20250614,Property Damage Only,-91.0876546161,42.7428087843
20251487458,20250613,Property Damage Only,-92.2859014268,42.4602561867
20251487461,20250616,Property Damage Only,-91.2298483465,41.7551900915
20251487478,20250615,Property Damage Only,-92.6138608692,43.1556854983
20251487479,20250615,Property Damage Only,-91.6032246219,40.6340846073
20251487483,20250616,Property Damage Only,-91.3114164987,40.6707225519
20251487501,20250612,Suspected Minor Injury Crash,-91.8810428244,41.9634627304
20251487503,20250614,Property Damage Only,-91.6401571231,41.6974984307
20251487526,20250617,Property Damage Only,-90.3410096276,41.6786647559
20251487531,20250614,Property Damage Only,-91.3018562422,41.6631212989
20251487539,20250617,Property Damage Only,-91.5013478661,42.045927646
20251487557,20250614,Property Damage Only,-93.677032635,41.510561605
20251487585,20250617,Property Damage Only,-94.1811134963,41.9501948713
20251487596,20250617,Property Damage Only,-90.5658222538,41.7012834003
20251487597,20250617,Property Damage Only,-93.514418281,42.618360182
20251487612,20250618,Property Damage Only,-91.4372805977,40.8449464759
20251487620,20250617,Property Damage Only,-92.0819559259,41.8288387467
20251487621,20250617,Property Damage Only,-92.1428652303,41.7683869679
20251487637,20250602,Property Damage Only,-92.6457163039,42.4636352539
20251487643,20250615,Property Damage Only,-92.3372430417,42.6855272564
20251487654,20250606,Property Damage Only,-93.5671389309,42.1468891427
20251487659,20250618,Property Damage Only,-96.3868590704,42.5847186952
20251487661,20250606,Property Damage Only,-93.570522829,42.2015859327
20251487668,20250617,Property Damage Only,-92.4361909956,41.0938273032
20251487677,20250503,Property Damage Only,-91.7082359432,42.8159334172
20251487679,20250615,Property Damage Only,-95.9195246439,43.0380374544
20251487689,20250616,Property Damage Only,-92.6299649171,41.695743404
20251487690,20250616,Property Damage Only,-91.6697626616,41.8689188524
20251487735,20250618,Property Damage Only,-94.8944399224,40.7266918648
20251487744,20250613,Property Damage Only,-93.6986710224,42.0953043735
20251487779,20250618,Property Damage Only,-92.6724956288,43.1069628898
20251487790,20250618,Property Damage Only,-95.785965247,41.1515364683
20251487800,20250614,Property Damage Only,-90.6769348369,41.5381913101
20251487822,20250618,Property Damage Only,-92.9508012936,41.8197251509
20251487853,20250611,Property Damage Only,-92.9040008209,42.1558070677
20251487858,20250616,Property Damage Only,-93.0314790089,42.0004079652
20251487873,20250618,Property Damage Only,-91.1655161888,42.24455801
20251487876,20250609,Property Damage Only,-94.782976731,42.2606804431
20251487896,20250615,Property Damage Only,-93.3536776581,42.8107778716
20251487948,20250619,Property Damage Only,-91.5783959518,42.0055059068
20251487955,20250619,Property Damage Only,-90.5140997672,41.6987796036
20251487959,20250619,Property Damage Only,-90.3548541893,41.8155418571
20251487962,20250619,Property Damage Only,-93.5879698497,41.5035752909
20251487963,20250620,Property Damage Only,-92.7209145471,42.0033244318
20251487977,20250620,Property Damage Only,-92.8144131258,41.695180475
20251487995,20250620,Property Damage Only,-92.815634504,41.3038448025
20251487999,20250620,Property Damage Only,-91.4870338432,41.63012259
20251488000,20250619,Property Damage Only,-95.2805208017,41.4985679045
20251488022,20250608,Property Damage Only,-92.799219688,41.3706004511
20251488025,20250613,Property Damage Only,-92.1414116839,42.4502680336
20251488036,20250619,Property Damage Only,-94.1642679668,41.6635106164
20251488048,20250609,Suspected Serious Injury Crash,-90.6389063374,42.105340371
20251488075,20250617,Property Damage Only,-92.4244602017,42.5516613542
20251488084,20250619,Property Damage Only,-91.217542679,43.0173223311
20251488092,20250620,Property Damage Only,-91.9113795345,41.7689395591
20251488097,20250620,Property Damage Only,-90.1988906964,41.9501959946
20251488105,20250620,Property Damage Only,-93.5031109461,41.6763229209
20251488107,20250620,Property Damage Only,-92.4323234068,43.097774963
20251488108,20250611,Property Damage Only,-92.5229039579,41.964438974
20251488117,20250620,Property Damage Only,-94.7862915549,40.5832150202
20251488130,20250621,Property Damage Only,-91.5876593086,41.6499303982
20251488167,20250621,Property Damage Only,-91.682458212,42.2828777269
20251488180,20250620,Property Damage Only,-92.1269469893,41.773797344
20251488200,20250621,Property Damage Only,-90.6326667485,41.9501135956
20251488203,20250601,Property Damage Only,-93.570364216,41.9124320348
20251488206,20250610,Property Damage Only,-93.9212171143,41.5547028149
20251488209,20250611,Property Damage Only,-93.5696273308,41.9434638865
20251488210,20250612,Property Damage Only,-93.5714289454,41.8330136236
20251488219,20250614,Property Damage Only,-93.5674611171,42.5230812707
20251488221,20250621,Property Damage Only,-94.4173101726,42.0345504368
20251488247,20250527,Property Damage Only,-91.9499884957,40.9844704953
20251488253,20250618,Property Damage Only,-96.0484523349,41.7370695953
20251488255,20250610,Property Damage Only,-92.4299780791,42.5757342631
20251488285,20250622,Property Damage Only,-94.0282581701,42.0872043075
20251488294,20250622,Property Damage Only,-93.1572507166,43.1117269117
20251488295,20250622,Property Damage Only,-92.9139563332,42.4633759786
20251488303,20250524,Property Damage Only,-93.2049014534,41.6997232877
20251488304,20250524,Property Damage Only,-93.5086493244,41.5816237681
20251488307,20250531,Property Damage Only,-93.5709521469,41.8958656639
20251488311,20250603,Property Damage Only,-93.1115826697,41.6811529317
20251488315,20250616,Property Damage Only,-93.4724399928,41.6649239376
20251488340,20250613,Property Damage Only,-93.0528294334,41.3270761736
20251488346,20250622,Property Damage Only,-91.4081048492,42.8343781755
20251488347,20250619,Property Damage Only,-93.064865527,41.4862703453
20251488350,20250622,Property Damage Only,-92.9840754665,41.4072644032
20251488351,20250621,Property Damage Only,-92.1841293874,42.4495533959
20251488356,20250620,Property Damage Only,-91.1797494225,40.8262344086
20251488357,20250617,Property Damage Only,-92.9525053903,41.6805847961
20251488360,20250621,Property Damage Only,-92.9753852974,40.8121629523
20251488361,20250615,Possible/Unknown Injury Crash,-93.422194746,41.6760181434
20251488365,20250622,Property Damage Only,-90.8077107308,41.6230797421
20251488366,20250622,Property Damage Only,-90.4075076742,41.574308645
20251488370,20250616,Property Damage Only,-94.6195283265,42.7558260297
20251488373,20250619,Property Damage Only,-96.2110219582,42.7511105259
20251488376,20250622,Suspected Minor Injury Crash,-93.3774984239,41.5290669153
20251488386,20250622,Suspected Minor Injury Crash,-95.8510149176,41.4212683317
20251488394,20250621,Property Damage Only,-91.1815525123,41.4442340873
20251488406,20250614,Property Damage Only,-93.2701691495,42.0079211402
20251488409,20250621,Property Damage Only,-93.3709556575,42.0076667065
20251488416,20250621,Property Damage Only,-91.299747877,42.0707034459
20251488417,20250623,Property Damage Only,-90.9828153561,42.067252884
20251488422,20250621,Property Damage Only,-92.843601327,41.7556615163
20251488444,20250620,Property Damage Only,-91.867334141,43.2845032913
20251488448,20250620,Property Damage Only,-90.6095521785,42.4082537192
20251488455,20250621,Property Damage Only,-92.3936289868,41.0724242644
20251488461,20250621,Property Damage Only,-93.8135778896,42.50164144
20251488463,20250622,Property Damage Only,-93.5690371057,42.4471540271
20251488471,20250620,Property Damage Only,-91.2995980329,42.4709304996
20251488472,20250620,Property Damage Only,-91.3214009636,42.4707656697
20251488489,20250620,Property Damage Only,-96.065027048,42.9229649338
20251488491,20250621,Property Damage Only,-95.8808615191,43.1347684759
20251488496,20250622,Property Damage Only,-93.849257832,41.5529149394
20251488502,20250620,Property Damage Only,-94.8594731342,41.4971331558
20251488512,20250622,Property Damage Only,-92.4789840333,41.4334507669
20251488513,20250622,Property Damage Only,-92.4109928239,41.3361382039
20251488522,20250620,Property Damage Only,-93.9462684189,41.8351846439
20251488536,20250622,Property Damage Only,-93.3505325074,43.1106857309
20251488543,20250622,Property Damage Only,-92.1753630393,42.416060758
20251488554,20250621,Property Damage Only,-92.4966012709,42.6127175487
20251488564,20250616,Property Damage Only,-95.2005865732,42.7055192909
20251488566,20250612,Property Damage Only,-91.810958079,43.2800231266
20251488567,20250621,Property Damage Only,-91.9844917918,42.9647625625
20251488570,20250616,Property Damage Only,-91.334136614,41.6642513071
20251488572,20250620,Property Damage Only,-91.5443772084,41.6863094022
20251488594,20250623,Property Damage Only,-91.2493972708,41.710798939
20251488599,20250622,Property Damage Only,-91.1701849578,40.9057658802
20251488608,20250616,Property Damage Only,-93.9146159071,42.0443770439
20251488625,20250623,Property Damage Only,-91.7881779134,42.2222350548
20251488632,20250624,Property Damage Only,-92.6318209398,42.4519918248
20251488639,20250624,Property Damage Only,-90.9760469815,42.4405468603
20251488642,20250624,Property Damage Only,-93.5708416876,41.9078272077
20251488644,20250623,Property Damage Only,-91.809504121,43.4213954246
20251488648,20250623,Property Damage Only,-93.5680019979,42.0700868622
20251488658,20250623,Property Damage Only,-92.6638019939,41.0158860989
20251488661,20250620,Property Damage Only,-91.5450546235,41.0410623987
20251488663,20250624,Property Damage Only,-93.2844427106,41.6705419136
20251488671,20250623,Property Damage Only,-91.4689644718,40.942224791
20251488673,20250615,Property Damage Only,-93.6095966852,41.3563792287
20251488676,20250607,Property Damage Only,-94.22207008,41.8608441006
20251488734,20250623,Property Damage Only,-92.9118011998,43.1194281257
20251488738,20250613,Property Damage Only,-95.1880523437,43.3858559629
20251488831,20250615,Property Damage Only,-90.9773086988,41.6336657841
20251488835,20250624,Property Damage Only,-92.5434340357,41.9657833904
20251488843,20250625,Property Damage Only,-91.1421775292,40.7890004218
20251488846,20250624,Property Damage Only,-92.0046745477,41.0063137564
20251488852,20250623,Property Damage Only,-96.1365412444,42.8526837009
20251488854,20250624,Property Damage Only,-92.5910461566,41.7535269924
20251488856,20250619,Possible/Unknown Injury Crash,-93.0625630628,41.9793376078
20251488857,20250624,Property Damage Only,-94.0702175955,41.5734173915
20251488860,20250625,Property Damage Only,-93.6366070699,41.1909049868
20251488863,20250625,Property Damage Only,-91.6221904184,41.695266864
20251488871,20250625,Property Damage Only,-91.1186392477,41.1578851297
20251488876,20250625,Property Damage Only,-91.2044016521,41.1172618225
20251488880,20250625,Property Damage Only,-92.0598495273,42.3721772234
20251488881,20250625,Property Damage Only,-91.9947042279,42.4503269702
20251488883,20250623,Property Damage Only,-94.5978739589,42.3989018699
20251488884,20250620,Property Damage Only,-90.9100431848,42.3218310343
20251488913,20250624,Property Damage Only,-90.7818422047,42.0109214364
20251488947,20250625,Property Damage Only,-93.7740057473,41.5280725818
20251488948,20250625,Property Damage Only,-94.698437786,40.6711544997
20251488950,20250622,Property Damage Only,-91.1328156385,41.6830423178
20251488974,20250625,Property Damage Only,-91.1031609496,41.3841343487
20251488980,20250626,Property Damage Only,-91.1200840048,41.0337954757
20251488985,20250625,Property Damage Only,-91.6570279976,40.6316780804
20251489014,20250626,Property Damage Only,-91.466247988,42.5352407101
20251489042,20250621,Property Damage Only,-93.1411227375,42.0079271567
20251489043,20250623,Property Damage Only,-92.906250922,42.0910343808
20251489044,20250622,Property Damage Only,-95.9006360446,41.4887073985
20251489058,20250624,Property Damage Only,-94.012613178,41.532325923
20251489059,20250624,Property Damage Only,-94.0126223542,41.5321456976
20251489100,20250627,Property Damage Only,-91.7945032378,42.0927652755
20251489104,20250627,Property Damage Only,-95.2271454565,43.1424724208
20251489105,20250626,Property Damage Only,-93.6161959918,43.0652593242
20251489109,20250626,Property Damage Only,-91.6039263604,41.661270685
20251489122,20250627,Property Damage Only,-91.1643631536,42.8963121495
20251489131,20250626,Property Damage Only,-96.3038702512,42.3109279979
20251489133,20250627,Property Damage Only,-93.1845496601,43.1078680573
20251489136,20250627,Suspected Minor Injury Crash,-92.9705585059,42.0595459754
20251489140,20250626,Property Damage Only,-93.739787452,41.4830718859
20251489148,20250621,Property Damage Only,-91.8625831897,42.2258069921
20251489153,20250627,Property Damage Only,-94.0280140942,41.7994546416
20251489165,20250626,Property Damage Only,-93.1814242341,43.119093171
20251489168,20250624,Property Damage Only,-90.3650332579,41.6757781114
20251489169,20250618,Property Damage Only,-91.0334230867,41.6359728285
20251489170,20250627,Property Damage Only,-94.2270324838,42.9228520707
20251489178,20250619,Property Damage Only,-94.2271880312,42.781118098
20251489189,20250620,Property Damage Only,-95.9788449177,41.6128343614
20251489192,20250625,Property Damage Only,-91.1537367239,40.8499978851
20251489200,20250626,Property Damage Only,-92.9686801743,43.1164772071
20251489214,20250627,Property Damage Only,-91.3933609648,41.9038777093
20251489226,20250627,Property Damage Only,-90.9914742289,41.4823136676
20251489244,20250627,Property Damage Only,-92.3176944544,42.9552930502
20251489245,20250627,Property Damage Only,-93.0231338859,43.1177578514
20251489246,20250627,Property Damage Only,-93.3787389198,43.0606904612
20251489259,20250628,Property Damage Only,-93.7974743508,40.9665681757
20251489266,20250627,Property Damage Only,-92.3687234693,43.5002168635
20251489283,20250628,Property Damage Only,-92.5817747033,41.8993245626
20251489288,20250628,Property Damage Only,-91.728405155,41.7168739214
20251489304,20250628,Property Damage Only,-91.2968867623,43.0050687133
20251489314,20250628,Property Damage Only,-90.6496581724,41.9716357778
20251489343,20250628,Property Damage Only,-92.5690233137,43.0670522745
20251489351,20250628,Property Damage Only,-94.4208584547,42.0116124457
20251489356,20250628,Property Damage Only,-90.8545680176,41.5191816797
20251489360,20250612,Property Damage Only,-92.9666791423,42.6338292461
20251489362,20250629,Property Damage Only,-94.4696717297,42.9585349847
20251489364,20250629,Property Damage Only,-92.4386560578,42.9653154869
20251489402,20250628,Property Damage Only,-93.8434608558,40.7153855073
20251489403,20250629,Property Damage Only,-91.3250095089,40.6962695279
20251489406,20250627,Property Damage Only,-95.7857832941,41.2975087416
20251489433,20250623,Property Damage Only,-92.4398189269,42.6034843348
20251489434,20250629,Property Damage Only,-90.4831686584,41.8083040932
20251489435,20250615,Property Damage Only,-95.1614697983,42.946739494
20251489445,20250630,Property Damage Only,-92.966816167,42.6972738681
20251489465,20250627,Property Damage Only,-90.9381410232,42.4396999183
20251489474,20250629,Property Damage Only,-91.6220586155,40.9163397252
20251489475,20250626,Property Damage Only,-92.8470696219,41.7134229714
20251489480,20250628,Property Damage Only,-93.2125801432,41.6994030981
20251489492,20250630,Property Damage Only,-94.4734912372,41.6811098928
20251489496,20250627,Suspected Serious Injury Crash,-91.9074012268,41.4686330517
20251489498,20250630,Property Damage Only,-90.7191554209,42.5276287574
20251489505,20250629,Property Damage Only,-95.0164589989,41.4971260628
20251489536,20250625,Property Damage Only,-91.5824148124,40.6390378402
20251489542,20250630,Property Damage Only,-93.5695907702,42.3282718733
20251489543,20250610,Property Damage Only,-91.726869203,42.5994729287
20251489546,20250625,Property Damage Only,-91.9086809898,42.6250698245
20251489547,20250628,Property Damage Only,-92.6802455827,41.4332313823
20251489550,20250622,Property Damage Only,-90.5265740631,41.8074012288
20251489556,20250628,Property Damage Only,-94.0227155562,41.8356281855
20251489557,20250629,Property Damage Only,-94.0280661522,41.7311280534
20251489560,20250628,Suspected Minor Injury Crash,-94.0711773249,42.4493249161
20251489563,20250628,Property Damage Only,-93.5671784565,42.5214436134
20251489565,20250630,Property Damage Only,-92.8099760348,43.0021584039
20251489570,20250630,Property Damage Only,-90.8424554413,42.1566665814
20251489603,20250630,Property Damage Only,-95.8004983236,42.9042291262
20251489608,20250629,Property Damage Only,-90.5573433268,41.8257118392
20251489612,20250630,Property Damage Only,-93.5669042307,41.1906116103
20251489624,20250630,Property Damage Only,-94.2268616125,42.6970387737
20251489626,20250629,Property Damage Only,-96.2112937417,42.1388110651
20251489629,20250629,Property Damage Only,-92.4749559843,42.4649165111
20251489632,20250701,Property Damage Only,-91.4149497474,40.9148585283
20251489638,20250630,Property Damage Only,-91.2685309536,41.4081521764
20251489658,20250701,Property Damage Only,-96.3577385466,42.3774999968
20251489661,20250630,Property Damage Only,-92.6339593095,43.15558047
20251489665,20250628,Property Damage Only,-92.4956337517,43.4288934578
20251489672,20250630,Property Damage Only,-93.2033828599,42.6544385985
20251489689,20250630,Property Damage Only,-91.4800894293,42.3054552441
20251489695,20250625,Property Damage Only,-94.7086107125,42.4493841138
20251489696,20250626,Property Damage Only,-94.3292234257,42.4494324405
20251489703,20250630,Property Damage Only,-91.7695243046,42.0281316956
20251489725,20250630,Property Damage Only,-95.020011827,42.4582670956
20251489727,20250629,Property Damage Only,-91.9088459804,41.7643850783
20251489738,20250624,Property Damage Only,-90.5577346224,42.1962541804
20251489740,20250629,Property Damage Only,-92.8743330602,40.7916117085
20251489754,20250701,Possible/Unknown Injury Crash,-90.4317562151,41.9629036489
20251489755,20250629,Property Damage Only,-91.1238250574,42.4700783604
20251489757,20250701,Property Damage Only,-90.870555356,42.3894021135
20251489770,20250701,Property Damage Only,-95.8301017272,42.5751470564
20251489772,20250628,Property Damage Only,-90.7319794549,41.6492054694
20251489773,20250702,Property Damage Only,-92.6647920063,43.0389440932
20251489775,20250701,Property Damage Only,-92.3038602511,41.5792903483
20251489782,20250701,Property Damage Only,-92.8217545167,42.361600791
20251489785,20250702,Property Damage Only,-90.3547768546,41.8387571918
20251489797,20250623,Property Damage Only,-93.5703255246,42.0055253142
20251489819,20250526,Property Damage Only,-92.6332510268,42.4611734536
20251489821,20250607,Property Damage Only,-93.5703083676,42.3002142114
20251489822,20250622,Property Damage Only,-93.57029324,42.2945043835
20251489840,20250630,Property Damage Only,-91.1471195634,41.6702503149
20251489843,20250701,Property Damage Only,-93.2307972389,43.1339163299
20251489849,20250623,Property Damage Only,-92.4722796749,42.6629855974
20251489851,20250619,Property Damage Only,-92.3377569221,42.7405447948
20251489858,20250630,Property Damage Only,-95.2149253033,41.4973646302
20251489867,20250701,Property Damage Only,-92.140737176,42.6912189654
20251489868,20250701,Possible/Unknown Injury Crash,-92.3324838185,42.8902188619
20251489907,20250702,Property Damage Only,-91.7108247095,43.4738287092
20251489912,20250612,Property Damage Only,-93.3587859274,41.6804849536
20251489939,20250702,Property Damage Only,-92.5244727447,41.9644454826
20251489952,20250702,Property Damage Only,-91.1743629475,41.0566286861
20251489957,20250629,Property Damage Only,-92.4011827563,42.6141227307
20251489967,20250702,Property Damage Only,-93.2281075652,41.6959326017
20251489974,20250702,Property Damage Only,-91.1224037539,42.816315878
20251489998,20250702,Property Damage Only,-93.3489871602,43.219315586
20251490005,20250628,Property Damage Only,-91.3900755415,43.091773963
20251490008,20250702,Property Damage Only,-90.8407628063,42.3094159685
20251490033,20250703,Property Damage Only,-90.426684375,41.8153463394
20251490042,20250702,Property Damage Only,-93.1739743481,40.9208564012
20251490044,20250702,Property Damage Only,-91.5276149361,40.6390546672
20251490045,20250703,Property Damage Only,-91.3808891573,40.6330005313
20251490054,20250612,Property Damage Only,-92.6667314619,42.3425493236
20251490056,20250702,Property Damage Only,-92.3416892285,42.9654112248
20251490060,20250630,Property Damage Only,-91.841146061,42.6146175154
20251490063,20250626,Property Damage Only,-92.1610778584,42.5447764094
20251490078,20250627,Possible/Unknown Injury Crash,-93.0003021567,42.0609637832
20251490109,20250703,Property Damage Only,-90.8137383988,41.5142153196
20251490112,20250702,Property Damage Only,-93.6064618114,41.3599537982
20251490119,20250703,Property Damage Only,-95.9070114462,41.2577541505
20251490122,20250703,Property Damage Only,-93.2314931741,40.9623917374
20251490124,20250703,Property Damage Only,-91.6429918381,41.6952802311
20251490126,20250703,Property Damage Only,-91.4633413643,41.8839857165
20251490147,20250702,Property Damage Only,-92.2797998887,41.649109999
20251490157,20250702,Property Damage Only,-91.989401354,41.5230391682
20251490158,20250701,Property Damage Only,-92.7661071743,41.45119183
20251490162,20250703,Property Damage Only,-91.1281929989,40.7505719149
20251490190,20250704,Property Damage Only,-91.5707813192,41.7256403124
20251490191,20250703,Property Damage Only,-93.0721177469,42.4113490462
20251490231,20250704,Property Damage Only,-94.6484631376,43.3998623013
20251490234,20250705,Property Damage Only,-92.6225446827,41.993820317
20251490244,20250704,Property Damage Only,-92.4142537094,41.0446779616
20251490253,20250705,Property Damage Only,-91.2772706109,40.7089258326
20251490254,20250705,Property Damage Only,-91.005380295,41.4424573361
20251490268,20250701,Property Damage Only,-91.5441656157,42.0355362057
20251490284,20250705,Property Damage Only,-93.7748437703,41.6293442406
20251490287,20250702,Property Damage Only,-94.2252244744,41.0470758817
20251490288,20250703,Property Damage Only,-93.5938499816,41.2059873611
20251490294,20250628,Suspected Serious Injury Crash,-92.1874212127,42.4319612582
20251490328,20250705,Property Damage Only,-91.6697021582,42.0724910072
20251490329,20250705,Property Damage Only,-91.78367372,42.254879492
20251490332,20250704,Property Damage Only,-90.7358269362,42.0995136935
20251490333,20250310,Property Damage Only,-90.569090472,41.8350572759
20251490336,20250705,Property Damage Only,-91.0521807595,41.5080998196
20251490338,20250706,Property Damage Only,-92.6429249248,43.0182474259
20251490340,20250630,Property Damage Only,-92.9724473256,41.3761048338
20251490347,20250703,Property Damage Only,-92.3538543687,42.4531574978
20251490352,20250705,Property Damage Only,-90.9285182991,41.5064875724
20251490355,20250706,Property Damage Only,-92.5361780628,41.9645293955
20251490367,20250704,Property Damage Only,-93.921767287,41.6144880683
20251490382,20250626,Property Damage Only,-93.2312159585,40.9510598567
20251490383,20250705,Property Damage Only,-90.6465497896,42.1788126702
20251490388,20250706,Property Damage Only,-91.7484324763,43.2855691189
20251490392,20250705,Property Damage Only,-93.1811284659,41.000803005
20251490393,20250706,Property Damage Only,-91.527207174,43.2064858459
20251490399,20250706,Property Damage Only,-93.7282651295,41.8041059139
20251490401,20250704,Property Damage Only,-91.5718879811,40.9879726953
20251490405,20250704,Property Damage Only,-91.1789152399,41.0654470287
20251490446,20250706,Property Damage Only,-90.6654403177,42.4919755338
20251490451,20250706,Property Damage Only,-94.3895811098,42.0061052395
20251490452,20250707,Property Damage Only,-92.7478128479,42.5703634504
20251490453,20250707,Property Damage Only,-96.6060169747,42.7552335184
20251490454,20250704,Property Damage Only,-92.8484198399,40.7248087366
20251490460,20250706,Property Damage Only,-95.8440731449,41.2328936075
20251490461,20250702,Property Damage Only,-90.8312713845,42.4404195458
20251490466,20250707,Property Damage Only,-91.1364985661,42.8190405894
20251490495,20250706,Suspected Minor Injury Crash,-93.5708876542,41.9968131201
20251490498,20250705,Property Damage Only,-91.2670468563,42.1134884823
20251490523,20250704,Property Damage Only,-91.7765265878,43.2761572275
20251490524,20250706,Property Damage Only,-91.7318011876,43.4380013042
20251490532,20250627,Property Damage Only,-92.0563766898,42.1811110091
20251490534,20250702,Property Damage Only,-92.0288224183,42.108686472
20251490535,20250706,Property Damage Only,-91.9887927079,41.9635707794
20251490538,20250705,Property Damage Only,-91.2585362466,41.277379407
20251490546,20250703,Property Damage Only,-91.9937529052,40.9816539673
20251490553,20250703,Property Damage Only,-94.8218688346,41.4971767275
20251490557,20250706,Property Damage Only,-93.3409704746,43.0021144384
20251490565,20250705,Property Damage Only,-91.3676138881,42.6319560045
20251490566,20250706,Property Damage Only,-91.5833763907,42.4641634034
20251490571,20250707,Property Damage Only,-90.2727309829,41.7924834033
20251490572,20250704,Property Damage Only,-91.7157773316,41.3268233268
20251490573,20250707,Property Damage Only,-93.8982405737,42.1238799588
20251490575,20250703,Property Damage Only,-91.8742789132,41.1003276065
20251490599,20250706,Property Damage Only,-92.1722209233,40.8742364181
20251490633,20250701,Property Damage Only,-93.0515664641,42.440971847
20251490634,20250703,Property Damage Only,-93.2763210748,42.4481253457
20251490635,20250706,Property Damage Only,-93.0660288809,42.4460437948
20251490643,20250702,Property Damage Only,-94.918870809,42.4541520044
20251490658,20250701,Property Damage Only,-91.6201640614,41.6224848466
20251490665,20250703,Suspected Minor Injury Crash,-91.1166619201,42.4310750208
20251490676,20250617,Property Damage Only,-91.8104636211,42.8737198069
20251490677,20250701,Property Damage Only,-91.9990345277,42.9647285774
20251490680,20250705,Property Damage Only,-91.6187897928,42.6874556455
20251490682,20250704,Property Damage Only,-91.245436525,42.0962195712
20251490685,20250706,Property Damage Only,-93.7969104887,42.4119880524
20251490686,20250707,Property Damage Only,-92.4560408793,42.2749718288
20251490691,20250705,Property Damage Only,-94.6781375436,42.559035479
20251490718,20250703,Property Damage Only,-90.4991335502,41.8075992809
20251490725,20250707,Property Damage Only,-90.509918415,41.7133960524
20251490727,20250707,Property Damage Only,-91.9095236162,42.6480509478
20251490729,20250707,Property Damage Only,-94.4050734661,42.7323450923
20251490730,20250707,Property Damage Only,-93.3457750834,43.1476292005
20251490739,20250707,Suspected Minor Injury Crash,-91.6055061826,43.0735494606
20251490740,20250624,Property Damage Only,-94.0128419428,41.483189261
20251490741,20250707,Property Damage Only,-93.9502435377,41.3443785089
20251490743,20250708,Property Damage Only,-91.3020636456,43.073194558
20251490746,20250708,Property Damage Only,-91.0381000054,41.5593159865
20251490757,20250708,Property Damage Only,-92.662575517,42.4634970004
20251490763,20250707,Property Damage Only,-93.7969858122,42.4006580474
20251490764,20250708,Property Damage Only,-91.1516299391,42.4854433767
20251490768,20250707,Property Damage Only,-92.063842191,43.3711479057
20251490775,20250703,Property Damage Only,-93.4380541114,43.224195934
20251490779,20250707,Property Damage Only,-95.8279007635,41.0825863576
20251490816,20250704,Property Damage Only,-91.4464231578,43.2179424407
20251490818,20250626,Property Damage Only,-93.0088518641,42.0078694554
20251490863,20250708,Property Damage Only,-92.6137903063,43.0026100889
20251490865,20250707,Property Damage Only,-92.7333334905,40.7399149346
20251490885,20250708,Property Damage Only,-91.3098479235,43.172414817
20251490887,20250705,Property Damage Only,-91.546914863,42.1819037751
20251490897,20250709,Property Damage Only,-93.1259152249,40.722209054
20251490899,20250708,Property Damage Only,-91.1575144371,42.2546242969
20251490901,20250708,Property Damage Only,-91.3033771345,41.5827221454
20251490902,20250708,Property Damage Only,-91.3274481778,41.4526182068
20251490903,20250703,Property Damage Only,-92.4563663086,40.9428395144
20251490913,20250708,Property Damage Only,-92.0470921617,41.9635291114
20251490914,20250704,Property Damage Only,-92.4724460231,42.6707311665
20251490926,20250708,Property Damage Only,-91.3035843978,42.4710616309
20251490950,20250708,Property Damage Only,-91.1304197518,42.7690715618
20251490951,20250709,Suspected Minor Injury Crash,-91.192181956,43.0447490396
20251490956,20250707,Property Damage Only,-92.5544861128,43.2796629419
20251490958,20250708,Property Damage Only,-93.7249505198,42.4489036867
20251490959,20250629,Property Damage Only,-91.8894359711,42.3824597954
20251490961,20250708,Property Damage Only,-91.9759921054,42.3118481923
20251490962,20250706,Property Damage Only,-92.6725981199,43.0461887111
20251490994,20250628,Property Damage Only,-91.2191040231,43.3359268331
20251491011,20250624,Property Damage Only,-92.4778490616,42.469531741
20251491038,20250709,Property Damage Only,-94.0480377161,42.3369830011
20251491039,20250709,Property Damage Only,-93.6866369561,40.5932221809
20251491044,20250701,Suspected Minor Injury Crash,-93.0926404223,43.2116430636
20251491045,20250710,Property Damage Only,-91.9485200702,40.6906433478
20251491047,20250709,Property Damage Only,-91.522798109,41.9758753284
20251491048,20250710,Property Damage Only,-93.1760243061,41.0443024911
20251491051,20250708,Suspected Minor Injury Crash,-95.3287629909,43.35121948
20251491052,20250706,Property Damage Only,-90.6091332117,41.5161220878
20251491061,20250710,Property Damage Only,-90.6970342246,42.5709872587
20251491065,20250708,Property Damage Only,-90.9805634083,41.491939942
20251491082,20250708,Property Damage Only,-93.6548446357,42.4488393307
20251491087,20250710,Suspected Minor Injury Crash,-91.4951960516,40.4578279061
20251491091,20250710,Property Damage Only,-93.1206909123,42.7380732032
20251491096,20250709,Property Damage Only,-91.8728169793,41.8199424096
20251491097,20250709,Property Damage Only,-92.0663879853,41.642665796
20251491100,20250710,Property Damage Only,-92.2091010748,42.9224819564
20251491104,20250709,Property Damage Only,-91.2812737747,40.7396759811
20251491109,20250709,Property Damage Only,-92.2163529297,41.8294740543
20251491143,20250709,Property Damage Only,-93.0759364153,42.4335914036
20251491144,20250710,Property Damage Only,-93.1864765121,42.3607861572
20251491156,20250710,Property Damage Only,-91.5501030509,42.0071153503
20251491170,20250709,Property Damage Only,-95.6786233281,41.9000234473
20251491226,20250710,Property Damage Only,-92.8100211987,42.911764733
20251491227,20250710,Property Damage Only,-93.2618646466,42.6090033428
20251491228,20250710,Property Damage Only,-90.590634606,41.9062445133
20251491232,20250710,Property Damage Only,-91.6494533218,41.061420847
20251491245,20250710,Property Damage Only,-92.9695428902,41.4241146687
20251491246,20250708,Property Damage Only,-91.6092999103,40.6723714701
20251491264,20250626,Property Damage Only,-93.007946147,42.007860515
20251491277,20250711,Property Damage Only,-95.554531646,42.7099556412
20251491278,20250630,Property Damage Only,-91.3031659212,41.2216421816
20251491279,20250710,Property Damage Only,-91.1957894399,41.1894205625
20251491280,20250710,Property Damage Only,-91.5337321966,42.4691224749
20251491325,20250704,Property Damage Only,-91.6486730911,42.5125559609
20251491333,20250711,Property Damage Only,-92.6626450482,43.0386856443
20251491350,20250709,Property Damage Only,-93.5585133625,41.3941370977
20251491361,20250711,Possible/Unknown Injury Crash,-91.4106300192,41.9046584678
20251491368,20250711,Property Damage Only,-92.7411764666,43.1321994706
20251491373,20250711,Property Damage Only,-91.2808034142,40.938266067
20251491391,20250711,Property Damage Only,-94.1811918682,42.6933223709
20251491396,20250703,Property Damage Only,-93.2007055331,43.1775384898
20251491406,20250523,Property Damage Only,-93.3711963152,41.7597169079
20251491446,20250712,Property Damage Only,-93.2723312767,42.8031745434
20251491460,20250712,Property Damage Only,-90.8509077275,41.967764216
20251491466,20250703,Property Damage Only,-91.7014694829,42.083176127
20251491467,20250712,Property Damage Only,-92.6725270474,43.089538449
20251491477,20250713,Property Damage Only,-91.2220219638,41.4644840657
20251491483,20250712,Suspected Minor Injury Crash,-93.3557480605,43.1729292032
20251491484,20250713,Property Damage Only,-90.694009791,42.5661086495
20251491489,20250712,Property Damage Only,-94.106753847,42.3536416431
20251491493,20250711,Property Damage Only,-91.9830343712,41.7751714709
20251491497,20250623,Property Damage Only,-94.5499978133,43.2414117519
20251491499,20250624,Property Damage Only,-94.7579383762,43.1942105501
20251491500,20250701,Property Damage Only,-94.4476168451,43.0828849638
20251491506,20250713,Property Damage Only,-94.2424171377,42.0755926734
20251491507,20250617,Property Damage Only,-94.4990061317,43.082943591
20251491516,20250713,Property Damage Only,-93.4781942868,43.1987408847
20251491541,20250712,Property Damage Only,-91.9476046978,42.6859330193
20251491557,20250713,Property Damage Only,-91.4824131971,42.7822750333
20251491558,20250713,Property Damage Only,-93.0042462957,43.1971377929
20251491559,20250713,Property Damage Only,-90.3719612667,42.1928755641
20251491561,20250712,Property Damage Only,-94.2271677319,42.7726623586
20251491571,20250702,Property Damage Only,-93.4531954543,42.6772453234
20251491573,20250710,Property Damage Only,-93.636981445,42.726594527
20251491575,20250713,Property Damage Only,-91.3102920201,41.5535336574
20251491594,20250711,Property Damage Only,-93.6990290509,42.0144237224
20251491596,20250713,Property Damage Only,-93.5686525885,42.0644275486
20251491597,20250714,Property Damage Only,-93.5692712778,42.009178224
20251491598,20250713,Property Damage Only,-93.5019714236,42.1872981277
20251491617,20250712,Property Damage Only,-93.4157875863,41.4659368976
20251491623,20250711,Property Damage Only,-92.2638301783,42.4734092077
20251491630,20250705,Property Damage Only,-90.9101353212,41.7421623441
20251491634,20250711,Property Damage Only,-92.4791248296,41.4682293031
20251491635,20250712,Property Damage Only,-92.6410020057,41.2455035814
20251491636,20250713,Property Damage Only,-91.5655178591,40.566545555
20251491653,20250713,Property Damage Only,-92.7541298064,43.1274734608
20251491657,20250713,Property Damage Only,-91.5524486248,41.0049531778
20251491658,20250713,Property Damage Only,-93.0636818185,41.6594911438
20251491659,20250713,Property Damage Only,-94.2957316164,42.4516891858
20251491662,20250713,Property Damage Only,-91.565105729,40.5626127388
20251491670,20250711,Property Damage Only,-96.2694679074,42.4457161025
20251491678,20250714,Property Damage Only,-90.856259358,41.456661765
20251491701,20250714,Property Damage Only,-93.5708586124,42.1756370371
20251491702,20250522,Property Damage Only,-94.3568307105,41.2521290512
20251491705,20250710,Property Damage Only,-91.1969738688,41.2474641487
20251491706,20250711,Property Damage Only,-91.2348495202,41.2843954904
20251491708,20250712,Property Damage Only,-93.0354557772,42.4625922559
20251491713,20250703,Property Damage Only,-95.3092094201,42.654590783
20251491725,20250712,Property Damage Only,-91.2007334079,41.3200310246
20251491727,20250707,Property Damage Only,-91.7220831011,42.4684777862
20251491733,20250704,Property Damage Only,-93.7179093933,42.0200984108
20251491742,20250712,Property Damage Only,-93.9127843073,41.8239449339
20251491743,20250713,Property Damage Only,-93.9355446481,41.5520651088
20251491748,20250713,Property Damage Only,-92.1296022473,43.4438915
20251491749,20250711,Property Damage Only,-91.1366912497,41.2471255734
20251491767,20250713,Property Damage Only,-91.5619851442,41.6855313517
20251491769,20250713,Property Damage Only,-91.5614688308,41.6855158822
20251491773,20250712,Property Damage Only,-92.8302178966,40.8512096077
20251491779,20250714,Property Damage Only,-94.0128309546,41.4994024854
20251491786,20250714,Property Damage Only,-94.195310327,41.0331936129
20251491788,20250708,Property Damage Only,-95.1504394877,43.2034505477
20251491795,20250714,Property Damage Only,-94.1494038819,41.8848676335
20251491798,20250714,Property Damage Only,-91.3994106295,40.8210604237
20251491811,20250714,Property Damage Only,-93.7793418759,41.1603646852
20251491814,20250715,Property Damage Only,-91.476914629,40.9452036142
20251491819,20250713,Property Damage Only,-90.4427826273,41.5545107893
20251491826,20250715,Property Damage Only,-93.5698491053,42.0427879126
20251491827,20250712,Property Damage Only,-93.5240231906,41.6002267888
20251491849,20250621,Property Damage Only,-93.0469524942,42.0081123808
20251491861,20250707,Property Damage Only,-91.4249204363,41.9794823608
20251491868,20250710,Property Damage Only,-95.1286672386,43.4002492881
20251491871,20250715,Property Damage Only,-91.4305974082,41.3363660931
20251491872,20250715,Property Damage Only,-91.4118516619,41.3150048413
20251491874,20250715,Property Damage Only,-93.6369877302,42.539448642
20251491877,20250715,Property Damage Only,-92.6389916669,41.0051903986
20251491889,20250714,Property Damage Only,-92.717580127,41.2610391896
20251491916,20250714,Property Damage Only,-91.2796895224,40.6484903785
20251491931,20250714,Property Damage Only,-94.0139112729,41.605416714
20251491943,20250715,Property Damage Only,-95.6605065341,41.4007791797
20251491975,20250611,Property Damage Only,-92.3951924518,40.8519831552
20251491976,20250713,Property Damage Only,-91.6929657414,42.4618814146
20251491990,20250715,Property Damage Only,-90.3923286042,42.222941472
20251492005,20250716,Property Damage Only,-92.7422180698,43.0949575345
20251492064,20250716,Property Damage Only,-91.2297622415,42.1632087573
20251492077,20250713,Property Damage Only,-92.5650283745,42.3258174849
20251492078,20250715,Property Damage Only,-91.5033995592,40.4224314514
20251492083,20250715,Property Damage Only,-92.5730274261,41.4805780933
20251492103,20250715,Property Damage Only,-96.4501250604,42.570168816
20251492105,20250715,Property Damage Only,-90.4086984647,42.2377123335
20251492136,20250716,Property Damage Only,-93.0529098546,42.2452861124
20251492142,20250714,Property Damage Only,-91.3716978532,40.8695676857
20251492143,20250714,Property Damage Only,-91.2699811829,40.8271187233
20251492169,20250716,Property Damage Only,-94.4514287156,42.0346463505
20251492170,20250626,Property Damage Only,-91.3792039085,43.0301720817
20251492171,20250710,Property Damage Only,-91.4587672195,42.7725127291
20251492172,20250716,Property Damage Only,-92.5561553082,42.9626165734
20251492177,20250716,Property Damage Only,-93.2409640863,43.4831477236
20251492185,20250714,Property Damage Only,-93.6890845864,41.5136516065
20251492203,20250707,Property Damage Only,-93.5759854303,41.6881944578
20251492211,20250717,Property Damage Only,-95.8662463285,41.2196623765
20251492215,20250711,Property Damage Only,-93.2801277968,41.8304816548
20251492218,20250717,Property Damage Only,-90.439655473,41.8155102884
20251492233,20250617,Property Damage Only,-92.1454935439,41.9634120686
20251492236,20250713,Property Damage Only,-90.799318689,42.5667037488
20251492238,20250713,Property Damage Only,-90.8420284852,42.4408567962
20251492239,20250716,Property Damage Only,-90.7062182818,42.4186227064
20251492240,20250716,Property Damage Only,-90.8502193779,42.4224776425
20251492247,20250716,Property Damage Only,-92.4859070507,42.7150906476
20251492250,20250717,Property Damage Only,-92.581425671,42.0172481116
20251492257,20250716,Property Damage Only,-91.4022917816,40.905973197
20251492262,20250717,Property Damage Only,-91.2866860926,42.4582024066
20251492268,20250512,Property Damage Only,-93.5372329857,43.1195877115
20251492287,20250716,Property Damage Only,-91.5501023421,42.0772834137
20251492290,20250715,Property Damage Only,-91.9833999659,42.6234158257
20251492301,20250711,Property Damage Only,-92.5336671411,42.7007421258
20251492303,20250711,Property Damage Only,-91.1924129942,43.0197375651
20251492313,20250716,Property Damage Only,-93.0061588154,40.7394660886
20251492315,20250716,Property Damage Only,-93.0188317696,40.7394917426
20251492349,20250717,Property Damage Only,-91.1586281322,42.8894213141
20251492358,20250718,Property Damage Only,-92.7905305536,42.6030772916
20251492359,20250717,Property Damage Only,-90.7834149537,41.4582077503
20251492374,20250226,Property Damage Only,-93.656336431,42.0344722119
20251492379,20250617,Property Damage Only,-95.13835693,41.4986612201
20251492384,20250716,Property Damage Only,-93.5644785635,42.0079950071
20251492386,20250717,Property Damage Only,-93.1304618881,41.5221543539
20251492401,20250718,Property Damage Only,-91.8031507483,40.9953262759
20251492418,20250717,Property Damage Only,-93.8574938581,41.7745720368
20251492439,20250716,Property Damage Only,-93.3789583827,43.1620308951
20251492445,20250707,Property Damage Only,-92.8317686196,42.0069899639
20251492447,20250713,Property Damage Only,-92.9986836957,42.0077256827
20251492449,20250713,Property Damage Only,-91.8480779024,41.7592073445
20251492473,20250717,Property Damage Only,-91.5141160401,42.0196331877
20251492492,20250718,Property Damage Only,-94.6519169122,41.6223639456
20251492496,20250718,Property Damage Only,-91.6483789602,42.1032323924
20251492499,20250718,Property Damage Only,-90.6545884335,41.9908561678
20251492501,20250719,Property Damage Only,-94.3514103771,41.4929408062
20251492502,20250717,Property Damage Only,-90.6715791213,42.2070970171
20251492513,20250719,Property Damage Only,-90.2581209911,41.8843994955
20251492520,20250714,Suspected Serious Injury Crash,-92.6016780537,41.6310043727
20251492524,20250717,Property Damage Only,-91.703415523,40.7890795769
20251492526,20250717,Property Damage Only,-91.4241082942,40.6329499265
20251492577,20250718,Property Damage Only,-91.8318146194,43.3918121646
20251492584,20250719,Property Damage Only,-93.7981965664,41.2270015123
20251492590,20250719,Property Damage Only,-92.6958059556,40.7828021351
20251492692,20250720,Property Damage Only,-92.4783957039,42.9653954136
20251492695,20250719,Property Damage Only,-92.0651355997,41.5373077797
20251492713,20250720,Property Damage Only,-91.7347851811,42.0432449534
20251492722,20250717,Property Damage Only,-90.9858850058,42.4408643022
20251492727,20250720,Property Damage Only,-91.0156161958,42.4426618324
20251492732,20250719,Property Damage Only,-92.8911412334,42.0030086256
20251492735,20250718,Property Damage Only,-93.3722004748,42.0078338031
20251492736,20250719,Property Damage Only,-93.5814832831,42.0545461435
20251492737,20250720,Possible/Unknown Injury Crash,-93.6593732746,42.0687876752
20251492763,20250721,Property Damage Only,-93.222538674,42.9515810682
20251492766,20250718,Property Damage Only,-91.1936629361,42.2627283561
20251492767,20250719,Property Damage Only,-96.2995608174,43.2003069111
20251492778,20250718,Property Damage Only,-91.231384711,43.3790228096
20251492799,20250721,Property Damage Only,-92.1668823888,42.8474303086
20251492800,20250720,Property Damage Only,-92.0424712772,41.6870899504
20251492802,20250718,Property Damage Only,-94.0282549673,41.8619144441
20251492829,20250715,Property Damage Only,-91.8766342226,42.1385492415
20251492831,20250716,Property Damage Only,-92.1231571151,41.9061144206
20251492833,20250719,Property Damage Only,-91.871490473,42.2230310279
20251492837,20250706,Property Damage Only,-95.1301303609,42.8870943927
20251492839,20250718,Suspected Minor Injury Crash,-95.1695469302,41.6256909712
20251492844,20250711,Property Damage Only,-95.8055567774,41.1546542088
20251492846,20250719,Property Damage Only,-94.8223205122,42.5172897568
20251492857,20250716,Property Damage Only,-92.1688304107,42.7732856904
20251492859,20250719,Property Damage Only,-92.0311690091,43.2990470002
20251492898,20250712,Property Damage Only,-92.4658851472,42.4201601342
20251492899,20250712,Property Damage Only,-95.290453162,42.475044534
20251492907,20250721,Property Damage Only,-90.851251064,41.5187414472
20251492909,20250719,Property Damage Only,-91.5509623671,41.53185161
20251492915,20250707,Property Damage Only,-91.7274276072,41.9783894633
20251492919,20250721,Property Damage Only,-92.1009941386,41.177490479
20251492923,20250721,Property Damage Only,-94.3058509715,42.4382998488
20251492950,20250722,Property Damage Only,-93.5808921441,41.8926093978
20251492951,20250722,Property Damage Only,-91.0144879226,41.6700523161
20251492954,20250721,Property Damage Only,-90.7391045244,41.5091780258
20251492956,20250722,Property Damage Only,-93.6986377201,42.0856586619
20251492965,20250721,Property Damage Only,-91.5336509546,42.193632
20251492966,20250722,Property Damage Only,-90.6837507342,42.0920257159
20251492972,20250721,Property Damage Only,-91.6592730891,43.1324979456
20251492996,20250721,Property Damage Only,-93.6067395697,41.3911365934
20251493000,20250714,Property Damage Only,-94.8103637146,41.7317317276
20251493007,20250626,Property Damage Only,-93.3490338541,43.3503778381
20251493034,20250710,Property Damage Only,-91.7420664437,42.6868047724
20251493040,20250721,Property Damage Only,-91.7273526531,42.5295589367
20251493049,20250721,Property Damage Only,-91.3144529025,40.9336916181
20251493052,20250722,Property Damage Only,-91.4284642491,40.9263304015
20251493067,20250616,Property Damage Only,-91.3901587531,43.068425895
20251493068,20250722,Property Damage Only,-92.5422608491,43.0686953208
20251493070,20250721,Property Damage Only,-94.3195027342,42.5585853154
20251493094,20250718,Property Damage Only,-96.0697418045,41.8178944358
20251493102,20250720,Property Damage Only,-91.3457945118,41.252257139
20251493103,20250721,Property Damage Only,-91.1787454547,41.1168499665
20251493109,20250722,Property Damage Only,-91.4556239451,41.8891509637
20251493111,20250722,Property Damage Only,-91.470186446,41.8784570688
20251493112,20250722,Property Damage Only,-91.6764139105,42.2315007731
20251493113,20250723,Property Damage Only,-94.5742540912,40.6759686897
20251493140,20250723,Property Damage Only,-90.4324873729,41.6789989526
20251493142,20250722,Property Damage Only,-91.5778802035,42.5902096495
20251493144,20250723,Property Damage Only,-92.2988595956,43.1464266401
20251493154,20250721,Property Damage Only,-91.9486318517,42.7733308017
20251493155,20250723,Property Damage Only,-91.7206352385,43.264524148
20251493187,20250706,Property Damage Only,-91.0645796294,41.6427344093
20251493206,20250720,Property Damage Only,-91.4435607902,40.4574413177
20251493213,20250723,Possible/Unknown Injury Crash,-91.1351989467,40.8608692382
20251493223,20250723,Property Damage Only,-91.0135811444,41.4616307608
20251493227,20250723,Property Damage Only,-90.5433779133,41.7112706947
20251493239,20250723,Property Damage Only,-90.9937289274,41.4639701366
20251493247,20250716,Property Damage Only,-91.4469855242,41.2491181022
20251493251,20250723,Property Damage Only,-95.9964875728,42.1647902404
20251493252,20250722,Property Damage Only,-91.8704229256,41.7615638459
20251493254,20250723,Property Damage Only,-92.0072550044,41.6157794956
20251493267,20250723,Property Damage Only,-91.8045797577,42.1080103023
20251493290,20250721,Property Damage Only,-93.2365708597,41.8604194879
20251493292,20250723,Property Damage Only,-93.2876590558,41.6698403565
20251493295,20250724,Property Damage Only,-93.4323410708,41.4755408866
20251493296,20250718,Property Damage Only,-94.872569903,41.3639959375
20251493304,20250723,Property Damage Only,-92.8065881985,41.4463669158
20251493314,20250723,Property Damage Only,-92.4120109104,41.0012112901
20251493335,20250723,Property Damage Only,-91.4444404892,40.513342001
20251493379,20250723,Property Damage Only,-91.3931330454,42.8507293154
20251493397,20250724,Property Damage Only,-92.6349533042,43.0670384399
20251493409,20250716,Property Damage Only,-91.1479699682,41.6703360787
20251493418,20250722,Property Damage Only,-90.6015223609,42.4062758401
20251493422,20250725,Property Damage Only,-96.3040349176,42.3112924434
20251493431,20250725,Property Damage Only,-95.676715194,41.3544613939
20251493432,20250725,Property Damage Only,-92.6041126649,42.7301401298
20251493434,20250724,Property Damage Only,-91.4236445527,40.5963518171
20251493460,20250720,Property Damage Only,-93.1959651472,42.2957639738
20251493487,20250724,Property Damage Only,-91.8193964916,43.0586129908
20251493533,20250725,Property Damage Only,-90.7585134687,42.4786966798
20251493542,20250725,Property Damage Only,-90.6752245704,42.1664835373
20251493548,20250726,Property Damage Only,-91.3149224446,41.4716923854
20251493551,20250726,Property Damage Only,-93.8895608232,41.643879845
20251493553,20250723,Suspected Minor Injury Crash,-93.3306930017,41.7925450506
20251493554,20250725,Property Damage Only,-92.5152746592,43.0377511316
20251493555,20250726,Property Damage Only,-91.4435762297,40.4981420523
20251493572,20250726,Property Damage Only,-95.950079895,41.9992337222
20251493595,20250726,Suspected Minor Injury Crash,-91.7256814352,42.0181244872
20251493602,20250726,Property Damage Only,-94.6987563485,43.1193043003
20251493611,20250725,Property Damage Only,-93.7969991926,42.4026752881
20251493629,20250726,Property Damage Only,-91.4435828048,41.9947775262
20251493633,20250722,Property Damage Only,-90.4936494015,41.5261447152
20251493636,20250726,Property Damage Only,-91.5776412644,40.987989791
20251493639,20250722,Property Damage Only,-92.1844286078,42.4686659639
20251493641,20250625,Property Damage Only,-92.0811639417,42.3605882218
20251493653,20250726,Property Damage Only,-92.4558845051,42.965236588
20251493667,20250727,Property Damage Only,-93.986111934,40.6671133901
20251493716,20250726,Property Damage Only,-95.5171449485,42.3429986238
20251493738,20250722,Property Damage Only,-94.4948557377,40.8849948038
20251493740,20250727,Property Damage Only,-93.5947977074,41.5177718388
20251493743,20250727,Property Damage Only,-91.5483836994,43.0243570888
20251493750,20250727,Property Damage Only,-91.1709570561,41.4438679121
20251493758,20250727,Property Damage Only,-90.768930443,42.5610278796
20251493759,20250706,Property Damage Only,-91.5991224592,42.0129748657
20251493808,20250721,Property Damage Only,-91.99344756,42.1520262335
20251493809,20250722,Property Damage Only,-92.0953598171,42.1374652897
20251493810,20250723,Property Damage Only,-92.2212210149,41.9641759184
20251493812,20250727,Property Damage Only,-91.9139433266,41.9632112954
20251493817,20250727,Property Damage Only,-96.0998748621,42.6341459494
20251493824,20250725,Property Damage Only,-91.1652393183,42.4710642056
20251493831,20250725,Property Damage Only,-92.8422558523,40.9627144081
20251493846,20250727,Property Damage Only,-92.4484227291,41.3292166237
20251493850,20250725,Property Damage Only,-94.7271075448,42.3098518615
20251493883,20250724,Property Damage Only,-91.8142716998,42.9305814977
20251493891,20250719,Property Damage Only,-91.4657596984,41.2638807916
20251493892,20250717,Property Damage Only,-92.0230040309,42.2974074011
20251493910,20250727,Property Damage Only,-93.9143945213,41.8304800776
20251493917,20250727,Property Damage Only,-93.3496022459,42.8342313329
20251493923,20250725,Property Damage Only,-92.0427325364,42.885731305
20251493925,20250727,Property Damage Only,-93.7170526035,41.7625824573
20251493929,20250727,Property Damage Only,-91.3525203636,40.8270120687
20251493931,20250718,Property Damage Only,-91.6278727417,41.6201092261
20251493945,20250727,Property Damage Only,-93.5771743246,41.6787040041
20251493982,20250721,Property Damage Only,-91.5447332583,41.0426887464
20251493985,20250718,Property Damage Only,-92.9625021966,41.3891811139
20251493989,20250720,Property Damage Only,-93.0309388858,41.4558030956
20251494017,20250729,Property Damage Only,-91.3497084336,41.3971678208
20251494019,20250728,Property Damage Only,-92.498388977,41.0788732385
20251494029,20250728,Property Damage Only,-91.2926979507,40.6861033468
20251494030,20250729,Property Damage Only,-91.3079920387,40.6704652189
20251494046,20250729,Property Damage Only,-91.3340378404,41.2447556064
20251494055,20250725,Property Damage Only,-91.3146346861,40.6707155352
20251494077,20250725,Property Damage Only,-94.0704104883,41.5872775805
20251494089,20250721,Suspected Minor Injury Crash,-92.4468484341,41.8880268111
20251494097,20250619,Property Damage Only,-92.4046274063,40.9667891095
20251494142,20250729,Property Damage Only,-94.228183465,42.5154009623
20251494150,20250730,Property Damage Only,-90.8285633334,41.5159463789
20251494151,20250730,Property Damage Only,-93.7178756406,41.9859456412
20251494170,20250729,Property Damage Only,-90.8194259428,42.4401677005
20251494180,20250729,Property Damage Only,-92.6402486266,41.2109470889
20251494188,20250725,Property Damage Only,-91.9118495174,41.7959374659
20251494189,20250726,Property Damage Only,-92.1567313533,41.5386374709
20251494211,20250725,Property Damage Only,-92.0842085774,41.787371227
20251494242,20250710,Property Damage Only,-92.4665701935,40.740278571
20251494257,20250714,Property Damage Only,-91.7697015396,43.2913286579
20251494258,20250715,Property Damage Only,-91.7659238294,43.2909998138
20251494280,20250716,Property Damage Only,-93.9547451668,41.9823195765
20251494296,20250730,Property Damage Only,-92.7212990607,43.0961691891
20251494301,20250509,Possible/Unknown Injury Crash,-93.0787824831,42.8984054071
20251494317,20250731,Property Damage Only,-93.498976527,41.5920515431
20251494320,20250730,Property Damage Only,-93.5102340765,42.6046902695
20251494321,20250717,Property Damage Only,-93.6165650732,41.9493910077
20251494343,20250729,Property Damage Only,-92.4982718137,42.7173968562
20251494358,20250719,Property Damage Only,-92.8747151598,42.0048832721
20251494361,20250729,Property Damage Only,-93.260562669,43.1595612749
20251494379,20250727,Property Damage Only,-91.583439782,41.7519707326
20251494406,20250729,Property Damage Only,-92.1825626383,40.6737098671
20251494445,20250731,Property Damage Only,-90.3104859591,42.0549359443
20251494450,20250731,Property Damage Only,-90.616492322,42.0563898616
20251494453,20250624,Property Damage Only,-95.738479207,42.1681283216
20251494472,20250801,Property Damage Only,-91.5969456426,42.0059683404
20251494480,20250801,Property Damage Only,-91.0711892197,42.3102918998
20251494498,20250801,Property Damage Only,-91.5841597388,42.6879783258
20251494500,20250730,Property Damage Only,-91.4293254973,40.4387271222
20251494507,20250730,Property Damage Only,-91.5988644862,40.6390224305
20251494531,20250731,Property Damage Only,-94.1781728689,42.5728777663
20251494533,20250727,Property Damage Only,-95.1279059497,43.4021363151
20251494540,20250730,Property Damage Only,-91.5317713291,41.9262299639
20251494562,20250731,Property Damage Only,-91.2201761994,40.7174277853
20251494563,20250731,Property Damage Only,-91.8826199911,40.9550744579
20251494564,20250317,Property Damage Only,-94.8305572028,42.6603614463
20251494580,20250731,Property Damage Only,-91.0480892137,40.9335515146
20251494609,20250801,Property Damage Only,-90.6700848656,42.1350124394
20251494617,20250730,Property Damage Only,-93.0056376864,40.7394841325
20251494618,20250731,Property Damage Only,-92.9804773298,40.5907479306
20251494622,20250801,Property Damage Only,-96.105053032,43.4328146259
20251494676,20250731,Property Damage Only,-92.455655408,42.3056630313
20251494682,20250802,Property Damage Only,-94.2080873896,41.9436186135
20251494688,20250802,Property Damage Only,-92.2426959106,41.1769960873
20251494703,20250802,Property Damage Only,-92.6725469413,43.1319155926
20251494705,20250803,Property Damage Only,-91.0872907012,41.4110636193
20251494706,20250803,Property Damage Only,-91.3901768752,43.0813389294
20251494715,20250705,Property Damage Only,-92.6551081629,41.9824212523
20251494716,20250705,Property Damage Only,-92.6477801667,41.9978724539
20251494746,20250803,Property Damage Only,-93.8353517132,40.7845485829
20251494754,20250803,Property Damage Only,-93.4922072158,42.6670160975
20251494756,20250803,Property Damage Only,-92.6391691569,43.0162275206
20251494769,20250803,Property Damage Only,-90.6763991152,42.1492794913
20251494778,20250728,Property Damage Only,-90.7574145696,41.4685115528
20251494801,20250804,Property Damage Only,-91.2028247111,41.454611251
20251494803,20250804,Property Damage Only,-90.8404333857,42.464276741
20251494810,20250802,Property Damage Only,-93.579476653,42.1660380901
20251494823,20250804,Property Damage Only,-93.9848747693,41.6136404522
20251494824,20250804,Property Damage Only,-91.1760457395,41.7857990571
20251494825,20250803,Property Damage Only,-90.975255257,41.4639075255
20251494845,20250801,Property Damage Only,-91.4394534728,40.4448369997
20251494846,20250803,Property Damage Only,-91.4357244421,40.7698343209
20251494852,20250803,Property Damage Only,-92.0651371226,41.5347046966
20251494860,20250802,Property Damage Only,-95.7787554314,41.2895009251
20251494864,20250712,Property Damage Only,-95.731125622,41.3401859131
20251494876,20250724,Property Damage Only,-93.5415604635,42.5788982427
20251494881,20250801,Property Damage Only,-93.5577551289,41.1902779511
20251494883,20250803,Property Damage Only,-93.6452050374,41.337674441
20251494887,20250803,Property Damage Only,-93.9130309375,41.519180442
20251494888,20250803,Property Damage Only,-94.1147265668,41.5180867177
20251494896,20250803,Property Damage Only,-92.8588680837,42.4635375297
20251494902,20250725,Property Damage Only,-94.5857627361,42.9380028935
20251494909,20250802,Property Damage Only,-95.0101094653,42.6906605119
20251494916,20250801,Property Damage Only,-92.7939383416,41.2859185805
20251494922,20250803,Property Damage Only,-93.8587458012,42.0346223371
20251494929,20250801,Property Damage Only,-93.697496881,41.4320657864
20251494937,20250803,Property Damage Only,-95.9178598898,41.5279068069
20251494943,20250612,Property Damage Only,-92.3834390946,42.6144698919
20251494944,20250804,Property Damage Only,-93.8153558968,42.0000744533
20251494956,20250803,Property Damage Only,-91.1497476691,40.740001977
20251494966,20250715,Property Damage Only,-93.6369940592,42.6298478064
20251494973,20250802,Suspected Minor Injury Crash,-93.0283212988,43.0379816773
20251494989,20250731,Property Damage Only,-91.9825669481,40.9824565864
20251495033,20250804,Possible/Unknown Injury Crash,-94.5868556366,41.8776108284
20251495046,20250804,Property Damage Only,-90.6737019827,42.4299261862
20251495048,20250804,Property Damage Only,-91.2533751908,41.5547725636
20251495049,20250804,Property Damage Only,-90.9344113082,41.5042878836
20251495060,20250805,Property Damage Only,-91.2745705638,40.6699794903
20251495087,20250805,Property Damage Only,-94.5022168313,41.6567887996
20251495103,20250805,Property Damage Only,-93.4449693303,41.6108822535
20251495139,20250804,Property Damage Only,-91.9031861433,42.7184761314
20251495160,20250805,Property Damage Only,-91.5384353115,41.6876480468
20251495200,20250803,Property Damage Only,-92.8480352938,42.0068865574
20251495204,20250805,Property Damage Only,-93.6206732526,42.0779559601
20251495207,20250731,Property Damage Only,-91.4413785269,43.3741635125
20251495208,20250806,Property Damage Only,-91.480967686,41.1189714608
20251495209,20250806,Property Damage Only,-92.8839113526,41.5809878929
20251495214,20250803,Property Damage Only,-93.3497230041,43.3973161401
20251495217,20250806,Property Damage Only,-92.8099275687,42.9939997117
20251495220,20250711,Property Damage Only,-90.7299695429,42.1639870964
20251495261,20250731,Property Damage Only,-91.8899090877,42.4073116251
20251495262,20250802,Property Damage Only,-91.9213827854,42.3122300826
20251495265,20250803,Property Damage Only,-93.4504919095,43.1339736689
20251495270,20250605,Property Damage Only,-95.1512583091,42.8509230312
20251495275,20250805,Property Damage Only,-96.0570082618,42.9790148153
20251495279,20250805,Property Damage Only,-91.9294526387,42.4473225045
20251495298,20250802,Property Damage Only,-96.0076684872,43.2442147268
20251495316,20250806,Property Damage Only,-93.5485900255,41.6005985785
20251495331,20250806,Property Damage Only,-93.6935960148,41.4344042919
20251495333,20250806,Possible/Unknown Injury Crash,-93.2055410582,41.1273803447
20251495345,20250807,Property Damage Only,-93.8438887217,40.6976985946
20251495347,20250807,Property Damage Only,-91.7838098253,42.2086616149
20251495350,20250805,Property Damage Only,-90.7002466882,42.5415869253
20251495361,20250730,Property Damage Only,-92.8421367318,42.0530375092
20251495364,20250807,Property Damage Only,-92.3140970618,41.9640028154
20251495371,20250805,Property Damage Only,-92.7796447761,42.0115491703
20251495372,20250806,Property Damage Only,-93.0004472725,42.0724381436
20251495383,20250806,Property Damage Only,-91.4891045804,40.588452639
20251495384,20250805,Property Damage Only,-95.1224198074,42.887931027
20251495386,20250806,Property Damage Only,-94.7003126252,40.9791170053
20251495408,20250802,Property Damage Only,-91.1973019536,41.1172950358
20251495446,20250804,Property Damage Only,-91.4334580928,41.0601547956
20251495478,20250807,Property Damage Only,-92.317831868,43.0404546103
20251495504,20250806,Property Damage Only,-93.0786963991,41.2043928867
20251495507,20250807,Property Damage Only,-90.224031944,41.8962599281
20251495523,20250802,Property Damage Only,-92.4880260955,42.7737167122
20251495544,20250807,Property Damage Only,-94.0280162503,41.8199180794
20251495569,20250808,Property Damage Only,-92.8015627747,41.0153768314
20251495574,20250807,Property Damage Only,-91.9644159975,43.4575339368
20251495585,20250805,Property Damage Only,-96.5140625269,42.6263731735
20251495591,20250706,Property Damage Only,-92.772288627,40.7397911619
20251495630,20250808,Property Damage Only,-90.9298018457,41.6033502146
20251495641,20250808,Property Damage Only,-91.769275977,42.010944789
20251495643,20250808,Property Damage Only,-93.4719725351,41.599227267
20251495645,20250805,Property Damage Only,-93.4043288188,43.2132352777
20251495741,20250806,Property Damage Only,-92.4405522842,42.6046316393
20251495753,20250808,Property Damage Only,-90.4483688243,41.5901736642
20251495765,20250809,Property Damage Only,-91.8265736604,42.2844700859
20251495776,20250808,Property Damage Only,-91.9888521136,41.5867602578
20251495802,20250712,Property Damage Only,-90.675943962,41.6042965959
20251495881,20250811,Property Damage Only,-95.7545215831,41.0348193686
20251495882,20250811,Property Damage Only,-91.0915688738,41.4455501875
20251495916,20250807,Property Damage Only,-92.9994702025,41.820005894
20251495917,20250808,Property Damage Only,-93.3054301155,41.8178975294
20251495928,20250808,Property Damage Only,-93.5289474955,41.4742274593
20251495937,20250811,Property Damage Only,-91.3913104265,40.4937327032
20251495955,20250810,Property Damage Only,-94.9594650762,41.3457416217
20251495958,20250809,Property Damage Only,-93.7953569906,42.3871423981
20251495962,20250810,Property Damage Only,-91.4225441299,40.6376128749
20251495982,20250811,Property Damage Only,-91.1613697748,40.8665320194
20251495996,20250811,Property Damage Only,-95.6017321938,41.6460590972
20251496001,20250806,Property Damage Only,-95.2351134,42.8800133545
20251496002,20250808,Property Damage Only,-95.1896774263,42.879730164
20251496061,20250810,Property Damage Only,-94.3747573991,42.6594274601
20251496075,20250812,Property Damage Only,-93.8092337154,40.8121383249
20251496081,20250811,Property Damage Only,-96.475571044,42.5370191994
20251496093,20250812,Possible/Unknown Injury Crash,-91.5162874397,40.5898410318
20251496110,20250812,Property Damage Only,-93.7963494797,42.4492854226
20251496111,20250804,Property Damage Only,-92.3616132444,40.9623521165
20251496112,20250811,Property Damage Only,-94.7314531727,42.2815891294
20251496117,20250806,Suspected Serious Injury Crash,-92.6311032584,41.1039845825
20251496130,20250812,Property Damage Only,-93.4307246949,41.8055978886
20251496171,20250811,Property Damage Only,-91.4262699763,40.6330424691
20251496198,20250810,Property Damage Only,-95.5022605882,42.3573278691
20251496209,20250812,Property Damage Only,-91.7318961192,42.0420962755
20251496212,20250813,Property Damage Only,-92.4671819707,42.175973128
20251496222,20250812,Property Damage Only,-91.3516247007,41.5874592447
20251496244,20250811,Property Damage Only,-93.747174421,42.0231089654
20251496249,20250803,Property Damage Only,-90.9175962759,42.0701942671
20251496250,20250812,Property Damage Only,-90.9490632654,42.0738231807
20251496253,20250812,Property Damage Only,-93.4948192297,42.803843131
20251496255,20250813,Property Damage Only,-93.5581505773,41.4495801615
20251496265,20250809,Possible/Unknown Injury Crash,-95.1602441317,43.4305048538
20251496283,20250813,Property Damage Only,-92.8965744792,42.0034009358
20251496338,20250806,Property Damage Only,-92.2044409141,42.7730703412
20251496341,20250808,Property Damage Only,-92.3437490355,42.673938554
20251496355,20250813,Property Damage Only,-93.815182543,41.8244269047
20251496372,20250813,Property Damage Only,-90.4712367871,41.6754456037
20251496393,20250728,Property Damage Only,-93.6167885133,42.8519789211
20251496396,20250812,Property Damage Only,-91.1826673922,41.0718115334
20251496401,20250812,Property Damage Only,-94.227270666,42.5154107424
20251496408,20250814,Possible/Unknown Injury Crash,-93.7704150125,41.592120302
20251496447,20250814,Property Damage Only,-91.9826724653,41.8087187221
20251496450,20250812,Property Damage Only,-92.9999639108,41.7604876532
20251496451,20250814,Property Damage Only,-91.3905829416,40.4016373365
20251496467,20250802,Property Damage Only,-92.0702233107,42.8474786142
20251496473,20250814,Property Damage Only,-91.9540774304,40.9844896531
20251496476,20250807,Property Damage Only,-91.1782569649,41.3475814499
20251496498,20250813,Fatal Crash,-92.0550584385,42.3847101494
20251496557,20250814,Property Damage Only,-91.6516994035,42.2846545894
20251496588,20250627,Property Damage Only,-91.2579578269,42.0381137191
20251496591,20250814,Property Damage Only,-96.5690384436,42.6864043036
20251496599,20250808,Property Damage Only,-92.9743151713,42.0046965797
20251496600,20250810,Property Damage Only,-93.2034270602,41.883666639
20251496627,20250815,Property Damage Only,-93.0245567485,41.3276171336
20251496628,20250814,Property Damage Only,-93.4793570435,41.5982419449
20251496634,20250706,Property Damage Only,-93.5047601016,42.6091813344
20251496653,20250607,Property Damage Only,-94.6499044224,42.4499652236
20251496658,20250815,Property Damage Only,-91.7283319695,42.1504204864
20251496670,20250813,Property Damage Only,-93.2191748023,41.9314818183
20251496674,20250813,Property Damage Only,-91.5932721787,41.654124397
20251496717,20250815,Property Damage Only,-90.8162435708,42.4400800733
20251496723,20250815,Property Damage Only,-92.4013874385,43.1199044017
20251496727,20250815,Property Damage Only,-92.7193097715,42.0030413129
20251496743,20250813,Property Damage Only,-92.9460947052,41.1968945505
20251496746,20250816,Property Damage Only,-95.0304266581,40.5959893854
20251496774,20250816,Property Damage Only,-91.0358618483,41.4688316785
20251496815,20250814,Property Damage Only,-95.5093723461,42.7488918497
20251496818,20250816,Property Damage Only,-94.0329890823,41.5359547395
20251496838,20250817,Property Damage Only,-92.5659273795,42.9765849679
20251496875,20250817,Property Damage Only,-91.1654456454,42.7497369203
20251496902,20250816,Property Damage Only,-94.188381084,42.7316559739
20251496937,20250811,Property Damage Only,-90.5330104519,41.5960209483
20251496950,20250817,Property Damage Only,-91.5022005458,42.7895956659
20251496968,20250815,Property Damage Only,-90.8196203438,42.4401714001
20251496979,20250817,Property Damage Only,-91.600622279,41.9957909862
20251496999,20250815,Property Damage Only,-95.781078688,41.1760173528
20251497023,20250815,Property Damage Only,-95.1272170323,43.4043281291
20251497048,20250817,Property Damage Only,-94.8189475768,42.4496580227
20251497059,20250815,Property Damage Only,-92.0980039293,41.0093249179
20251497153,20250818,Property Damage Only,-91.1505214327,40.8466044734
20251497158,20250818,Property Damage Only,-91.8242925519,42.1976999457
20251497171,20250818,Property Damage Only,-93.6413259597,42.0026557643
20251497199,20250818,Property Damage Only,-92.4872128784,41.0540698282
20251497230,20250818,Property Damage Only,-91.056231564,41.0150992834
20251497285,20250818,Property Damage Only,-90.5658669726,41.7042383778
20251497311,20250819,Property Damage Only,-91.1948116827,43.0182896527
20251497318,20250818,Property Damage Only,-91.2535806558,40.6795817582
20251497319,20250819,Property Damage Only,-93.6987048755,42.1116058163
20251497328,20250820,Property Damage Only,-91.1414179263,42.006727075
20251497329,20250818,Property Damage Only,-93.0849349432,41.6273576303
20251497349,20250818,Property Damage Only,-93.4927074609,42.6561892193
20251497356,20250820,Property Damage Only,-92.4435180151,42.7150816585
20251497384,20250717,Property Damage Only,-92.4131993438,40.747253452
20251497398,20250820,Property Damage Only,-93.5774681943,41.6685695096
20251497413,20250722,Property Damage Only,-91.6120844652,43.421492581
20251497453,20250713,Property Damage Only,-92.2986664937,42.3866123932
20251497455,20250802,Property Damage Only,-92.4060356896,42.5704523724
20251497460,20250820,Property Damage Only,-93.6278396776,41.6701158205
20251497470,20250820,Property Damage Only,-90.8258773318,42.4402993067
20251497485,20250711,Property Damage Only,-91.3649279158,40.6750781932
20251497495,20250625,Possible/Unknown Injury Crash,-91.4485152967,40.4742998709
20251497496,20250625,Property Damage Only,-91.2624954267,40.6739240813
20251497497,20250727,Suspected Serious Injury Crash,-91.2487842999,40.7104698533
20251497502,20250821,Property Damage Only,-93.4004881845,42.8034644484
20251497504,20250712,Property Damage Only,-91.5643400502,40.6558403049
20251497505,20250726,Property Damage Only,-91.3887826266,40.6971053473
20251497506,20250815,Property Damage Only,-91.4299485894,40.534982455
20251497525,20250818,Property Damage Only,-91.2835545821,41.1832682507
20251497537,20250807,Property Damage Only,-95.6173467781,40.6871744756
20251497568,20250818,Property Damage Only,-95.5280067885,42.4747940226
20251497614,20250822,Property Damage Only,-90.7485596509,41.6551425685
20251497616,20250822,Property Damage Only,-93.5747679584,41.5078935124
20251497634,20250821,Property Damage Only,-91.8892611943,43.4576389308
20251497640,20250821,Property Damage Only,-96.4988239021,42.6803253638
20251497643,20250822,Property Damage Only,-91.2903582361,40.6915276334
20251497659,20250809,Suspected Minor Injury Crash,-93.2384448444,41.8589204705
20251497665,20250821,Property Damage Only,-93.5765777012,42.4486203333
20251497667,20250822,Property Damage Only,-92.7123893989,43.0596050158
20251497671,20250820,Property Damage Only,-93.1594016491,41.6955800625
20251497705,20250820,Property Damage Only,-92.6235068538,41.2910181278
20251497778,20250822,Property Damage Only,-94.0155613529,41.6883751415
20251497787,20250823,Property Damage Only,-92.5448165189,42.9089822725
20251497797,20250822,Property Damage Only,-91.4439655603,40.4613654894
20251497798,20250823,Property Damage Only,-92.6792604556,41.8769860498
20251497802,20250820,Property Damage Only,-90.7383215684,41.4545555428
20251497806,20250819,Property Damage Only,-93.6220515489,42.0618718906
20251497811,20250822,Property Damage Only,-91.3194701272,43.004781289
20251497892,20250821,Property Damage Only,-90.698720602,42.5350635346
20251497893,20250822,Property Damage Only,-91.0787565224,42.4665218043
20251497897,20250823,Property Damage Only,-91.4176931,40.6141879834
20251497904,20250824,Possible/Unknown Injury Crash,-90.6695425622,42.4657187204
20251497910,20250823,Property Damage Only,-95.9702517525,42.6336120947
20251497924,20250819,Property Damage Only,-93.8352972723,41.5787508715
20251497928,20250823,Property Damage Only,-93.2105004167,43.2350433006
20251497977,20250823,Property Damage Only,-91.2830251752,42.9388650654
20251497988,20250823,Property Damage Only,-93.5764364792,41.7212121487
20251497991,20250824,Property Damage Only,-94.2006251486,42.5536338377
20251498014,20250825,Property Damage Only,-90.6123112453,42.1063387501
20251498021,20250819,Property Damage Only,-91.5081067753,40.4643733773
20251498023,20250824,Property Damage Only,-91.4311367353,40.5564206215
20251498026,20250822,Property Damage Only,-92.6397394367,41.0556384703
20251498027,20250822,Property Damage Only,-92.496137351,41.0104557484
20251498030,20250824,Property Damage Only,-92.0919159705,41.0395801675
20251498032,20250821,Property Damage Only,-93.0084128605,41.6996354279
20251498035,20250824,Property Damage Only,-93.1549259402,41.56305355
20251498075,20250825,Property Damage Only,-90.6759102174,42.1560238437
20251498078,20250824,Property Damage Only,-91.0183882831,41.439025431
20251498119,20250816,Property Damage Only,-91.9113272664,42.4484215914
20251498120,20250816,Property Damage Only,-91.890118021,42.4478309191
20251498123,20250824,Property Damage Only,-95.1122827263,42.4698500704
20251498168,20250716,Property Damage Only,-90.383554193,42.2059914768
20251498205,20250825,Property Damage Only,-91.7087250811,42.123029697
20251498216,20250824,Property Damage Only,-93.461488664,43.4996145379
20251498225,20250825,Suspected Serious Injury Crash,-93.2513017579,41.7360739255
20251498236,20250826,Property Damage Only,-91.4263308794,40.4119218624
20251498242,20250826,Property Damage Only,-91.3393246319,41.4014318807
20251498252,20250824,Property Damage Only,-93.454453053,42.6722872717
20251498259,20250825,Property Damage Only,-91.2427179187,40.8293728954
20251498303,20250808,Property Damage Only,-91.5645359708,41.8494043062
20251498307,20250824,Property Damage Only,-92.5517690706,40.660022323
20251498340,20250826,Property Damage Only,-90.6824314303,42.0850916409
20251498349,20250827,Property Damage Only,-90.7408167801,42.4971700753
20251498350,20250826,Property Damage Only,-91.570740701,42.0189653879
20251498364,20250827,Property Damage Only,-94.1307570274,41.3302079899
20251498365,20250827,Property Damage Only,-91.5359198931,41.6873007852
20251498366,20250827,Property Damage Only,-91.21936128,42.8407469182
20251498382,20250827,Property Damage Only,-90.740338417,42.4935585343
20251498391,20250823,Property Damage Only,-92.4959589682,42.6938192377
20251498398,20250827,Property Damage Only,-93.7793595731,41.2864554329
20251498408,20250826,Property Damage Only,-93.6167356604,42.8589673022
20251498415,20250827,Property Damage Only,-94.9914580584,42.3999790802
20251498423,20250827,Property Damage Only,-93.4083007129,43.2807743259
20251498427,20250820,Property Damage Only,-91.9875442773,42.1525867151
20251498437,20250827,Property Damage Only,-94.0586102583,41.3055380136
20251498456,20250827,Property Damage Only,-91.5214425144,42.869775283
20251498465,20250820,Property Damage Only,-91.642451581,41.7323819634
20251498486,20250827,Property Damage Only,-95.6115398905,42.7936648826
20251498515,20250827,Property Damage Only,-92.2982837867,43.2053323062
20251498519,20250827,Property Damage Only,-91.7592255084,42.0160603019
20251498522,20250816,Property Damage Only,-94.2356329521,42.5153749076
20251498541,20250827,Property Damage Only,-91.8570651673,42.4512614935
20251498558,20250827,Property Damage Only,-93.9906707925,41.8350534172
20251498599,20250827,Property Damage Only,-91.889277931,42.3493794739
20251498647,20250827,Property Damage Only,-94.6138674775,42.7326365056
20251498651,20250827,Property Damage Only,-91.4701965919,42.5615355967
20251498657,20250822,Property Damage Only,-91.1760116896,40.8263194832
20251498665,20250828,Property Damage Only,-93.3065750921,42.803304115
20251498682,20250828,Property Damage Only,-91.544261594,41.083505848
20251498683,20250828,Property Damage Only,-90.745215816,42.0584159653
20251498690,20250828,Property Damage Only,-93.5089287326,41.5667875176
20251498708,20250828,Property Damage Only,-91.3412795816,40.6582377973
20251498710,20250827,Property Damage Only,-92.5814747994,42.0355406969
20251498721,20250824,Property Damage Only,-92.4250956295,42.6495563102
20251498722,20250827,Property Damage Only,-92.4656210289,42.7792517439
20251498741,20250829,Property Damage Only,-91.3073694088,42.4709915266
20251498742,20250829,Property Damage Only,-91.3089878385,42.4709703943
20251498761,20250829,Property Damage Only,-91.8676363683,41.8754448437
20251498784,20250820,Property Damage Only,-92.6279976382,43.3856300844
20251498807,20250828,Property Damage Only,-91.1872279837,41.153544875
20251498833,20250805,Property Damage Only,-93.5696824015,42.4365058114
20251498856,20250828,Property Damage Only,-90.4885445147,42.3211414581
20251498935,20250829,Property Damage Only,-91.0391973384,41.5666481629
20251498940,20250830,Property Damage Only,-91.3638810092,42.7807415818
20251499011,20250829,Property Damage Only,-94.6359560905,41.5184274759
20251499016,20250831,Property Damage Only,-94.2041234307,41.1139743216
20251499024,20250831,Property Damage Only,-91.8012151515,42.1857350445
20251499028,20250831,Property Damage Only,-92.5338771731,42.4057770041
20251499031,20250831,Property Damage Only,-93.8141138001,41.6294331088
20251499034,20250829,Property Damage Only,-91.5166120255,40.6590474366
20251499037,20250830,Property Damage Only,-91.431495736,40.6330685378
20251499041,20250827,Property Damage Only,-94.6600117643,43.1120390447
20251499050,20250901,Property Damage Only,-92.7168941018,43.0414081317
20251499051,20250828,Property Damage Only,-91.8397646368,41.759267796
20251499053,20250901,Property Damage Only,-91.9863288808,41.7760832606
20251499117,20250901,Property Damage Only,-91.468237006,41.9564809387
20251499124,20250831,Property Damage Only,-93.0746977379,41.7027099153
20251499131,20250831,Property Damage Only,-93.2022593559,42.7782126458
20251499135,20250826,Property Damage Only,-93.1321112033,41.3131675938
20251499137,20250829,Property Damage Only,-92.9737399729,41.3733307795
20251499193,20250823,Property Damage Only,-96.4575568904,42.5183854113
20251499200,20250825,Property Damage Only,-96.3559644426,42.4903614247
20251499253,20250830,Property Damage Only,-91.7698372135,43.4202011736
20251499254,20250831,Property Damage Only,-91.8083597542,43.3695004199
20251499255,20250831,Property Damage Only,-93.3354134008,41.3710794737
20251499268,20250901,Property Damage Only,-91.4619593825,40.5235489387
20251499272,20250830,Property Damage Only,-92.6537566437,41.2687918098
20251499296,20250829,Property Damage Only,-92.6512421245,41.4202573153
20251499330,20250831,Property Damage Only,-91.4101371552,42.0608032872
20251499331,20250901,Property Damage Only,-95.5903412383,41.475107883
20251499352,20250829,Property Damage Only,-91.6959842044,41.2965158813
20251499360,20250829,Property Damage Only,-90.5590607041,41.6350702124
20251499361,20250830,Property Damage Only,-94.1219992607,41.8492290245
20251499374,20250828,Suspected Minor Injury Crash,-91.3510091357,41.2788675541
20251499385,20250827,Property Damage Only,-91.2126771613,42.6789017827
20251499390,20250828,Property Damage Only,-96.0005950784,43.2095283368
20251499410,20250829,Property Damage Only,-94.9551388599,42.3564861189
20251499468,20250902,Property Damage Only,-91.5997549037,42.001760646
20251499472,20250815,Property Damage Only,-92.9901860202,41.3491387495
20251499482,20250903,Property Damage Only,-91.0709370085,41.574084384
20251499491,20250829,Property Damage Only,-93.0501726422,41.987377662
20251499492,20250830,Property Damage Only,-93.0002782861,42.1300707906
20251499511,20250902,Property Damage Only,-93.5416015958,41.9504626201
20251499533,20250831,Property Damage Only,-95.8290353899,40.6724411096
20251499592,20250815,Property Damage Only,-92.4675107035,42.5381987294
20251499606,20250831,Property Damage Only,-93.289974086,42.339235654
20251499615,20250830,Property Damage Only,-93.353317954,43.4994957144
20251499626,20250903,Property Damage Only,-90.5370824697,41.747691751
20251499627,20250903,Property Damage Only,-91.9644009779,41.1782799018
20251499629,20250903,Property Damage Only,-90.5867326064,41.8904561507
20251499631,20250903,Property Damage Only,-91.7378894224,42.1439154738
20251499637,20250903,Property Damage Only,-93.4525913741,43.1335601651
20251499643,20250903,Property Damage Only,-92.5468650887,41.5840537385
20251499660,20250903,Property Damage Only,-91.1176133283,42.019560057
20251499662,20250903,Property Damage Only,-91.1956143834,42.0087808761
20251499677,20250904,Property Damage Only,-95.4118120903,42.0369941951
20251499715,20250611,Property Damage Only,-93.8228933914,41.6438900844
20251499741,20250904,Property Damage Only,-92.3797538979,40.6726854281
20251499753,20250904,Property Damage Only,-90.8404760957,41.8004953905
20251499756,20250904,Property Damage Only,-91.5871745619,41.649582178
20251499791,20250904,Property Damage Only,-93.0390976824,41.6631050154
20251499817,20250831,Property Damage Only,-93.4634008654,41.888045761
20251499827,20250905,Property Damage Only,-90.6830199758,41.761383337
20251499830,20250908,Property Damage Only,-91.3659189941,41.6661217323
20251499851,20250905,Property Damage Only,-93.8135496632,41.7486544234
20251499861,20250823,Property Damage Only,-93.5715450354,42.22495216
20251499885,20250905,Property Damage Only,-93.4392151931,41.4470602086
20251499895,20250902,Property Damage Only,-94.6197142978,42.796724829
20251499897,20250905,Property Damage Only,-92.9933964114,43.1427395501
20251499904,20250905,Property Damage Only,-93.6401175337,42.4236789031
20251499905,20250904,Property Damage Only,-92.6750025683,40.8079152773
20251499907,20250902,Property Damage Only,-94.8552919284,42.5302506805
20251499923,20250905,Property Damage Only,-91.7357680538,42.0472996439
20251499932,20250905,Property Damage Only,-90.1836756953,41.8998423929
20251499937,20250905,Property Damage Only,-93.4646617692,41.6239008649
20251499945,20250903,Property Damage Only,-92.0379913361,41.81423016
20251499946,20250906,Property Damage Only,-91.2744357314,41.5631607759
20251499951,20250906,Property Damage Only,-92.2748838361,42.5054053479
20251499956,20250824,Property Damage Only,-92.1461333521,42.4500241239
20251499958,20250901,Property Damage Only,-92.3371228888,42.6026209907
20251499997,20250904,Property Damage Only,-92.4518461313,42.4647993134
20251500017,20250907,Property Damage Only,-93.5709897715,41.8852014366
20251500019,20250905,Property Damage Only,-90.8557812125,41.5190962358
20251500025,20250904,Property Damage Only,-91.1526900123,43.3094269571
20251500050,20250906,Property Damage Only,-91.4772107149,41.8927356754
20251500054,20250906,Property Damage Only,-91.2427388026,41.7341595107
20251500082,20250905,Property Damage Only,-95.8576404953,41.5720546616
20251500098,20250907,Property Damage Only,-93.6683612935,41.7028622752
20251500111,20250906,Property Damage Only,-91.1670852378,40.7361440413
20251500120,20250906,Property Damage Only,-92.8673809735,40.6575009099
20251500124,20250908,Property Damage Only,-92.5496908082,42.9512358452
20251500129,20250907,Property Damage Only,-95.1614348602,42.9551955672
20251500132,20250902,Property Damage Only,-93.9902673072,42.0381562066
20251500139,20250906,Property Damage Only,-93.4633255123,41.9393126076
20251500142,20250908,Property Damage Only,-90.8476131864,41.5182230575
20251500156,20250905,Property Damage Only,-93.3021875532,41.6015102888
20251500158,20250903,Property Damage Only,-93.0670062641,43.1192083706
20251500160,20250906,Property Damage Only,-91.297013201,42.0965735077
20251500165,20250907,Property Damage Only,-90.6547692642,41.4947621445
20251500180,20250904,Property Damage Only,-92.648561936,42.4637430794
20251500191,20250908,Property Damage Only,-93.976919796,42.3685555993
20251500197,20250905,Possible/Unknown Injury Crash,-92.5452824797,41.2269785432
20251500207,20250904,Property Damage Only,-93.8785185389,42.0509905927
20251500218,20250907,Property Damage Only,-91.982214039,42.6797168223
20251500220,20250906,Property Damage Only,-93.1907952922,42.0776114231
20251500230,20250904,Property Damage Only,-93.6539950837,41.6550361459
20251500259,20250907,Property Damage Only,-95.8892170498,43.1218798162
20251500264,20250731,Property Damage Only,-91.245961728,43.3949237467
20251500270,20250908,Property Damage Only,-93.8070160675,41.5733593749
20251500283,20250905,Property Damage Only,-91.1828608012,41.0928740811
20251500284,20250906,Property Damage Only,-91.1091287344,41.3279745739
20251500286,20250908,Property Damage Only,-91.431197951,40.5543044774
20251500295,20250908,Property Damage Only,-92.1209225427,43.2209996974
20251500297,20250908,Property Damage Only,-91.0998497358,41.3249124223
20251500299,20250908,Property Damage Only,-92.515226051,42.9362275642
20251500304,20250908,Property Damage Only,-94.7046153415,43.3417897277
20251500308,20250908,Property Damage Only,-92.3521019916,41.7464294001
20251500318,20250908,Property Damage Only,-94.2003109105,43.3848252346
20251500319,20250908,Property Damage Only,-93.7958086443,42.1868789186
20251500324,20250908,Property Damage Only,-93.5412449973,41.8097058437
20251500335,20250905,Property Damage Only,-93.7800278729,41.4805631874
20251500337,20250903,Property Damage Only,-93.2572903308,41.2334260065
20251500349,20250903,Property Damage Only,-96.0430050642,41.6986159374
20251500355,20250905,Property Damage Only,-92.4537885905,42.4987967467
20251500376,20250909,Property Damage Only,-92.4658113259,42.2122172039
20251500377,20250906,Property Damage Only,-92.3835134391,41.0645335786
20251500385,20250908,Property Damage Only,-94.05014978,42.361045653
20251500388,20250905,Property Damage Only,-92.3487567602,43.2986758707
20251500389,20250907,Property Damage Only,-92.4545892615,43.3712297533
20251500390,20250909,Property Damage Only,-91.1737764643,42.6035712619
20251500401,20250817,Property Damage Only,-92.2768935839,41.0028120065
20251500429,20250823,Property Damage Only,-94.1886621555,42.7316620622
20251500446,20250909,Property Damage Only,-95.3019652395,42.1823974465
20251500456,20250909,Property Damage Only,-95.765185283,41.3241242725
20251500464,20250828,Suspected Minor Injury Crash,-93.6378051462,42.034594698
20251500471,20250909,Property Damage Only,-93.2605562026,43.1580394727
20251500473,20250909,Property Damage Only,-90.6229167185,41.9430315167
20251500475,20250909,Property Damage Only,-91.5334425486,42.1958358218
20251500479,20250826,Property Damage Only,-94.0312199812,41.34498748
20251500497,20250906,Property Damage Only,-91.9580321421,42.7149538325
20251500499,20250909,Property Damage Only,-95.1204958952,43.4226412607
20251500501,20250909,Property Damage Only,-92.8454078016,41.6594318467
20251500506,20250907,Property Damage Only,-96.3760695764,42.4470617937
20251500525,20250909,Property Damage Only,-92.1800959668,42.4995790563
20251500531,20250910,Property Damage Only,-95.6835147363,43.0601260766
20251500560,20250906,Property Damage Only,-92.3362836151,42.7606904315
20251500561,20250908,Property Damage Only,-92.3376036562,42.6722641707
20251500562,20250908,Property Damage Only,-92.3373152577,42.7682429431
20251500570,20250905,Property Damage Only,-91.7212099652,42.5704210208
20251500622,20250908,Property Damage Only,-92.0431274581,42.1804428689
20251500625,20250903,Property Damage Only,-93.4651276585,43.1312856908
20251500627,20250902,Property Damage Only,-91.599280601,42.0129227577
20251500662,20250910,Property Damage Only,-90.4146871552,41.5711200886
20251500670,20250910,Property Damage Only,-91.0979834641,41.386976132
20251500671,20250910,Property Damage Only,-94.678695276,43.3417860191
20251500674,20250820,Property Damage Only,-93.7957752645,42.0527289691
20251500689,20250911,Property Damage Only,-91.221275007,41.1174155581
20251500690,20250911,Property Damage Only,-94.2237466323,40.6911978073
20251500699,20250910,Property Damage Only,-91.309347615,42.0706201506
20251500705,20250910,Property Damage Only,-91.6818227282,42.044630217
20251500723,20250909,Property Damage Only,-91.9047658051,42.5847505273
20251500742,20250911,Property Damage Only,-93.4178577575,41.7224386393
20251500808,20250911,Property Damage Only,-93.733904313,41.6514102036
20251500832,20250911,Property Damage Only,-91.3055756716,42.9911502049
20251500870,20250910,Property Damage Only,-91.7932033896,41.9634465443
20251500876,20250911,Property Damage Only,-91.3552826058,42.1070332099
20251500877,20250911,Property Damage Only,-93.6580804198,42.0067760223
20251500878,20250912,Property Damage Only,-91.840636994,43.2513961835
20251500880,20250907,Property Damage Only,-91.8334402594,41.9553062881
20251500893,20250911,Property Damage Only,-92.3570932024,42.6710964245
20251500921,20250829,Property Damage Only,-95.2302026192,42.924484501
20251500922,20250912,Property Damage Only,-94.1467324479,41.2394068871
20251500938,20250902,Property Damage Only,-91.2013745368,43.1082507454
20251500970,20250910,Property Damage Only,-93.267940689,43.1336913035
20251500998,20250912,Property Damage Only,-93.3200716933,43.1405091107
20251501027,20250912,Property Damage Only,-93.9970641975,41.3445318427
20251501028,20250913,Property Damage Only,-91.8026809187,42.1651712005
20251501073,20250913,Property Damage Only,-93.2017068449,42.9917285258
20251501082,20250908,Property Damage Only,-93.3003708055,42.3607695049
20251501092,20250914,Property Damage Only,-93.6815310752,41.5966267346
20251501097,20250913,Possible/Unknown Injury Crash,-93.4451295756,41.6638440041
20251501098,20250913,Property Damage Only,-91.3638104074,42.9025700006
20251501100,20250913,Property Damage Only,-90.3842729691,42.0995630904
20251501109,20250913,Property Damage Only,-91.7444456745,42.2835011736
20251501110,20250913,Property Damage Only,-91.525412798,41.9258242336
20251501112,20250913,Property Damage Only,-95.1474371693,43.171901578
20251501113,20250912,Property Damage Only,-92.2286382966,43.2988203327
20251501141,20250911,Property Damage Only,-92.0358235826,41.6872865646
20251501164,20250912,Property Damage Only,-93.5830194331,42.1668847514
20251501171,20250909,Property Damage Only,-91.3446775587,42.3550211867
20251501192,20250914,Property Damage Only,-93.3493371372,43.4204226997
20251501194,20250914,Property Damage Only,-90.535450746,42.2448212722
20251501195,20250801,Suspected Minor Injury Crash,-94.2856640047,42.7381245676
20251501202,20250907,Property Damage Only,-90.6549271526,41.4947023198
20251501212,20250912,Property Damage Only,-91.5629481433,41.6595316188
20251501229,20250913,Property Damage Only,-91.1237009357,42.6023116149
20251501274,20250914,Property Damage Only,-91.8572405503,43.2844479097
20251501275,20250906,Property Damage Only,-93.3177982812,43.1479174372
20251501281,20250915,Property Damage Only,-93.6539589274,41.6846967911
20251501292,20250807,Property Damage Only,-95.3458654487,42.6852910344
20251501306,20250901,Property Damage Only,-91.8726421694,42.2318503567
20251501325,20250913,Property Damage Only,-96.177311332,43.1877620698
20251501326,20250915,Property Damage Only,-96.042960656,42.9403651252
20251501330,20250910,Property Damage Only,-95.4782820049,42.7487047914
20251501362,20250911,Property Damage Only,-90.5693749398,41.8354955884
20251501363,20250915,Property Damage Only,-90.3870957869,41.989524752
20251501364,20250915,Property Damage Only,-92.3435250118,42.6743515259
20251501365,20250915,Property Damage Only,-92.3374012601,42.8014462866
20251501367,20250914,Property Damage Only,-92.2811664269,42.7151413798
20251501385,20250911,Property Damage Only,-93.4837930981,41.6314690685
20251501396,20250915,Property Damage Only,-92.4250953149,41.8876317533
20251501435,20250915,Property Damage Only,-91.4067795328,42.8749905394
20251501436,20250914,Property Damage Only,-91.1590446628,42.7377113931
20251501437,20250914,Property Damage Only,-91.4872707013,42.8708956748
20251501453,20250915,Property Damage Only,-93.2406844784,43.1625674061
20251501471,20250915,Property Damage Only,-91.3727311047,40.6913671569
20251501477,20250912,Property Damage Only,-91.322032792,40.6403576255
20251501479,20250909,Property Damage Only,-92.975717838,41.8087896638
20251501487,20250915,Property Damage Only,-95.3454464718,40.596928518
20251501488,20250916,Property Damage Only,-91.5273812606,43.1997616675
20251501492,20250915,Property Damage Only,-94.50134121,42.4494502439
20251501493,20250915,Property Damage Only,-92.6423234646,42.5425070385
20251501502,20250915,Property Damage Only,-95.9698482524,41.7225774761
20251501542,20250915,Property Damage Only,-94.1287971394,42.4820212407
20251501573,20250915,Property Damage Only,-93.495235799,41.0288427598
20251501598,20250915,Property Damage Only,-91.5781127954,42.3117200988
20251501621,20250808,Property Damage Only,-92.4658343807,42.4118203637
20251501625,20250916,Property Damage Only,-91.5587330949,42.0938735664
20251501632,20250916,Property Damage Only,-90.8454265846,42.4410378176
20251501633,20250912,Property Damage Only,-92.7073197655,42.8910433111
20251501641,20250907,Property Damage Only,-93.0570153664,41.4816987051
20251501646,20250914,Property Damage Only,-93.3628103019,41.6803822487
20251501649,20250917,Property Damage Only,-91.3497102562,41.3970957898
20251501650,20250917,Property Damage Only,-91.174297858,41.5206148634
20251501651,20250917,Possible/Unknown Injury Crash,-95.3651620235,42.0309499853
20251501675,20250916,Property Damage Only,-91.2503882303,40.6867308802
20251501676,20250912,Property Damage Only,-92.9170646706,41.9675078966
20251501685,20250915,Property Damage Only,-93.0385458454,41.6441270049
20251501688,20250916,Property Damage Only,-91.4660993978,41.2493653748
20251501691,20250917,Property Damage Only,-90.1851392776,41.9967242836
20251501702,20250827,Property Damage Only,-91.3402195764,41.3159035152
20251501703,20250831,Property Damage Only,-91.1406388656,41.2459554211
20251501706,20250908,Property Damage Only,-92.0748455808,42.4493357928
20251501734,20250913,Property Damage Only,-94.7236783116,41.4966820698
20251501749,20250904,Property Damage Only,-91.8106086721,43.3415741315
20251501780,20250909,Property Damage Only,-92.424256881,42.5525789201
20251501796,20250917,Property Damage Only,-92.0937607057,41.490230634
20251501887,20250814,Property Damage Only,-91.2617321276,43.0599642838
20251501898,20250917,Property Damage Only,-95.384044979,41.6460818165
20251501950,20250918,Property Damage Only,-91.5666423406,41.7333525819
20251501953,20250918,Property Damage Only,-91.5861771416,41.6485161051
20251501981,20250918,Property Damage Only,-91.5492866515,42.1713786488
20251502054,20250919,Property Damage Only,-96.5403341566,42.8514589398
20251502071,20250919,Property Damage Only,-94.161203427,41.2148961881
20251502072,20250919,Property Damage Only,-91.3972853989,41.9176043117
20251502091,20250918,Property Damage Only,-91.1698660961,40.9573388346
20251502098,20250918,Property Damage Only,-95.3423166824,42.386104055
20251502123,20250919,Property Damage Only,-93.5317205685,42.5867973123
20251502127,20250919,Property Damage Only,-95.1854146041,43.3825388871
20251502131,20250919,Property Damage Only,-94.5786325767,43.4740610078
20251502156,20250814,Property Damage Only,-92.5840204114,42.4696240181
20251502159,20250911,Property Damage Only,-92.7757841685,42.5134598645
20251502162,20250920,Property Damage Only,-90.9499003844,41.8453170968
20251502167,20250914,Property Damage Only,-93.4631526488,41.8202611004
20251502172,20250920,Property Damage Only,-90.3439262495,41.7525363538
20251502184,20250909,Property Damage Only,-91.7373878332,43.2766683237
20251502190,20250919,Property Damage Only,-91.0918322698,41.4451402403
20251502196,20250918,Property Damage Only,-91.8869776786,41.5144462947
20251502204,20250910,Property Damage Only,-92.4794917692,42.5002942597
20251502205,20250920,Suspected Minor Injury Crash,-93.9144474885,40.5982646582
20251502220,20250919,Property Damage Only,-92.6675935404,40.6482700369
20251502223,20250920,Property Damage Only,-94.2986439693,41.8344247899
20251502226,20250919,Property Damage Only,-91.1694713242,40.9901023139
20251502231,20250920,Property Damage Only,-94.2508731911,41.9205539734
20251502233,20250920,Possible/Unknown Injury Crash,-93.5551509784,41.6730028968
20251502234,20250920,Property Damage Only,-93.654089386,41.6631690519
20251502238,20250920,Property Damage Only,-94.3569679319,41.6544795315
20251502249,20250917,Property Damage Only,-93.0713721808,43.2055440763
20251502284,20250919,Property Damage Only,-93.0493292993,43.1187220868
20251502296,20250919,Property Damage Only,-94.1078189235,42.3686532653
20251502309,20250920,Property Damage Only,-92.7349359717,42.00576244
20251502319,20250921,Property Damage Only,-91.8256884373,42.2844610239
20251502325,20250918,Property Damage Only,-93.1191002287,41.306290862
20251502326,20250918,Property Damage Only,-92.9719064282,41.354720505
20251502330,20250922,Property Damage Only,-93.5484239912,41.5185607881
20251502366,20250922,Property Damage Only,-91.5450594895,40.5244722287
20251502368,20250921,Property Damage Only,-91.4045462832,40.6291680379
20251502375,20250919,Property Damage Only,-93.6033158542,42.0642325475
20251502376,20250919,Property Damage Only,-93.5708215011,42.2078528323
20251502379,20250919,Property Damage Only,-93.8355151155,42.456346398
20251502382,20250920,Property Damage Only,-91.1964639935,42.2065488667
20251502392,20250909,Property Damage Only,-93.6554065136,42.0345045454
20251502397,20250919,Property Damage Only,-93.8988599292,41.6882843736
20251502398,20250919,Property Damage Only,-94.0127295133,41.5051950574
20251502412,20250920,Property Damage Only,-91.1895247502,42.3961368957
20251502413,20250922,Property Damage Only,-91.5905385266,42.4642517154
20251502415,20250921,Suspected Minor Injury Crash,-93.9969022702,41.6137259245
20251502417,20250902,Property Damage Only,-91.849938146,43.3324857213
20251502425,20250921,Property Damage Only,-96.0957121958,42.6463517398
20251502438,20250911,Property Damage Only,-93.3301560355,42.4482891297
20251502440,20250915,Property Damage Only,-93.2215538507,42.5214622331
20251502441,20250919,Property Damage Only,-93.0516011882,42.4536522266
20251502447,20250921,Property Damage Only,-96.1722292484,43.016097919
20251502466,20250921,Property Damage Only,-92.5344215301,42.7892599522
20251502499,20250827,Property Damage Only,-91.7938673854,42.0005242041
20251502500,20250828,Property Damage Only,-91.5502709397,42.014079376
20251502542,20250923,Property Damage Only,-91.0381860549,41.5798527414
20251502543,20250923,Property Damage Only,-91.1808551377,41.3482800787
20251502560,20250919,Property Damage Only,-90.7913809848,42.4660071821
20251502582,20250923,Property Damage Only,-92.6017563761,42.9965804748
20251502623,20250922,Property Damage Only,-92.6382844295,42.3112838715
20251502644,20250917,Property Damage Only,-94.5571881369,40.798665977
20251502656,20250922,Property Damage Only,-94.543797507,40.6759206123
20251502691,20250924,Property Damage Only,-91.3351409698,42.4847446532
20251502695,20250923,Property Damage Only,-91.7662763101,43.3503610038
20251502710,20250922,Property Damage Only,-92.7783763127,42.3687570368
20251502715,20250923,Property Damage Only,-91.1334185254,40.817783197
20251502721,20250922,Property Damage Only,-91.219368538,41.0883549932
20251502732,20250918,Property Damage Only,-91.9703722665,41.9631458535
20251502734,20250919,Property Damage Only,-92.0890254903,41.882269143
20251502737,20250921,Property Damage Only,-91.9411190144,42.1363885961
20251502775,20250923,Property Damage Only,-93.6123265689,41.760819502
20251502786,20250916,Property Damage Only,-91.8827049186,41.0021602509
20251502791,20250924,Property Damage Only,-91.9576289511,40.7265796666
20251502793,20250921,Property Damage Only,-91.8260037222,42.2844642523
20251502804,20250924,Property Damage Only,-92.7318641776,42.5702822108
20251502826,20250818,Property Damage Only,-94.4524727105,41.4302619541
20251502830,20250924,Property Damage Only,-94.2433657892,43.0092858069
20251502834,20250924,Property Damage Only,-90.5502646767,42.3551488709
20251502841,20250922,Property Damage Only,-93.1199488452,41.306542198
20251502856,20250921,Property Damage Only,-92.2980122814,41.9143597874
20251502858,20250925,Property Damage Only,-91.4418195125,40.5133697411
20251502867,20250924,Property Damage Only,-93.6299436859,41.4690528392
20251502873,20250924,Property Damage Only,-91.0475843655,42.053963806
20251502880,20250924,Property Damage Only,-93.860142495,41.6150467582
20251502884,20250922,Property Damage Only,-90.5716332591,41.6253937122
20251502886,20250906,Property Damage Only,-93.3493055782,43.4385666673
20251502887,20250924,Property Damage Only,-91.3710038855,42.9484717268
20251502913,20250920,Property Damage Only,-91.5790969957,41.9256546283
20251502917,20250924,Property Damage Only,-92.8208839415,40.8809954207
20251502919,20250924,Property Damage Only,-91.1325579746,41.7533793288
20251502923,20250925,Property Damage Only,-90.7079815154,42.4362724301
20251502936,20250923,Property Damage Only,-90.9273198341,41.8702011818
20251502950,20250925,Property Damage Only,-93.129586646,42.5567528268
20251502956,20250925,Property Damage Only,-91.9064065267,41.7946788635
20251502967,20250924,Property Damage Only,-93.0509378812,43.2054919658
20251503043,20250922,Property Damage Only,-94.3568437177,41.2573712658
20251503057,20250926,Property Damage Only,-91.7016539057,42.0901400777
20251503059,20250925,Property Damage Only,-91.5830277629,42.0160736062
20251503074,20250926,Property Damage Only,-91.1436470851,40.7860244594
20251503075,20250924,Property Damage Only,-92.7964014353,42.0929185334
20251503085,20250926,Property Damage Only,-92.6583171971,42.1765935334
20251503113,20250926,Property Damage Only,-96.4834252579,42.5698444313
20251503115,20250922,Property Damage Only,-92.9607366792,42.0332798063
20251503121,20250926,Property Damage Only,-91.5242024823,40.5899424476
20251503141,20250924,Property Damage Only,-92.8103164696,43.1942521815
20251503198,20250925,Property Damage Only,-95.7507983568,41.199576675
20251503199,20250926,Property Damage Only,-95.784424904,41.3716007652
20251503221,20250926,Property Damage Only,-95.6099985142,42.7936460194
20251503246,20250927,Property Damage Only,-92.4658132506,42.2105510481
20251503248,20250927,Property Damage Only,-95.7448171141,40.803105863
20251503249,20250927,Property Damage Only,-91.3821004957,42.8771837836
20251503250,20250920,Property Damage Only,-91.4242507532,40.5946935467
20251503294,20250926,Fatal Crash,-90.4102141441,41.5729106688
20251503298,20250926,Property Damage Only,-94.3761680061,41.5803761454
20251503308,20250927,Property Damage Only,-90.6979725612,42.4725432041
20251503317,20250927,Property Damage Only,-91.7062660155,42.1083218051
20251503329,20250927,Property Damage Only,-91.543401824,41.9318720633
20251503355,20250926,Suspected Minor Injury Crash,-92.4879586651,42.4962797685
20251503362,20250927,Property Damage Only,-93.6980699189,41.8724031552
20251503446,20250928,Property Damage Only,-93.6415128334,42.0356728342
20251503469,20250928,Property Damage Only,-90.4324124846,41.6932629458
20251503470,20250928,Property Damage Only,-90.4041545183,41.5774751793
20251503481,20250923,Property Damage Only,-96.1165349814,42.3528726579
20251503482,20250925,Property Damage Only,-91.903282473,43.2552916685
20251503483,20250927,Property Damage Only,-91.7444670101,43.3536713722
20251503495,20250929,Property Damage Only,-93.6205915818,41.6696597939
20251503496,20250926,Property Damage Only,-93.4632975348,41.9437800575
20251503498,20250927,Property Damage Only,-91.1451177665,42.2660418972
20251503499,20250928,Property Damage Only,-91.29882036,42.0950152446
20251503500,20250926,Property Damage Only,-93.5019645781,42.1818403141
20251503502,20250820,Possible/Unknown Injury Crash,-93.6418209224,42.0026439912
20251503509,20250925,Property Damage Only,-93.6218982025,42.0040145806
20251503531,20250925,Property Damage Only,-90.9108047707,42.5012698813
20251503532,20250926,Property Damage Only,-90.9045885737,42.5860041452
20251503534,20250929,Property Damage Only,-90.7684540481,42.465652943
20251503541,20250929,Property Damage Only,-92.2989286976,42.2055186054
20251503549,20250927,Property Damage Only,-92.5570144983,41.0085438186
20251503562,20250927,Property Damage Only,-92.0570533365,41.0448311008
20251503567,20250928,Property Damage Only,-95.1121499475,43.4305933067
20251503570,20250929,Property Damage Only,-91.0795520517,41.5484693669
20251503614,20250926,Property Damage Only,-95.896965888,43.0685952031
20251503615,20250927,Property Damage Only,-96.1360268525,43.0990606312
20251503617,20250927,Property Damage Only,-96.1013588558,43.0702389664
20251503628,20250924,Property Damage Only,-91.9030579312,42.5897142847
20251503689,20250929,Property Damage Only,-90.552012995,41.6949827769
20251503693,20250930,Possible/Unknown Injury Crash,-90.7975893664,41.9759123903
20251503695,20250929,Property Damage Only,-93.7315274719,41.348075363
20251503706,20250927,Property Damage Only,-93.2419148242,43.1937934714
20251503711,20250930,Property Damage Only,-94.2847517774,41.3160445227
20251503712,20250928,Property Damage Only,-96.5694489118,42.6867516636
20251503730,20250918,Property Damage Only,-91.142471881,41.726574533
20251503731,20250929,Property Damage Only,-93.1400351054,41.8200106089
20251503756,20250928,Property Damage Only,-95.1963187272,41.4973073057
20251503778,20250930,Property Damage Only,-92.6334831449,42.9508504132
20251503793,20250909,Property Damage Only,-92.0486425624,41.7892618473
20251503810,20250923,Property Damage Only,-93.1562363521,42.1041698656
20251503827,20250918,Property Damage Only,-91.9361474742,43.3707336231
20251503850,20250930,Property Damage Only,-95.0931163787,43.1562594792
20251503852,20250930,Property Damage Only,-92.5680408015,42.9777636271
20251503855,20250927,Property Damage Only,-91.6063859731,42.015495014
20251503859,20250919,Property Damage Only,-92.9479106306,40.7394725166
20251503862,20250929,Property Damage Only,-93.0014681657,40.7178634666
20251503866,20250930,Property Damage Only,-91.50066966,42.1701770659
20251503875,20251001,Property Damage Only,-95.7122462324,43.461092075
20251503877,20251001,Property Damage Only,-93.2257600471,43.1483521698
20251503880,20251001,Property Damage Only,-92.9544792659,42.671909893
20251503885,20251001,Property Damage Only,-92.672528117,43.0962561328
20251503897,20251001,Property Damage Only,-93.2026412868,42.9438195441
20251503899,20250929,Property Damage Only,-95.4975374611,42.0428956744
20251503905,20250929,Property Damage Only,-94.3556601764,41.6436596398
20251503912,20250909,Property Damage Only,-91.3555866644,41.3157728508
20251503974,20250904,Property Damage Only,-93.9098374917,42.6007188131
20251503995,20251001,Property Damage Only,-92.7322035906,42.9566170767
20251504002,20251002,Property Damage Only,-92.5352782375,41.5854306401
20251504005,20250930,Property Damage Only,-91.2847040361,41.5825440811
20251504011,20251001,Property Damage Only,-93.2984460302,41.0047027473
20251504017,20251002,Property Damage Only,-93.7797606591,41.3531992453
20251504020,20251001,Property Damage Only,-93.463278164,41.9494363558
20251504044,20251002,Suspected Minor Injury Crash,-93.9516624721,42.0168582204
20251504049,20250223,Property Damage Only,-91.9801619219,41.7749658694
20251504055,20250930,Property Damage Only,-91.3235101847,42.0707739311
20251504060,20250927,Property Damage Only,-91.2905810091,41.7287929278
20251504082,20251002,Property Damage Only,-91.8920420841,42.5393568545
20251504089,20250928,Property Damage Only,-93.4533481646,42.005542533
20251504109,20250906,Property Damage Only,-90.5910431774,42.1827750991
20251504111,20251001,Property Damage Only,-93.349223186,43.2606554478
20251504138,20251002,Property Damage Only,-93.1223844174,43.1133273633
20251504170,20251002,Property Damage Only,-93.4184072087,43.2177950793
20251504188,20251002,Property Damage Only,-90.4349907096,41.5756819608
20251504192,20251003,Property Damage Only,-91.5501310509,42.1333383999
20251504195,20251002,Suspected Minor Injury Crash,-90.3935644856,42.0052337215
20251504200,20250926,Property Damage Only,-93.192695704,41.3255758407
20251504213,20250909,Property Damage Only,-90.4568097902,42.24223895
20251504216,20251003,Property Damage Only,-91.7696435477,42.1645784473
20251504218,20251002,Property Damage Only,-96.3908763027,42.8731139865
20251504219,20251002,Suspected Minor Injury Crash,-96.0835932313,42.9043943136
20251504238,20251002,Property Damage Only,-92.4555788174,42.633161906
20251504265,20251003,Property Damage Only,-94.1918870808,42.7316645647
20251504300,20251003,Property Damage Only,-91.7551346296,43.4215277585
20251504308,20250925,Property Damage Only,-92.5132753737,42.7150391139
20251504310,20250923,Property Damage Only,-92.4952484268,42.8476647855
20251504325,20250917,Property Damage Only,-91.1318034865,43.2373048289
20251504337,20250902,Property Damage Only,-93.2403077727,41.8577096657
20251504379,20251003,Property Damage Only,-95.8277139851,43.1638640708
20251504390,20251003,Property Damage Only,-92.8726596693,40.6995596472
20251504437,20251004,Property Damage Only,-91.5362664773,41.9263774306
20251504464,20251001,Suspected Serious Injury Crash,-95.8474653188,41.7995431902
20251504478,20251004,Property Damage Only,-91.6120776219,41.0079386709
20251504484,20251004,Property Damage Only,-94.2134512638,42.4806518163
20251504489,20251004,Property Damage Only,-91.3926887828,42.8527582202
20251504501,20251004,Property Damage Only,-91.5646826461,40.7952741509
20251504502,20251005,Property Damage Only,-91.2963962404,40.6491434965
20251504506,20251005,Property Damage Only,-93.9011265317,41.9653162513
20251504508,20251005,Property Damage Only,-94.3784429979,42.0707339053
20251504540,20251004,Property Damage Only,-91.5006036846,41.685332226
20251504551,20251005,Property Damage Only,-91.4817481891,42.0495246781
20251504552,20251003,Property Damage Only,-93.2237929711,41.5013475712
20251504554,20251004,Property Damage Only,-95.3674250553,42.4864832126
20251504563,20251001,Property Damage Only,-93.2837581848,41.211672861
20251504564,20251001,Property Damage Only,-92.9223536768,41.1737125508
20251504593,20251005,Property Damage Only,-93.1381462737,43.1480682665
20251504601,20251005,Property Damage Only,-94.2114145525,42.6158028103
20251504602,20251003,Property Damage Only,-93.2321936896,41.6692272009
20251504610,20251005,Property Damage Only,-93.7790029376,41.601862267
20251504613,20251004,Property Damage Only,-91.4232404138,42.0572915485
20251504614,20251003,Property Damage Only,-95.2302541745,42.6454218827
20251504617,20251006,Property Damage Only,-91.1170021101,41.4407274016
20251504630,20251005,Possible/Unknown Injury Crash,-95.1702868645,40.8431027164
20251504631,20251005,Suspected Minor Injury Crash,-95.3846880756,40.840209946
20251504660,20251004,Property Damage Only,-91.1424481772,42.208694582
20251504666,20251006,Property Damage Only,-91.2230704104,42.3323793136
20251504672,20250919,Suspected Serious Injury Crash,-91.7371069291,41.5114749088
20251504678,20251005,Property Damage Only,-94.1845902695,41.5177845638
20251504682,20250923,Property Damage Only,-93.1933799288,41.6850435904
20251504707,20251004,Property Damage Only,-93.7684488158,42.4489265151
20251504709,20251004,Property Damage Only,-93.7550008364,42.4490519092
20251504713,20251004,Property Damage Only,-95.1504953912,43.1896277865
20251504728,20251005,Property Damage Only,-95.9407435129,43.0266346545
20251504739,20251001,Property Damage Only,-91.0691160876,42.4635860611
20251504740,20250926,Property Damage Only,-91.2007603534,41.3186173218
20251504742,20251001,Property Damage Only,-93.265275983,42.3607750184
20251504756,20251004,Property Damage Only,-91.0076328446,41.8801700456
20251504762,20251005,Suspected Minor Injury Crash,-95.8055368909,40.8089219641
20251504774,20250914,Property Damage Only,-95.7398998863,40.8917793774
20251504775,20250928,Property Damage Only,-95.6604511825,40.5886032923
20251504803,20251006,Property Damage Only,-90.4526666429,42.2141850768
20251504804,20251006,Property Damage Only,-93.2306844965,43.1627951159
20251504823,20251006,Property Damage Only,-92.9760463606,42.7601076757
20251504833,20251006,Property Damage Only,-92.2829853801,43.0598814151
20251504851,20251006,Property Damage Only,-91.5027634498,42.739849205
20251504856,20251006,Property Damage Only,-95.5114410675,41.9249677373
20251504876,20251006,Property Damage Only,-90.7332164894,41.9962009926
20251504882,20251007,Property Damage Only,-93.3845286456,40.8370458571
20251504885,20251007,Property Damage Only,-91.6558091049,41.8217417299
20251504888,20251004,Property Damage Only,-90.6945643619,42.4092934044
20251504903,20251002,Property Damage Only,-93.1807749311,41.8990161472
20251504904,20251004,Property Damage Only,-93.2006590485,41.8849865079
20251504905,20251004,Property Damage Only,-92.8947486964,42.0780730134
20251504907,20251007,Property Damage Only,-93.4659565297,42.6585615595
20251504915,20251001,Property Damage Only,-93.172632377,42.245141384
20251504923,20251007,Property Damage Only,-91.1490312703,42.4972346174
20251504924,20251006,Property Damage Only,-91.7044550758,41.5029511924
20251504926,20251006,Property Damage Only,-92.0473981648,41.0146919375
20251504937,20250918,Property Damage Only,-94.8859128834,43.1763960726
20251504938,20250925,Property Damage Only,-94.7143097001,43.1264830823
20251504939,20251002,Property Damage Only,-94.5303053291,43.0230886519
20251504940,20251004,Property Damage Only,-94.8582530038,43.0390694351
20251504941,20251006,Property Damage Only,-94.7575464215,43.1745506935
20251504942,20251006,Property Damage Only,-94.6395843104,43.1672348347
20251504943,20251007,Property Damage Only,-94.7577080867,43.1891895709
20251504949,20251003,Property Damage Only,-92.167383057,41.9060113036
20251504954,20251003,Property Damage Only,-92.6980198861,43.0748764598
20251504967,20251006,Property Damage Only,-93.880676698,41.5831229873
20251504972,20251002,Property Damage Only,-91.9424599231,42.9647241084
20251504973,20251002,Property Damage Only,-91.8401213025,42.9642910708
20251504975,20251005,Property Damage Only,-91.650276086,43.005883596
20251504983,20250918,Property Damage Only,-96.5070300101,43.3058634171
20251504985,20251002,Property Damage Only,-93.2657976162,41.7607476539
20251505003,20250928,Property Damage Only,-92.0873429231,41.9631716579
20251505010,20251002,Property Damage Only,-91.5273060256,42.2696695043
20251505024,20250929,Property Damage Only,-91.5479762298,41.6854902832
20251505027,20251003,Property Damage Only,-91.6655670549,41.8417962629
20251505030,20251004,Property Damage Only,-91.9858284845,42.3189152929
20251505071,20251004,Property Damage Only,-96.6437001508,40.2330912513
20251505075,20251007,Property Damage Only,-90.3411491152,41.7530934874
20251505099,20251007,Property Damage Only,-91.0803465492,42.7345638854
20251505101,20251007,Property Damage Only,-90.5688170622,41.8419590998
20251505147,20251007,Property Damage Only,-91.774217678,42.0039006004
20251505148,20251006,Property Damage Only,-92.7687130188,42.4503144407
20251505149,20251008,Property Damage Only,-92.755818752,42.7883250755
20251505151,20251008,Property Damage Only,-92.5542967644,41.9725180439
20251505155,20251003,Property Damage Only,-93.2114541204,43.4072991483
20251505156,20250930,Property Damage Only,-91.3433958174,41.9189828254
20251505158,20251007,Suspected Minor Injury Crash,-91.9010587573,43.1905180104
20251505175,20251008,Property Damage Only,-92.472150857,41.0610821865
20251505182,20251008,Property Damage Only,-95.6578387829,42.6196804195
20251505184,20251004,Property Damage Only,-92.2745574634,41.7427324591
20251505185,20251005,Property Damage Only,-92.0653688218,41.5810397054
20251505192,20251008,Property Damage Only,-90.929841618,41.5059439858
20251505199,20251002,Suspected Minor Injury Crash,-92.4332380757,42.7737828639
20251505200,20251005,Property Damage Only,-92.3374744522,42.7211724021
20251505204,20251004,Property Damage Only,-90.3019512933,41.8592225759
20251505205,20251005,Property Damage Only,-90.5062818297,41.8076467033
20251505229,20251008,Property Damage Only,-96.1374165847,42.8511199602
20251505231,20251007,Property Damage Only,-95.7765590541,43.3457207108
20251505253,20251008,Property Damage Only,-93.1431638827,43.1480350838
20251505269,20251008,Property Damage Only,-93.4821397415,43.2698974763
20251505272,20251003,Property Damage Only,-91.2076444318,40.7269174364
20251505273,20251007,Property Damage Only,-91.3642339631,40.7976866232
20251505274,20251007,Property Damage Only,-91.1463820023,40.7413622034
20251505277,20251008,Property Damage Only,-91.7357578145,42.0484253264
20251505278,20251008,Property Damage Only,-91.2391571307,41.3710294162
20251505282,20251008,Property Damage Only,-91.591519889,41.7190692824
20251505287,20251008,Property Damage Only,-93.2026425576,42.9404696157
20251505295,20251009,Property Damage Only,-91.7754002711,41.989457866
20251505299,20251008,Property Damage Only,-90.4729378253,41.5338869462
20251505304,20251009,Property Damage Only,-90.7474060346,42.4865025176
20251505305,20251009,Property Damage Only,-94.4164982253,42.0115852868
20251505306,20251008,Property Damage Only,-92.6044828343,42.9980307415
20251505310,20251008,Property Damage Only,-93.6860779837,41.5137776703
20251505311,20251008,Property Damage Only,-93.5775733957,42.0778387233
20251505315,20251009,Property Damage Only,-91.4307476961,40.5594241432
20251505319,20251009,Property Damage Only,-93.6358814467,42.0779267383
20251505323,20251009,Property Damage Only,-93.9160729042,42.0591630465
20251505338,20251008,Property Damage Only,-92.6385336445,41.0019640247
20251505342,20251008,Property Damage Only,-93.3737859,42.7843912293
20251505349,20251008,Property Damage Only,-91.360213242,41.7687256519
20251505356,20250912,Property Damage Only,-92.5765412652,42.5558725571
20251505357,20250923,Property Damage Only,-92.6806630231,42.3459752676
20251505359,20251008,Property Damage Only,-93.0868416156,42.3012031746
20251505362,20251004,Property Damage Only,-96.3447982804,42.9674651317
20251505368,20251009,Property Damage Only,-92.2299366725,42.4506808329
20251505369,20251008,Property Damage Only,-93.9609115077,41.8350630678
20251505372,20251008,Property Damage Only,-96.1349860853,42.8038148445
20251505376,20251008,Property Damage Only,-91.1314362517,41.0159921122
20251505383,20251008,Property Damage Only,-91.1763079217,41.0616046154
20251505384,20251008,Property Damage Only,-90.626797663,42.4165729181
20251505385,20251009,Property Damage Only,-90.6951917244,42.5389728687
20251505408,20251008,Property Damage Only,-91.3317645681,41.1759782219
20251505516,20251009,Property Damage Only,-92.716615165,43.0753292417
20251505518,20251009,Property Damage Only,-91.1922566423,43.0447142009
20251505527,20251007,Property Damage Only,-92.4536568046,41.0955148751
20251505529,20251008,Property Damage Only,-91.4407559337,40.8545690021
20251505530,20251009,Property Damage Only,-94.7596343939,40.6232513657
20251505540,20251009,Property Damage Only,-93.3901442671,41.0196887359
20251505541,20251009,Property Damage Only,-93.366397229,41.134223497
20251505543,20251010,Property Damage Only,-91.7237984029,42.1296828531
20251505554,20251009,Property Damage Only,-91.1106695266,40.8447784376
20251505561,20251010,Property Damage Only,-91.6516069611,40.972808714
20251505564,20251010,Property Damage Only,-91.0382525731,41.5388102595
20251505566,20251010,Property Damage Only,-92.3077860369,42.0074218776
20251505569,20251009,Property Damage Only,-91.47701957,40.5893478832
20251505570,20251009,Property Damage Only,-91.4863415091,40.5490496458
20251505575,20251006,Possible/Unknown Injury Crash,-91.4265652712,40.5392965017
20251505577,20251010,Property Damage Only,-91.2136167133,42.1962263906
20251505578,20251009,Property Damage Only,-93.2401789041,41.8200340203
20251505580,20251008,Property Damage Only,-92.1204299727,43.2988858192
20251505582,20251010,Property Damage Only,-92.8511580103,41.2259245299
20251505583,20251009,Property Damage Only,-91.7044347311,41.6150350797
20251505584,20251010,Property Damage Only,-91.4406050649,41.7462657406
20251505596,20251009,Property Damage Only,-92.5905568883,41.0112081543
20251505599,20251010,Property Damage Only,-91.7146563667,40.986320293
20251505605,20251010,Property Damage Only,-95.9421804996,43.0253731173
20251505607,20251010,Property Damage Only,-92.5357216147,42.8312392466
20251505608,20251010,Property Damage Only,-90.2467466133,41.8736895414
20251505611,20251009,Property Damage Only,-91.6144052872,41.7231574338
20251505614,20251008,Property Damage Only,-94.2793472792,41.6883171349
20251505620,20251009,Suspected Serious Injury Crash,-92.6982015177,41.6596259852
20251505623,20251010,Property Damage Only,-90.8759267648,41.6328811643
20251505627,20251010,Property Damage Only,-92.0073979135,41.6479360256
20251505630,20251007,Property Damage Only,-94.5713187832,42.1145014046
20251505653,20251009,Property Damage Only,-95.8459174109,41.4940471115
20251505681,20251010,Suspected Minor Injury Crash,-96.3812184282,43.1278703993
20251505720,20251009,Property Damage Only,-93.3312773508,43.1479602491
20251505721,20251008,Property Damage Only,-90.4613608841,41.9013593428
20251505722,20251012,Property Damage Only,-91.5634426381,41.7123628572
20251505738,20251010,Property Damage Only,-91.5165830879,40.9711501229
20251505739,20251010,Property Damage Only,-93.4992012667,40.7656827224
20251505745,20251010,Property Damage Only,-93.3178186521,41.0075606141
20251505751,20251010,Property Damage Only,-92.9860304652,43.1424417274
20251505753,20251010,Property Damage Only,-92.5926827526,42.9902990157
20251505754,20251010,Property Damage Only,-91.0334347361,41.4639535189
20251505755,20251010,Property Damage Only,-92.8511124714,40.8076643436
20251505759,20251010,Property Damage Only,-94.3511102947,41.3017554589
20251505775,20251011,Property Damage Only,-91.5292158226,42.2532401148
20251505783,20251010,Property Damage Only,-91.2231912558,41.5242360729
20251505784,20251010,Property Damage Only,-91.1060357965,41.4173364273
20251505813,20251009,Property Damage Only,-93.7797959089,41.2649240829
20251505814,20251009,Property Damage Only,-93.7805026105,41.2571005938
20251505815,20251010,Property Damage Only,-93.7798363061,41.4095858941
20251505833,20251011,Property Damage Only,-92.9688847981,42.8331578532
20251505846,20251011,Property Damage Only,-92.6335449192,43.0684207042
20251505850,20251011,Property Damage Only,-92.8100399632,42.9893712768
20251505851,20251011,Property Damage Only,-93.6921786248,41.1197372141
20251505853,20251011,Property Damage Only,-92.8903947728,43.122318206
20251505855,20251011,Property Damage Only,-92.2583024028,42.9649733065
20251505856,20251011,Property Damage Only,-90.8305901255,42.1326854704
20251505857,20251011,Property Damage Only,-90.6762428925,42.1346961068
20251505861,20251010,Property Damage Only,-91.5382653964,41.6845385333
20251505868,20251012,Property Damage Only,-93.7976548818,40.9776109293
20251505875,20251012,Property Damage Only,-94.8341998569,40.8569102029
20251505888,20251012,Property Damage Only,-90.7279383557,42.5274971391
20251505911,20251011,Property Damage Only,-90.6004940806,41.5174011105
20251505923,20251012,Property Damage Only,-94.3009459236,42.5161469294
20251505933,20251012,Property Damage Only,-92.647089034,42.7447254229
20251505934,20251012,Property Damage Only,-91.529189922,40.9878590983
20251505936,20251012,Property Damage Only,-92.3878273006,42.9657032996
20251505940,20251012,Property Damage Only,-93.3216896168,40.7980962442
20251505944,20251010,Property Damage Only,-91.5500432004,43.2407067629
20251505952,20251011,Property Damage Only,-91.8112851334,42.1911895128
20251505956,20251006,Property Damage Only,-93.1096904361,41.3582747321
20251505957,20251012,Property Damage Only,-95.1610727728,43.1057231732
20251505967,20251010,Property Damage Only,-91.2350505839,41.7352125
20251505978,20251013,Property Damage Only,-90.890489426,41.5186395829
20251505989,20251010,Property Damage Only,-93.5555405276,42.0091914584
20251505990,20251010,Property Damage Only,-93.609869101,41.9190200989
20251506008,20251010,Property Damage Only,-91.801930931,43.2916077825
20251506009,20251011,Property Damage Only,-93.122532557,43.0951642719
20251506011,20251010,Property Damage Only,-91.5561243612,42.0201243701
20251506020,20251004,Suspected Minor Injury Crash,-92.9260714532,41.7027284269
20251506026,20251012,Property Damage Only,-96.3753672656,42.4534487177
20251506028,20251006,Property Damage Only,-91.8724199535,42.1844036853
20251506030,20251007,Property Damage Only,-91.9810680889,42.2754818786
20251506032,20251009,Property Damage Only,-92.2981356992,42.0218458457
20251506035,20251012,Property Damage Only,-91.4443257843,40.4830628937
20251506036,20251010,Property Damage Only,-95.5046752758,41.6679398878
20251506037,20251010,Property Damage Only,-92.0239729548,41.963370906
20251506044,20251012,Property Damage Only,-91.5953089495,41.7592408108
20251506053,20251012,Property Damage Only,-91.4551432596,40.5222058155
20251506062,20251010,Property Damage Only,-91.5393359004,40.9913660667
20251506063,20251013,Property Damage Only,-90.6726330183,42.0458891501
20251506068,20251012,Property Damage Only,-93.8421257406,41.5752783164
20251506075,20251011,Property Damage Only,-91.5268555649,40.9479874955
20251506077,20251011,Suspected Serious Injury Crash,-92.8136028268,41.350303349
20251506078,20251010,Property Damage Only,-94.8691425218,41.5621226984
20251506087,20251012,Property Damage Only,-93.8787974419,41.56573544
20251506089,20251010,Property Damage Only,-94.0175614911,41.6253982429
20251506090,20251010,Possible/Unknown Injury Crash,-93.8807302994,41.5588121075
20251506097,20251011,Property Damage Only,-93.2611162353,42.4002130957
20251506113,20251011,Property Damage Only,-91.7117894824,42.061308033
20251506115,20251010,Property Damage Only,-91.8312815043,42.2029409097
20251506120,20251009,Property Damage Only,-93.0695634265,42.0784064168
20251506121,20251009,Property Damage Only,-92.8255173777,41.9347107981
20251506122,20251009,Suspected Minor Injury Crash,-92.9168154249,41.9735602275
20251506137,20251009,Property Damage Only,-94.9230168104,43.1264875125
20251506146,20251012,Property Damage Only,-95.782252327,40.687891122
20251506149,20251003,Property Damage Only,-94.8913202603,42.2531717141
20251506153,20251012,Property Damage Only,-91.2465655236,40.8323229852
20251506154,20251012,Property Damage Only,-92.2786291207,41.8365921607
20251506175,20251010,Property Damage Only,-93.6378293973,42.0346035698
20251506182,20251013,Property Damage Only,-95.5309196824,42.7487595928
20251506183,20251013,Property Damage Only,-92.4956908521,43.0336592813
20251506220,20251009,Property Damage Only,-90.284397799,41.7815206767
20251506234,20251011,Property Damage Only,-93.1250284768,41.3079149793
20251506235,20251012,Property Damage Only,-93.2030846247,41.2115731479
20251506236,20251012,Property Damage Only,-92.9408749349,41.1926762765
20251506238,20251009,Property Damage Only,-93.0539920082,41.3167888025
20251506242,20251014,Property Damage Only,-90.8145831116,41.9681408955
20251506263,20251014,Property Damage Only,-92.3999451792,41.6960605988
20251506265,20251009,Property Damage Only,-90.710135659,42.5578863144
20251506267,20251009,Property Damage Only,-90.7508587316,42.4016410129
20251506268,20251010,Property Damage Only,-90.9526458534,42.5597584382
20251506282,20251014,Property Damage Only,-93.6363751683,41.503389702
20251506286,20251014,Property Damage Only,-94.1646321763,42.4271056334
20251506287,20251010,Property Damage Only,-92.9197066677,41.5145890486
20251506289,20251013,Property Damage Only,-92.7798206427,41.2047677893
20251506291,20251010,Property Damage Only,-92.4937577488,41.010607469
20251506292,20251012,Property Damage Only,-92.6278345963,41.0162980545
20251506296,20251014,Property Damage Only,-93.9560019413,41.9646562302
20251506314,20251006,Property Damage Only,-93.0728501025,41.3208318943
20251506315,20251011,Property Damage Only,-93.1095316057,41.313434503
20251506316,20251014,Property Damage Only,-91.7404485499,43.2382076298
20251506317,20251014,Property Damage Only,-91.8698626782,41.8359363717
20251506321,20251012,Property Damage Only,-95.0124250161,42.850936058
20251506334,20251013,Property Damage Only,-91.1613261378,40.8616761325
20251506335,20251014,Property Damage Only,-91.1497099169,40.8455015129
20251506337,20251013,Property Damage Only,-92.8311686991,40.953258008
20251506347,20251014,Property Damage Only,-91.550175185,41.9826639714
20251506360,20251014,Property Damage Only,-91.7355395766,43.3913823726
20251506376,20251014,Property Damage Only,-90.7620437496,41.9080397629
20251506395,20251014,Property Damage Only,-91.5094553271,41.9248616122
20251506397,20251014,Property Damage Only,-92.7270741819,41.6429267546
20251506404,20251014,Property Damage Only,-91.1576459409,42.8203554464
20251506425,20251014,Property Damage Only,-91.5421036628,41.9263796557
20251506427,20251003,Suspected Minor Injury Crash,-92.9676740148,41.3797787115
20251506430,20251014,Property Damage Only,-91.1776678844,41.3472748865
20251506432,20251015,Property Damage Only,-91.6260421249,40.974533606
20251506433,20251014,Suspected Minor Injury Crash,-94.2073193027,42.5198643654
20251506436,20251014,Property Damage Only,-93.6993641082,41.7555309519
20251506449,20251014,Property Damage Only,-91.867926707,43.2319224531
20251506456,20251012,Property Damage Only,-93.8039487647,40.8526498849
20251506458,20251013,Property Damage Only,-93.7685752798,41.5229568204
20251506475,20251013,Property Damage Only,-93.7806084225,41.4021224515
20251506476,20251014,Property Damage Only,-94.0969984196,41.0272712966
20251506479,20251014,Property Damage Only,-93.2328719652,42.448131791
20251506485,20251015,Property Damage Only,-91.330329274,42.4703197571
20251506489,20251013,Property Damage Only,-94.2333584299,41.0474665259
20251506491,20250919,Property Damage Only,-95.7346611346,41.7407579829
20251506518,20251013,Property Damage Only,-91.3947948771,41.2125256547
20251506520,20251014,Property Damage Only,-91.1781908575,41.1278572746
20251506522,20251015,Property Damage Only,-91.1391586586,41.2240979537
20251506551,20251015,Property Damage Only,-90.2031325523,41.8738596506
20251506573,20251013,Property Damage Only,-93.2017464174,43.0000761774
20251506588,20251011,Property Damage Only,-92.5312931158,42.4639269255
20251506602,20251015,Property Damage Only,-92.5809392773,42.9818908892
20251506614,20251015,Property Damage Only,-93.6449911355,41.5686448312
20251506615,20251014,Property Damage Only,-93.5031935376,41.6051297162
20251506616,20250912,Suspected Serious Injury Crash,-94.2237751858,40.7535173676
20251506620,20251015,Property Damage Only,-93.3521753303,41.6006384421
20251506628,20251015,Property Damage Only,-91.3299114288,40.6890800027
20251506630,20251015,Property Damage Only,-90.5659691659,41.6215272359
20251506640,20251016,Property Damage Only,-94.2235527571,40.8369361703
20251506647,20251015,Property Damage Only,-92.5826300359,41.0103599794
20251506648,20251016,Property Damage Only,-92.3957127479,41.0879470625
20251506649,20251015,Property Damage Only,-93.2617421226,42.6525189988
20251506651,20251016,Property Damage Only,-93.3486127594,43.3479478995
20251506654,20251008,Property Damage Only,-91.9598862481,42.2973565954
20251506655,20251010,Property Damage Only,-91.8508998294,41.8759901108
20251506656,20251015,Property Damage Only,-92.4745931639,41.4821882497
20251506670,20251013,Property Damage Only,-91.3126094645,41.6712686808
20251506673,20251016,Property Damage Only,-96.3234978359,42.4686710802
20251506674,20251016,Property Damage Only,-90.6025824705,42.0201128805
20251506677,20251013,Property Damage Only,-93.1840844247,41.9724970758
20251506683,20251014,Property Damage Only,-95.9413082129,43.1861461909
20251506689,20251013,Suspected Minor Injury Crash,-94.0112954572,41.433779575
20251506691,20251010,Property Damage Only,-91.8138295677,42.8533130226
20251506694,20251015,Property Damage Only,-91.8884364822,42.6792683808
20251506696,20251015,Property Damage Only,-91.8145092713,42.9207504274
20251506709,20251005,Property Damage Only,-91.9015059992,42.5954990158
20251506710,20251010,Property Damage Only,-92.0468040763,42.4492951414
20251506711,20251015,Property Damage Only,-91.7743325461,42.3440294773
20251506712,20251015,Property Damage Only,-91.8420542931,42.4548031898
20251506713,20251015,Property Damage Only,-91.6957987103,42.4490354831
20251506728,20251015,Property Damage Only,-91.8870931787,42.6793093691
20251506735,20251013,Property Damage Only,-91.6589441317,41.8272994657
20251506785,20251016,Property Damage Only,-92.1141962597,43.4435931053
20251506806,20251016,Property Damage Only,-91.3493500495,41.4056564058
20251506809,20251017,Property Damage Only,-93.6219093325,42.0720680273
20251506812,20251016,Property Damage Only,-91.438012243,40.4439346907
20251506824,20251016,Property Damage Only,-92.006462643,41.7672793023
20251506825,20251015,Property Damage Only,-92.02435367,41.5539566117
20251506827,20251016,Property Damage Only,-90.6821332548,42.5532436808
20251506828,20251017,Property Damage Only,-90.7149301032,42.459491846
20251506829,20250922,Property Damage Only,-95.2298502673,42.6044024818
20251506837,20251016,Property Damage Only,-92.5771363194,41.9463498963
20251506838,20251017,Property Damage Only,-92.7089124275,42.1961868068
20251506839,20251017,Property Damage Only,-92.7087082219,42.1958170282
20251506851,20251010,Property Damage Only,-91.78391942,41.1113355434
20251506883,20251016,Property Damage Only,-94.6859864116,41.2586415962
20251506884,20251008,Property Damage Only,-91.4490154566,40.6848144908
20251506930,20251017,Property Damage Only,-91.5517434282,41.8408495411
20251506931,20251017,Property Damage Only,-91.5570523701,40.8940965168
20251506951,20251017,Property Damage Only,-91.5735893883,41.6399391105
20251506961,20251017,Property Damage Only,-90.7284001201,42.0005906848
20251506966,20251017,Property Damage Only,-91.3239188873,42.7739049512
20251506975,20251017,Property Damage Only,-91.7930285206,42.1800293377
20251506977,20251017,Property Damage Only,-91.4530943949,42.5146212657
20251506985,20251017,Property Damage Only,-91.2587701012,41.3789659718
20251506989,20251014,Property Damage Only,-93.1618492452,41.3235065327
20251506990,20251015,Property Damage Only,-92.9541887923,41.2021046357
20251506997,20251017,Suspected Minor Injury Crash,-94.4123561101,42.0115913037
20251507010,20251018,Property Damage Only,-92.5749858848,42.9790323305
20251507011,20251018,Property Damage Only,-93.5141284966,42.6335269981
20251507044,20251017,Property Damage Only,-96.0701987168,41.8183865212
20251507045,20251017,Property Damage Only,-90.4384435616,42.0551814683
20251507048,20251016,Property Damage Only,-92.4291357013,42.5612128277
20251507060,20251016,Property Damage Only,-96.5177681233,42.63262532
20251507065,20251018,Property Damage Only,-95.1755954224,43.1839665008
20251507075,20251019,Property Damage Only,-92.6725315884,43.116355108
20251507076,20251018,Possible/Unknown Injury Crash,-90.6795898521,42.2668312777
20251507079,20251018,Property Damage Only,-91.7773076747,41.9755812081
20251507080,20251018,Property Damage Only,-91.4700517565,42.0172709525
20251507094,20251018,Property Damage Only,-92.0656349959,41.7412324176
20251507095,20251018,Property Damage Only,-92.0064546011,41.7693598214
20251507102,20251019,Property Damage Only,-91.3981402691,41.1761100467
20251507149,20251017,Property Damage Only,-94.145548976,42.4492361082
20251507163,20251019,Property Damage Only,-91.1766830621,41.4146410844
20251507173,20251017,Property Damage Only,-93.3560985932,43.1337210528
20251507178,20251019,Property Damage Only,-91.6551944649,41.8206177075
20251507179,20251019,Property Damage Only,-93.3208394095,42.9129226236
20251507187,20251019,Property Damage Only,-90.8813933602,42.4409610687
20251507194,20251019,Property Damage Only,-94.1782209155,42.5909604898
20251507196,20251019,Property Damage Only,-93.4845548836,41.5985173947
20251507219,20251019,Property Damage Only,-90.6882635225,42.534997034
20251507220,20251020,Property Damage Only,-90.6827111654,42.2961263187
20251507223,20251017,Property Damage Only,-93.565636629,42.0078542073
20251507224,20251018,Property Damage Only,-93.67865778,41.8918931013
20251507225,20251019,Property Damage Only,-93.5814669975,42.0752792285
20251507226,20251020,Property Damage Only,-93.5712308771,41.8933243645
20251507228,20251010,Property Damage Only,-91.4927133943,43.2844837616
20251507237,20251016,Property Damage Only,-91.5205746762,42.4694666881
20251507238,20251019,Property Damage Only,-91.2317905055,42.4706246331
20251507248,20251019,Property Damage Only,-92.3704734315,41.0103694128
20251507250,20251020,Property Damage Only,-94.161504657,41.4095544016
20251507251,20251020,Property Damage Only,-93.5620881455,41.4785559919
20251507257,20251019,Property Damage Only,-91.2067307345,41.6587579373
20251507265,20251019,Property Damage Only,-93.6774773387,41.7571932793
20251507267,20251018,Property Damage Only,-93.7958222597,42.2632156085
20251507279,20251020,Property Damage Only,-92.2986463348,42.370959828
20251507330,20251018,Property Damage Only,-91.7127707366,42.1185990565
20251507331,20251020,Property Damage Only,-91.4916080286,41.861276831
20251507333,20250930,Property Damage Only,-96.5087268683,43.3902826317
20251507336,20251010,Property Damage Only,-96.4554784326,43.5004158485
20251507340,20251013,Property Damage Only,-91.1969380812,41.2474635881
20251507341,20251016,Property Damage Only,-91.2868585277,41.2773450953
20251507342,20251019,Property Damage Only,-91.2631721457,41.0923025267
20251507347,20251017,Property Damage Only,-91.6518867006,42.8489810931
20251507350,20251019,Property Damage Only,-91.3803211781,40.6349743818
20251507352,20251019,Property Damage Only,-91.335523977,40.6704060838
20251507358,20251018,Property Damage Only,-92.269531216,43.3709268417
20251507359,20251019,Property Damage Only,-92.2988377408,43.2783635438
20251507378,20250906,Property Damage Only,-92.7967389881,42.4630659436
20251507389,20251021,Property Damage Only,-90.6175019633,41.5502771876
20251507396,20251020,Property Damage Only,-91.0889286084,42.7442888821
20251507399,20251017,Property Damage Only,-91.3393903132,42.455646228
20251507409,20251020,Property Damage Only,-91.1554634621,40.7517317471
20251507410,20251020,Property Damage Only,-91.2871570381,40.846291673
20251507420,20251019,Possible/Unknown Injury Crash,-92.8303920662,40.8294273505
20251507421,20251020,Property Damage Only,-92.9741284705,40.8121806944
20251507423,20251021,Property Damage Only,-91.5502320972,42.1230726411
20251507424,20251021,Property Damage Only,-94.041657135,41.2204985266
20251507429,20251020,Property Damage Only,-91.5754020082,41.7053243384
20251507431,20251017,Property Damage Only,-93.5767200673,41.7220033464
20251507435,20251020,Property Damage Only,-90.5686244494,41.7295951231
20251507436,20251020,Property Damage Only,-90.5688157336,41.7356783254
20251507441,20251020,Property Damage Only,-91.0225207137,42.3057163035
20251507442,20251021,Property Damage Only,-91.077320999,42.7324599533
20251507443,20251021,Property Damage Only,-91.0773207209,42.7324689538
20251507444,20251020,Property Damage Only,-95.0750373633,41.3181173736
20251507453,20251020,Property Damage Only,-96.4083129735,42.5368086388
20251507459,20251019,Property Damage Only,-92.3961752984,43.0661357153
20251507460,20251020,Property Damage Only,-93.3216921647,40.7961684104
20251507461,20251021,Property Damage Only,-93.7809064615,41.3940406947
20251507469,20251016,Property Damage Only,-91.3335557183,40.6292282118
20251507474,20251016,Property Damage Only,-93.6184525199,42.0010880359
20251507475,20251018,Property Damage Only,-93.5713395003,42.0122301935
20251507479,20251020,Property Damage Only,-92.3980606829,40.9374241711
20251507485,20251020,Property Damage Only,-94.0694158746,41.6011577971
20251507496,20251013,Property Damage Only,-91.6573653601,41.8244799473
20251507504,20251014,Property Damage Only,-91.1853540664,42.2078865904
20251507505,20251016,Property Damage Only,-95.9412709118,43.1861381467
20251507523,20251018,Property Damage Only,-91.4334137034,41.1907190883
20251507524,20251019,Property Damage Only,-91.6508192235,41.8128026399
20251507527,20251016,Property Damage Only,-91.4326432325,40.4405558591
20251507529,20251021,Property Damage Only,-91.5305347425,40.590014184
20251507530,20251020,Property Damage Only,-93.1232129915,43.2687941301
20251507534,20251017,Property Damage Only,-92.5241248463,42.6936155165
20251507535,20251001,Property Damage Only,-91.3655529708,40.6756455531
20251507539,20251012,Property Damage Only,-92.5167126366,42.693854649
20251507544,20251020,Property Damage Only,-93.2712262972,41.6012902593
20251507582,20251020,Property Damage Only,-92.854015657,40.7325633966
20251507602,20251016,Property Damage Only,-92.4655123812,42.4611714367
20251507611,20251021,Property Damage Only,-95.2919496973,41.2322814741
20251507620,20251020,Property Damage Only,-90.4913263484,41.611599845
20251507632,20251015,Property Damage Only,-91.6047660496,41.7085848588
20251507638,20251022,Property Damage Only,-91.3003227532,41.662972532
20251507648,20251021,Property Damage Only,-91.3818395665,40.6328156737
20251507651,20251022,Property Damage Only,-90.6854812988,42.4721744414
20251507658,20251021,Property Damage Only,-93.7811369098,41.3653231055
20251507661,20251022,Property Damage Only,-94.3004182648,42.4184048099
20251507673,20251021,Property Damage Only,-92.5361937924,41.0082637423
20251507676,20251021,Property Damage Only,-90.7139687127,42.4183903756
20251507677,20251022,Property Damage Only,-90.7970125451,42.6014013813
20251507684,20251022,Property Damage Only,-91.4929836908,40.4565558927
20251507688,20251012,Property Damage Only,-92.842233521,42.0529926093
20251507689,20251019,Property Damage Only,-92.7855509692,42.0365357222
20251507690,20251020,Property Damage Only,-92.8443645023,42.0067555461
20251507696,20251015,Property Damage Only,-91.8726614313,42.1674023236
20251507697,20251015,Property Damage Only,-91.9819033942,42.2650242047
20251507705,20251021,Property Damage Only,-91.8286263626,41.5404919406
20251507731,20251016,Property Damage Only,-91.9900706579,42.094139886
20251507735,20251022,Property Damage Only,-92.5045045555,42.693838512
20251507740,20251007,Property Damage Only,-91.8258655334,42.5271075547
20251507742,20251019,Property Damage Only,-92.0555606729,42.4508445894
20251507773,20251022,Property Damage Only,-92.3989306454,40.8190318621
20251507787,20251022,Property Damage Only,-91.5256551665,41.6690297942
20251507791,20251022,Property Damage Only,-96.1166948534,42.0471293696
20251507792,20251022,Property Damage Only,-94.2427038288,42.2436633209
20251507793,20251022,Property Damage Only,-95.3222925134,42.0167049967
20251507795,20251022,Property Damage Only,-90.6360179098,42.0036776322
20251507796,20251022,Property Damage Only,-91.5355434761,41.926350197
20251507797,20251022,Property Damage Only,-91.554040835,41.9617278155
20251507814,20251022,Property Damage Only,-96.2929997791,42.5870885186
20251507819,20251022,Property Damage Only,-94.4264133243,42.0115975781
20251507820,20251023,Property Damage Only,-91.4114605778,40.9113064425
20251507828,20251022,Property Damage Only,-92.8991998149,41.306947892
20251507837,20251020,Property Damage Only,-92.9655709381,42.0074593342
20251507839,20251023,Property Damage Only,-93.3547203278,43.1887988406
20251507844,20251022,Property Damage Only,-92.8307233136,40.8996576798
20251507845,20251023,Property Damage Only,-93.9825137079,42.3105451311
20251507846,20251022,Property Damage Only,-90.9591086717,42.1619899599
20251507851,20251023,Property Damage Only,-93.3939262378,42.0079504421
20251507852,20251023,Property Damage Only,-92.6498237804,43.0287235948
20251507853,20251022,Property Damage Only,-93.7282260258,41.7644937089
20251507854,20251007,Property Damage Only,-95.2496250808,42.6037995993
20251507874,20251022,Property Damage Only,-93.8543691918,41.5622626197
20251507885,20251021,Property Damage Only,-91.8901138803,42.4494429185
20251507887,20251023,Property Damage Only,-93.6168579511,42.8380473554
20251507897,20251023,Property Damage Only,-95.8839965484,42.4827272173
20251507899,20251019,Property Damage Only,-93.0580294527,41.7316503852
20251507902,20251021,Property Damage Only,-92.1940336248,41.8115941286
20251507916,20251021,Property Damage Only,-91.7195931093,42.4611373386
20251507921,20251022,Property Damage Only,-91.9671208262,42.4482895539
20251507936,20251022,Property Damage Only,-94.458078697,41.6806670136
20251507937,20251023,Property Damage Only,-93.4418292784,41.0312758698
20251507941,20251021,Property Damage Only,-91.2881349948,40.8470088089
20251507958,20250704,Possible/Unknown Injury Crash,-91.7030329474,41.9200965572
20251507979,20250316,Property Damage Only,-91.6436255233,42.0283159189
20251507982,20251020,Property Damage Only,-94.6612980383,41.4174195277
20251507983,20251022,Property Damage Only,-94.3178987863,41.370840001
20251507984,20251023,Property Damage Only,-92.9268591971,41.3457200271
20251507985,20251023,Property Damage Only,-94.6234917051,40.6483701392
20251507991,20251023,Property Damage Only,-90.7408943433,42.5095448238
20251507996,20251023,Property Damage Only,-91.253370568,41.4153808189
20251507997,20251023,Property Damage Only,-93.2416680382,43.1936319069
20251508005,20251023,Property Damage Only,-91.7166745269,42.1247670364
20251508006,20251023,Property Damage Only,-93.0743857394,41.4941371103
20251508010,20251023,Property Damage Only,-93.7257179566,41.5221363678
20251508017,20251024,Property Damage Only,-91.4362867786,42.0516070282
20251508018,20251024,Property Damage Only,-93.9692922563,42.1071983511
20251508020,20251022,Property Damage Only,-90.8775142362,42.3299596879
20251508046,20251017,Property Damage Only,-91.0360835742,41.6037025299
20251508047,20251019,Property Damage Only,-91.068073807,41.6845027407
20251508056,20251022,Property Damage Only,-93.8159421414,42.4578743106
20251508057,20251019,Property Damage Only,-91.3299226125,40.6853147589
20251508058,20251022,Property Damage Only,-91.4839226774,40.6289944342
20251508059,20251018,Property Damage Only,-92.1410796396,42.7814558936
20251508060,20251022,Property Damage Only,-92.3920561248,42.7149821656
20251508068,20251023,Property Damage Only,-93.7702544818,41.3651532567
20251508069,20251023,Property Damage Only,-93.5583237429,41.4655855906
20251508070,20251024,Property Damage Only,-93.5639484297,41.297674795
20251508078,20251023,Property Damage Only,-92.5339553021,42.7796943132
20251508079,20251024,Property Damage Only,-93.1530761717,41.5618490422
20251508088,20251022,Property Damage Only,-93.6844254131,41.4490062716
20251508091,20251023,Property Damage Only,-91.4145052766,41.176246463
20251508092,20251023,Property Damage Only,-91.3392491237,41.278824567
20251508093,20251024,Property Damage Only,-91.3675684843,42.7460072365
20251508096,20251020,Property Damage Only,-96.0433522455,41.7041902445
20251508118,20251022,Property Damage Only,-93.0835606165,43.2158372656
20251508119,20251024,Property Damage Only,-92.8249698364,42.0069797987
20251508139,20251022,Property Damage Only,-93.7624380877,41.0149357037
20251508164,20251021,Property Damage Only,-94.3492454012,43.2982353443
20251508174,20251024,Property Damage Only,-91.1691143074,40.8761404291
20251508179,20251024,Property Damage Only,-91.5482906779,41.7852350042
20251508181,20251024,Property Damage Only,-92.3388525395,42.6822405301
20251508183,20251019,Property Damage Only,-95.3421413598,42.4453716677
20251508188,20251024,Property Damage Only,-90.4078444248,41.9607268594
20251508191,20251024,Property Damage Only,-91.4653165332,42.0504408795
20251508192,20251022,Property Damage Only,-92.3990002525,40.7981776265
20251508196,20251024,Property Damage Only,-90.9004138113,41.5374830881
20251508199,20251024,Property Damage Only,-92.4092434453,40.8835492535
20251508203,20251024,Property Damage Only,-91.5047337933,41.6828731473
20251508205,20251024,Property Damage Only,-91.5226408771,41.6201197973
20251508211,20251024,Property Damage Only,-93.6773024444,41.7439900665
20251508212,20251024,Property Damage Only,-92.4438694456,43.2988807094
20251508213,20251024,Property Damage Only,-91.5454962024,41.5880043272
20251508217,20251024,Property Damage Only,-93.4694827077,41.6033808004
20251508218,20251024,Property Damage Only,-94.9693158423,43.1265461798
20251508219,20251019,Property Damage Only,-92.4574407409,42.498670001
20251508221,20251024,Property Damage Only,-93.9536572959,40.7283376919
20251508222,20251024,Property Damage Only,-92.2165235382,43.4509401938
20251508228,20251024,Property Damage Only,-95.8774269247,41.3606831481
20251508233,20251024,Property Damage Only,-94.0383393956,41.026211304
20251508237,20251023,Property Damage Only,-91.6029296142,40.7790424961
20251508244,20251025,Property Damage Only,-94.2168471524,41.0457414052
20251508248,20251024,Property Damage Only,-93.5900014666,41.7767976017
20251508266,20251025,Property Damage Only,-91.6122098585,42.0436923938
20251508293,20251023,Property Damage Only,-95.7784203366,43.3335201746
20251508309,20251024,Property Damage Only,-95.1147919562,41.4968184209
20251508326,20251025,Property Damage Only,-94.8154471309,40.7413655669
20251508328,20251024,Property Damage Only,-96.1060769636,42.8079440263
20251508332,20251024,Property Damage Only,-93.6415586078,41.507765511
20251508346,20251023,Property Damage Only,-92.6956365351,40.7472087557
20251508351,20251025,Property Damage Only,-90.424855712,42.0553184768
20251508352,20251025,Property Damage Only,-93.2745100824,43.1482546017
20251508357,20251021,Property Damage Only,-93.7766932099,41.6223962479
20251508359,20251025,Property Damage Only,-95.2175424786,41.3178277884
20251508360,20251025,Property Damage Only,-92.2773488902,41.6954001112
20251508363,20251024,Property Damage Only,-91.5465340695,41.9463761204
20251508364,20251025,Property Damage Only,-91.6072020627,41.9259990413
20251508368,20251025,Property Damage Only,-93.8520618329,42.0307723334
20251508374,20251026,Property Damage Only,-93.7763388347,41.5557812847
20251508377,20251025,Property Damage Only,-91.5425323794,40.9190551339
20251508378,20251025,Property Damage Only,-93.7314440109,41.5218749074
20251508396,20251026,Property Damage Only,-93.3952627602,41.5290702827
20251508405,20251025,Possible/Unknown Injury Crash,-95.0320453252,41.4971398557
20251508410,20251024,Property Damage Only,-91.4875263619,41.8642313234
20251508411,20251026,Property Damage Only,-91.5294175879,42.228899492
20251508432,20251020,Property Damage Only,-91.1963501044,41.2376004269
20251508433,20251024,Property Damage Only,-91.3793592439,41.2627778013
20251508435,20251026,Property Damage Only,-91.1557368973,43.3126456609
20251508450,20251025,Property Damage Only,-93.7601161574,41.3672743944
20251508457,20251026,Property Damage Only,-94.4695376692,41.8492164961
20251508459,20251026,Property Damage Only,-92.4271330524,41.9643973329
20251508460,20251025,Property Damage Only,-91.0872867294,41.5105896653
20251508465,20251026,Property Damage Only,-93.1232315047,43.2107497459
20251508472,20251026,Property Damage Only,-92.3402210577,43.0671235059
20251508473,20251026,Property Damage Only,-90.3436630674,41.6585526033
20251508475,20251026,Property Damage Only,-93.4364703582,42.0079046389
20251508484,20251024,Property Damage Only,-92.7227254757,42.5704225649
20251508485,20251026,Property Damage Only,-92.9663719449,42.7286040252
20251508486,20251026,Property Damage Only,-91.6289003071,40.9673703131
20251508487,20251026,Property Damage Only,-91.6235941337,40.9670818783
20251508488,20251026,Property Damage Only,-91.4265496012,40.9249350902
20251508492,20251027,Property Damage Only,-95.4511980788,41.4966673387
20251508493,20251027,Property Damage Only,-95.9013605613,41.2314812493
20251508494,20251027,Property Damage Only,-91.7380920761,42.1404142828
20251508495,20251027,Property Damage Only,-91.5441298293,41.0608857916
20251508500,20251026,Property Damage Only,-94.9952185009,41.1447094526
20251508514,20251026,Property Damage Only,-91.5908346268,41.691554071
20251508518,20251025,Property Damage Only,-90.7701895062,42.4633633614
20251508519,20251025,Property Damage Only,-90.7868126681,42.4420458512
20251508521,20251025,Property Damage Only,-90.8502630978,42.4112396867
20251508522,20251025,Property Damage Only,-90.6937489059,42.4013702899
20251508524,20251024,Property Damage Only,-93.7797483993,41.2940372616
20251508533,20251027,Property Damage Only,-92.5646614363,41.98005137
20251508546,20251025,Property Damage Only,-93.3793982846,42.9803452725
20251508547,20251025,Property Damage Only,-93.6214069432,41.439140462
20251508548,20251027,Property Damage Only,-93.3334966943,41.4382546028
20251508550,20251025,Property Damage Only,-91.5000127353,43.2693261742
20251508553,20251025,Property Damage Only,-93.5709888999,41.9865270416
20251508555,20251027,Property Damage Only,-93.463364333,41.9230102443
20251508556,20251025,Property Damage Only,-91.2728618416,40.6605494396
20251508557,20251025,Property Damage Only,-91.2991951453,40.670723288
20251508558,20251026,Property Damage Only,-91.3612563661,40.664117204
20251508559,20251026,Property Damage Only,-91.4996120083,40.631667661
20251508560,20251022,Property Damage Only,-93.6497632272,42.0058957242
20251508569,20251027,Property Damage Only,-95.4721365762,42.748711621
20251508570,20251025,Property Damage Only,-95.400633596,41.0305436321
20251508571,20251027,Property Damage Only,-91.0007816805,41.4717577788
20251508572,20251024,Property Damage Only,-91.7135237412,43.2394567525
20251508574,20251017,Property Damage Only,-91.2467040214,42.4706196589
20251508577,20251024,Property Damage Only,-96.2761092146,42.4751334717
20251508578,20251023,Property Damage Only,-93.1036577127,41.6991746596
20251508579,20251025,Property Damage Only,-92.7920500912,41.7282523396
20251508580,20251023,Property Damage Only,-92.8034385215,41.5774827211
20251508584,20251013,Property Damage Only,-93.8493780346,41.5575167547
20251508591,20251026,Property Damage Only,-94.2613364913,41.6883721346
20251508592,20251025,Property Damage Only,-93.4770606688,42.6411260081
20251508593,20251025,Property Damage Only,-94.1730288569,42.4451847228
20251508594,20251022,Property Damage Only,-92.5016806942,42.7156826801
20251508595,20251024,Property Damage Only,-93.8503156868,42.0348111939
20251508600,20251025,Property Damage Only,-93.2217229727,42.7649926435
20251508601,20251027,Property Damage Only,-94.0132104182,41.4229988951
20251508604,20251025,Property Damage Only,-93.9544474138,41.5491625511
20251508606,20251026,Property Damage Only,-94.1233139794,41.510148858
20251508607,20251026,Property Damage Only,-91.5675909971,41.6337488178
20251508625,20251025,Property Damage Only,-92.6471022678,41.2562957957
20251508626,20251027,Property Damage Only,-93.0068144607,41.7000498622
20251508628,20251024,Property Damage Only,-94.9366363046,41.6668876422
20251508629,20251024,Property Damage Only,-91.5512124574,41.503986883
20251508645,20251027,Property Damage Only,-91.4534135821,41.9173114299
20251508647,20251027,Property Damage Only,-93.3637659871,42.4480342944
20251508652,20251022,Property Damage Only,-92.2934871383,41.9026232759
20251508659,20251026,Property Damage Only,-91.8048991764,42.790849997
20251508673,20251027,Property Damage Only,-92.5473667097,42.89027952
20251508676,20251024,Property Damage Only,-95.6534623575,40.7777726766
20251508677,20251026,Property Damage Only,-92.5383384755,42.8380128295
20251508698,20251023,Property Damage Only,-92.6921204582,43.0706284059
20251508705,20251027,Property Damage Only,-92.6958289852,40.7803518668
20251508713,20251023,Property Damage Only,-91.5293599516,42.2386882835
20251508734,20251027,Property Damage Only,-91.7947218443,42.1061239236
20251508740,20251027,Property Damage Only,-92.3544680385,41.3598853937
20251508743,20251027,Property Damage Only,-94.3443648298,42.5347286507
20251508744,20251027,Property Damage Only,-90.5675104614,41.8255854924
20251508751,20251027,Property Damage Only,-93.9310176207,42.0347973638
20251508754,20251027,Property Damage Only,-90.5678047568,41.7828219534
20251508758,20251027,Property Damage Only,-93.1359726266,43.0828663418
20251508760,20251027,Property Damage Only,-91.1728440585,41.0444354449
20251508762,20251027,Property Damage Only,-94.3409832444,42.0345580741
20251508767,20251027,Property Damage Only,-91.3327094777,41.4846425271
20251508768,20251028,Property Damage Only,-90.5678387768,41.8582392363
20251508771,20251028,Property Damage Only,-91.2789358711,42.7390450203
20251508779,20251024,Property Damage Only,-93.6565246622,42.0069740694
20251508783,20251025,Property Damage Only,-92.9624217465,41.4042598373
20251508804,20251018,Property Damage Only,-93.6207363061,42.076982918
20251508805,20251028,Property Damage Only,-93.5686732029,42.1492862544
20251508808,20251027,Property Damage Only,-92.8031069549,41.0599429095
20251508809,20251025,Property Damage Only,-95.9902040495,42.57684941
20251508813,20251027,Property Damage Only,-91.0251547242,42.0559575032
20251508815,20251027,Property Damage Only,-93.7889554981,42.4492555029
20251508817,20251028,Property Damage Only,-92.9999037527,41.7668466232
20251508820,20251027,Property Damage Only,-92.2259798848,40.9344606617
20251508827,20251027,Property Damage Only,-91.9819416659,43.2938470112
20251508833,20251027,Property Damage Only,-93.3490278964,43.2394049869
20251508838,20251025,Property Damage Only,-95.0925049514,42.8510308023
20251508839,20251026,Property Damage Only,-95.1511940048,42.7548689151
20251508841,20251027,Property Damage Only,-92.0427446644,42.8833630446
20251508845,20251027,Property Damage Only,-90.2045119228,41.8593580748
20251508857,20251028,Property Damage Only,-93.3596532395,41.5685583121
20251508859,20251027,Property Damage Only,-91.5137424345,42.4836882487
20251508865,20251027,Property Damage Only,-93.1599719244,41.5666675946
20251508892,20251021,Property Damage Only,-92.7982631398,42.00906154
20251508893,20251022,Property Damage Only,-92.7853909816,41.9439557971
20251508898,20251027,Property Damage Only,-91.5535098733,41.0026424828
20251508901,20251028,Property Damage Only,-90.8701397459,41.4521371268
20251508903,20251016,Property Damage Only,-95.0130964376,42.3486115269
20251508906,20251027,Property Damage Only,-92.858348268,42.0068637201
20251508907,20251025,Property Damage Only,-92.3926986532,41.6960495544
20251508915,20251024,Property Damage Only,-94.2365413603,43.0947348486
20251508925,20251020,Property Damage Only,-92.4454555589,42.6180829281
20251508926,20251021,Property Damage Only,-93.3487084062,43.2438542822
20251508927,20251028,Property Damage Only,-93.2218258813,43.1044790531
20251508935,20251028,Property Damage Only,-91.1531482159,40.7386602255
20251508938,20251028,Property Damage Only,-91.1707863786,40.8261646647
20251508941,20251028,Property Damage Only,-91.3259000283,43.3572777754
20251508960,20251028,Property Damage Only,-91.0382143249,41.5872387057
20251508963,20251028,Property Damage Only,-93.912201663,41.8024052186
20251508964,20251027,Property Damage Only,-95.6443456376,41.6498952646
20251508977,20251028,Property Damage Only,-91.5294428328,42.2158050557
20251508978,20251023,Property Damage Only,-92.2564916082,42.9503913033
20251508985,20251028,Property Damage Only,-91.7558619353,41.9388654138
20251508987,20251028,Property Damage Only,-92.5442154575,42.9373462321
20251509003,20251024,Property Damage Only,-91.2180891598,43.0170967195
20251509004,20251026,Property Damage Only,-93.3010345066,41.370958357
20251509007,20251026,Property Damage Only,-92.9852931576,41.3660366322
20251509008,20251027,Property Damage Only,-93.1907559501,41.3856422464
20251509009,20251027,Property Damage Only,-92.914605176,41.2191070325
20251509010,20251027,Property Damage Only,-93.0154347163,41.4103090379
20251509013,20251028,Property Damage Only,-90.568292334,41.666031361
20251509023,20251015,Property Damage Only,-94.1058471482,42.1171763841
20251509029,20251021,Property Damage Only,-92.3119643945,42.4537422399
20251509030,20251027,Property Damage Only,-90.6832054942,42.2962083557
20251509031,20251028,Property Damage Only,-90.6887807755,42.5444088776
20251509032,20251029,Property Damage Only,-90.7140909878,42.5269514632
20251509041,20251013,Property Damage Only,-90.6292123415,42.0626873342
20251509042,20251028,Property Damage Only,-91.4228361416,40.6040969565
20251509043,20251024,Property Damage Only,-92.3399439301,40.7477586082
20251509045,20251027,Property Damage Only,-91.0743168044,42.6293182262
20251509046,20251027,Property Damage Only,-90.6917692359,42.5462611737
20251509047,20251028,Property Damage Only,-90.9699474558,42.6437070284
20251509052,20251024,Property Damage Only,-95.9101829047,41.5117195884
20251509057,20251028,Property Damage Only,-92.4570045284,42.7146150643
20251509076,20251027,Property Damage Only,-94.2655019405,41.8344705286
20251509083,20251029,Property Damage Only,-93.0237610412,43.0866366877
20251509084,20251025,Property Damage Only,-92.3714350194,41.0105458154
20251509094,20251010,Property Damage Only,-96.4319388346,43.5003693608
20251509097,20251025,Property Damage Only,-96.1062516181,43.432818058
20251509099,20251028,Suspected Minor Injury Crash,-91.0883672483,41.4253485229
20251509100,20251025,Property Damage Only,-96.179105723,43.2856920481
20251509111,20251029,Possible/Unknown Injury Crash,-90.5671534774,41.7211071864
20251509129,20251021,Property Damage Only,-91.6387918163,41.6949963746
20251509131,20251027,Property Damage Only,-93.6387347462,42.4491103539
20251509144,20251024,Property Damage Only,-91.7520048253,42.0209175269
20251509145,20251024,Property Damage Only,-91.3764985945,41.6676587366
20251509149,20251026,Property Damage Only,-91.5500772941,42.0805073327
20251509155,20251029,Property Damage Only,-93.260668636,43.1295028237
20251509162,20251024,Property Damage Only,-91.594674803,41.6923396623
20251509164,20251025,Property Damage Only,-91.675291443,41.6942340586
20251509165,20251025,Property Damage Only,-91.6751713016,41.6942326735
20251509166,20251026,Property Damage Only,-91.8405993393,42.211393189
20251509169,20251024,Property Damage Only,-90.7101669041,42.1642958128
20251509170,20251027,Property Damage Only,-92.4609682595,42.6530988176
20251509175,20251028,Property Damage Only,-91.7522480572,41.9485082068
20251509179,20251026,Property Damage Only,-92.4697671037,42.5277084365
20251509180,20251029,Property Damage Only,-90.2235106007,41.8445815985
20251509197,20251029,Property Damage Only,-96.6437001508,40.2330912513
20251509199,20251028,Property Damage Only,-91.3856788581,41.6708954094
20251509206,20251029,Property Damage Only,-93.8436906677,41.0214769509
20251509210,20251029,Property Damage Only,-93.9544334066,41.4020818674
20251509223,20251029,Property Damage Only,-90.6802382137,41.7571302868
20251509224,20251029,Property Damage Only,-90.7133473802,42.5303135722
20251509227,20251029,Property Damage Only,-94.4416293974,41.6805953505
20251509233,20251029,Property Damage Only,-91.8294474768,42.1559458853
20251509235,20251023,Property Damage Only,-95.6891259481,41.0304834442
20251509255,20251029,Property Damage Only,-91.0131567979,41.4618035663
20251509256,20251027,Property Damage Only,-91.7008413778,42.0701098723
20251509257,20251030,Property Damage Only,-91.0358128693,41.6252778143
20251509258,20251029,Property Damage Only,-90.9966428242,41.5877284792
20251509265,20251027,Property Damage Only,-93.3397237455,43.1475122548
20251509266,20251029,Property Damage Only,-93.5585437621,41.3948935857
20251509270,20251029,Property Damage Only,-94.7574960397,41.3181906031
20251509274,20251029,Property Damage Only,-91.3853031418,40.6318732556
20251509275,20251029,Property Damage Only,-91.3575829461,42.0853883992
20251509281,20251030,Property Damage Only,-91.529308422,42.6245735678
20251509283,20251030,Possible/Unknown Injury Crash,-91.5360071697,41.2999065479
20251509290,20251030,Property Damage Only,-96.3228044878,42.4861240436
20251509294,20251026,Property Damage Only,-95.7375961246,41.498893894
20251509298,20251028,Property Damage Only,-95.6365601826,41.4985902107
20251509300,20251028,Property Damage Only,-95.6597931552,41.4014711621
20251509306,20251030,Property Damage Only,-91.6985537147,40.9570439126
20251509312,20251027,Property Damage Only,-91.4229082699,42.9353671986
20251509317,20251029,Property Damage Only,-93.6003747065,41.7549739917
20251509321,20251029,Property Damage Only,-92.7868127391,40.7832043364
20251509325,20251020,Property Damage Only,-92.120181038,42.6132189287
20251509328,20251030,Property Damage Only,-91.5687557316,42.5836390687
20251509330,20251025,Property Damage Only,-91.8969711579,42.24954079
20251509332,20251029,Property Damage Only,-91.9756656802,42.6421955427
20251509333,20251030,Property Damage Only,-92.4902723069,41.9644248252
20251509335,20251030,Property Damage Only,-95.3236652396,42.1047179146
20251509338,20251023,Property Damage Only,-91.3455832868,41.2629908507
20251509340,20251029,Property Damage Only,-92.0725363439,42.8474793644
20251509341,20251030,Property Damage Only,-93.9061929592,40.7324856549
20251509345,20251019,Property Damage Only,-91.61731547,42.3766006078
20251509357,20251029,Property Damage Only,-90.766230952,42.468995617
20251509362,20251030,Property Damage Only,-90.5343985267,41.6987218204
20251509373,20251029,Property Damage Only,-93.6785482857,42.0021535577
20251509376,20251027,Property Damage Only,-91.9004365327,41.7672231151
20251509380,20251029,Property Damage Only,-92.9641357565,40.6088157976
20251509382,20251022,Property Damage Only,-91.9339632579,40.986755577
20251509395,20251031,Property Damage Only,-90.5222126482,41.5630866859
20251509396,20251030,Property Damage Only,-93.3000208488,42.3024917311
20251509397,20251016,Property Damage Only,-91.5094593216,43.4117007342
20251509405,20251030,Property Damage Only,-91.0799728446,42.7047056374
20251509407,20251023,Property Damage Only,-91.2592430135,40.8332446649
20251509410,20251030,Property Damage Only,-91.1314753443,41.0078769468
20251509412,20251030,Property Damage Only,-93.559754303,41.5093727165
20251509414,20251025,Property Damage Only,-92.5213407027,41.3097350411
20251509416,20251030,Property Damage Only,-94.8794400575,41.9929141478
20251509418,20251030,Property Damage Only,-93.6988407029,41.5137728832
20251509424,20251030,Property Damage Only,-91.5504284421,41.4090595373
20251509425,20251030,Suspected Minor Injury Crash,-93.657172819,41.1415432907
20251509426,20251030,Property Damage Only,-92.7322564546,42.9529070766
20251509427,20251030,Property Damage Only,-90.8635870068,41.4551859398
20251509428,20251030,Property Damage Only,-91.2029189568,41.4546667656
20251509431,20251030,Property Damage Only,-91.5235161556,41.9259619723
20251509432,20251030,Property Damage Only,-91.5492291956,42.1744219857
20251509434,20251030,Property Damage Only,-91.5345864376,42.1919328028
20251509438,20251030,Property Damage Only,-96.1040597761,41.9245499873
20251509453,20251031,Property Damage Only,-91.6888012922,42.0478263615
20251509455,20251030,Property Damage Only,-94.1780757451,42.5184936975
20251509482,20251031,Property Damage Only,-93.090128181,43.1190574214
20251509487,20251028,Property Damage Only,-90.6282253995,42.4189978932
20251509489,20251031,Property Damage Only,-90.690518634,42.5583749201
20251509490,20251030,Property Damage Only,-93.6055795886,41.3073177355
20251509492,20251030,Property Damage Only,-93.6914427261,41.4356422703
20251509501,20251023,Property Damage Only,-91.310240098,43.1729158621
20251509505,20251030,Property Damage Only,-95.8022108232,42.4822902813
20251509506,20251030,Property Damage Only,-95.0073616889,42.4532572565
20251509509,20251030,Property Damage Only,-93.8215180807,41.2533562694
20251509516,20251029,Property Damage Only,-92.6749026428,41.294849909
20251509531,20251031,Property Damage Only,-93.148831699,42.3608772265
20251509532,20251030,Property Damage Only,-91.7607383561,42.6870173363
20251509535,20251031,Property Damage Only,-93.6004393231,41.6430516344
20251509556,20251030,Suspected Minor Injury Crash,-95.1516278234,42.6313294309
20251509572,20251020,Property Damage Only,-92.7421653184,43.1046016923
20251509574,20251022,Property Damage Only,-91.1325677349,41.7256574017
20251509577,20251025,Property Damage Only,-91.364412778,41.7582748035
20251509578,20251026,Property Damage Only,-90.9846202853,41.875778582
20251509579,20251026,Property Damage Only,-91.2493770392,41.7146444619
20251509580,20251028,Property Damage Only,-91.1518166442,41.9286130055
20251509581,20251030,Property Damage Only,-91.0836544192,41.6530064299
20251509593,20251031,Property Damage Only,-93.4189705448,42.9396931568
20251509599,20251013,Property Damage Only,-92.8524854617,41.694839335
20251509601,20251031,Property Damage Only,-93.43818468,40.9336225621
20251509604,20251101,Property Damage Only,-93.2967307631,41.8191722952
20251509605,20251031,Property Damage Only,-91.3601722682,41.9151167795
20251509609,20251022,Property Damage Only,-91.4174011698,41.807130428
20251509614,20251009,Property Damage Only,-93.1011896574,41.6810904946
20251509615,20251011,Suspected Minor Injury Crash,-93.6206852488,41.6493932211
20251509618,20251018,Property Damage Only,-93.2239974414,41.8687940694
20251509620,20251025,Property Damage Only,-93.5762783932,41.7452256964
20251509623,20251028,Property Damage Only,-94.0381801489,41.5337282417
20251509625,20251021,Property Damage Only,-93.509290673,41.8776557049
20251509630,20251027,Property Damage Only,-93.3405266483,41.7858151289
20251509633,20251031,Property Damage Only,-90.1921462539,42.0440668125
20251509636,20251031,Property Damage Only,-95.406389119,42.8653378609
20251509637,20251031,Property Damage Only,-92.4985337289,41.7460809515
20251509643,20251031,Property Damage Only,-91.6042108524,41.0617464006
20251509647,20251031,Property Damage Only,-91.7000350864,42.0580863029
20251509648,20251024,Property Damage Only,-92.180123415,42.5002726991
20251509653,20251031,Property Damage Only,-95.8967656439,41.586366907
20251509654,20251030,Property Damage Only,-93.7672916566,41.5228573043
20251509661,20251101,Property Damage Only,-92.3558247997,41.5432488282
20251509665,20251031,Property Damage Only,-94.4211844311,42.0116084095
20251509668,20251101,Property Damage Only,-93.210898094,43.3252871131
20251509669,20251101,Property Damage Only,-93.5167205842,41.5406855668
20251509671,20251101,Property Damage Only,-91.5447910456,41.5536877764
20251509678,20251031,Property Damage Only,-95.4035627966,41.2045512497
20251509679,20251101,Property Damage Only,-92.6585650176,41.7460554565
20251509685,20251030,Property Damage Only,-90.5404763286,41.7183324601
20251509688,20251031,Property Damage Only,-93.205780359,43.1865072598
20251509689,20251031,Property Damage Only,-93.2026630106,43.1815962055
20251509692,20251022,Property Damage Only,-91.5868671477,41.751994931
20251509727,20251101,Property Damage Only,-93.5881518531,41.5038265672
20251509738,20251101,Property Damage Only,-93.8193575384,41.6292337224
20251509751,20251031,Property Damage Only,-95.6516754934,42.4746182521
20251509753,20251031,Property Damage Only,-91.5376936558,41.2655737262
20251509754,20251031,Property Damage Only,-91.5376936558,41.2655737262
20251509760,20251101,Property Damage Only,-92.2674658704,43.0596210349
20251509761,20251030,Property Damage Only,-91.404067892,42.8410037337
20251509768,20251101,Property Damage Only,-93.7862748029,41.1929259745
20251509786,20251031,Property Damage Only,-90.9735183245,41.4639309684
20251509787,20251101,Property Damage Only,-90.7655505991,41.5240966514
20251509794,20251031,Property Damage Only,-91.5651291215,40.8559672504
20251509795,20251101,Property Damage Only,-95.5945378498,40.9636688881
20251509801,20251101,Possible/Unknown Injury Crash,-92.6683349936,40.7254047165
20251509807,20251031,Property Damage Only,-91.6188430045,42.1323129478
20251509808,20251031,Property Damage Only,-91.4357200268,41.9056065038
20251509810,20251013,Property Damage Only,-92.2982590889,43.2021174678
20251509811,20251028,Property Damage Only,-92.207887849,43.0667162563
20251509813,20251031,Property Damage Only,-94.4175521857,41.6729148261
20251509818,20251030,Property Damage Only,-93.5119139835,41.5666391561
20251509823,20251101,Property Damage Only,-95.5320174498,42.7616121422
20251509828,20251101,Property Damage Only,-96.1304736094,42.8587837509
20251509830,20251101,Property Damage Only,-91.8653201744,41.7821662088
20251509831,20251101,Property Damage Only,-92.0658519136,41.6124335769
20251509833,20251101,Property Damage Only,-92.6456539835,41.2636507271
20251509843,20251031,Property Damage Only,-93.6001793472,41.7611177807
20251509852,20251029,Property Damage Only,-93.8502008553,41.5791190095
20251509872,20251031,Property Damage Only,-94.855376813,42.644031738
20251509874,20251102,Property Damage Only,-92.2393895468,41.4814498517
20251509882,20251101,Property Damage Only,-93.3505894629,42.9330250399
20251509887,20251029,Property Damage Only,-91.2770032538,43.0083999634
20251509888,20251101,Property Damage Only,-92.7239751466,43.0994984942
20251509890,20251101,Property Damage Only,-93.0775545177,41.689602627
20251509891,20251102,Property Damage Only,-92.9999038821,41.6801262364
20251509900,20251028,Property Damage Only,-90.5053333867,41.6018898725
20251509905,20251102,Property Damage Only,-92.3545338138,41.3810535858
20251509916,20251101,Property Damage Only,-90.506571477,41.5977828682
20251509917,20251101,Property Damage Only,-90.5704677531,41.5947386056
20251509919,20251029,Property Damage Only,-92.7181131134,43.0459856878
20251509920,20251030,Property Damage Only,-93.5674095354,42.5241081877
20251509921,20251101,Property Damage Only,-94.2272876036,42.5367989953
20251509922,20251102,Property Damage Only,-91.533463413,42.6989392259
20251509931,20251030,Property Damage Only,-91.3624072728,40.6480178406
20251509932,20251031,Property Damage Only,-91.4507710815,40.4438992219
20251509933,20251031,Property Damage Only,-91.4445715523,40.4759945097
20251509950,20251027,Property Damage Only,-92.9923615561,42.4621291762
20251509954,20251102,Property Damage Only,-92.4096772999,40.8988386284
20251509956,20251102,Property Damage Only,-92.6948330706,43.0388120182
20251509957,20251028,Property Damage Only,-92.3486171009,42.0072285273
20251509958,20251101,Property Damage Only,-92.5063466988,41.9644410279
20251509960,20251101,Property Damage Only,-90.6475662368,41.9707643656
20251509961,20251102,Property Damage Only,-91.7520679338,42.1540134482
20251509973,20251102,Property Damage Only,-90.7296605475,42.195626931
20251509977,20251031,Property Damage Only,-92.8551288626,40.7325647991
20251509981,20251102,Property Damage Only,-91.3331011736,42.4703781246
20251509987,20251031,Property Damage Only,-91.1385788282,40.8333780478
20251509989,20251103,Property Damage Only,-93.4046963291,42.7454366807
20251509990,20251101,Property Damage Only,-94.106400337,41.824800981
20251509991,20251028,Property Damage Only,-93.0181731476,41.2327661901
20251509992,20251029,Property Damage Only,-93.2567398358,41.2116642022
20251509993,20251029,Property Damage Only,-92.8891764374,41.3073620429
20251509995,20251030,Property Damage Only,-92.9133957974,41.4930476638
20251509996,20251031,Property Damage Only,-93.0426550386,41.3190454969
20251509997,20251102,Property Damage Only,-93.1319403148,41.2045964169
20251509998,20251030,Property Damage Only,-93.0262911642,41.3021158245
20251509999,20251102,Property Damage Only,-92.6655433817,42.4634966929
20251510000,20251103,Property Damage Only,-90.8938417233,41.5179985297
20251510002,20251101,Property Damage Only,-95.4001848863,42.0387690477
20251510005,20251102,Property Damage Only,-93.5699520761,41.9243860351
20251510006,20251102,Possible/Unknown Injury Crash,-93.3933344611,42.0079434648
20251510007,20251102,Property Damage Only,-93.2646986051,42.0079158718
20251510008,20251103,Property Damage Only,-96.3805969682,42.5905946213
20251510011,20251102,Property Damage Only,-91.5640743073,40.7635398283
20251510012,20251102,Property Damage Only,-93.570550894,41.9820889435
20251510013,20251031,Property Damage Only,-94.014249633,41.6063324552
20251510014,20251031,Property Damage Only,-91.4223718901,40.607252538
20251510015,20251102,Property Damage Only,-91.2260817383,41.3787457822
20251510034,20251103,Property Damage Only,-91.1171212688,42.453893573
20251510040,20251030,Property Damage Only,-92.8979326982,41.7042471004
20251510041,20251101,Property Damage Only,-92.8489364415,41.8196003294
20251510043,20251101,Property Damage Only,-91.148573797,42.2635401126
20251510044,20251101,Property Damage Only,-91.125283903,42.0634822824
20251510045,20251102,Property Damage Only,-91.2676367555,42.089162951
20251510046,20251030,Property Damage Only,-92.4554331214,42.7253331539
20251510048,20251019,Property Damage Only,-93.5993803894,42.0056024445
20251510052,20251030,Property Damage Only,-93.6391996431,41.9784127892
20251510064,20251101,Property Damage Only,-93.6251864968,42.0191998466
20251510069,20251030,Property Damage Only,-93.2839969334,41.5224361587
20251510071,20251031,Property Damage Only,-93.8551818612,42.0346219281
20251510073,20251101,Property Damage Only,-91.8055272701,43.3490488721
20251510078,20251031,Property Damage Only,-93.7311023111,41.1654911917
20251510085,20251101,Property Damage Only,-93.7795070652,41.3569931521
20251510086,20251102,Property Damage Only,-93.6450954955,41.3798486503
20251510087,20251102,Property Damage Only,-93.6070729279,41.3073278848
20251510091,20251026,Property Damage Only,-94.2565767457,42.5156694759
20251510092,20251031,Property Damage Only,-93.7675574613,40.8696983284
20251510093,20251031,Property Damage Only,-93.7855707638,41.2078477142
20251510096,20251102,Property Damage Only,-96.3195409394,42.5728781544
20251510097,20251031,Property Damage Only,-95.352314415,42.6048339679
20251510102,20251101,Property Damage Only,-91.4805080825,42.3450325168
20251510107,20251102,Property Damage Only,-92.535185184,41.3048915797
20251510110,20251102,Property Damage Only,-94.6488327279,42.2948569037
20251510111,20251102,Property Damage Only,-94.5100773817,42.2671299229
20251510112,20251101,Property Damage Only,-93.5590289643,41.4110327628
20251510114,20251013,Property Damage Only,-92.4304038016,42.5758174317
20251510118,20251103,Property Damage Only,-96.517413886,42.8872098704
20251510119,20251103,Property Damage Only,-90.4042077473,42.232558699
20251510121,20251031,Property Damage Only,-94.4565278313,42.4472367983
20251510125,20251101,Property Damage Only,-95.6500079547,41.4984610668
20251510126,20251102,Property Damage Only,-94.6259439011,41.49331388
20251510132,20251031,Property Damage Only,-93.9127839903,41.8273134846
20251510133,20251028,Property Damage Only,-93.9005050266,41.8043889474
20251510134,20251102,Property Damage Only,-93.9635202926,41.834752995
20251510141,20251026,Property Damage Only,-91.6567000259,42.9170981295
20251510145,20251102,Property Damage Only,-95.0335234966,42.6278143229
20251510146,20251030,Possible/Unknown Injury Crash,-95.9342595813,43.0293854267
20251510147,20251101,Property Damage Only,-96.0160278546,42.9743222488
20251510150,20251031,Property Damage Only,-91.3903811521,42.4704405831
20251510151,20251028,Property Damage Only,-91.879943754,42.4489837492
20251510152,20251030,Property Damage Only,-92.0750745778,42.6128636403
20251510153,20251030,Property Damage Only,-92.0622689956,42.5692082984
20251510155,20251103,Property Damage Only,-92.0483578334,42.4494791636
20251510156,20251031,Property Damage Only,-94.0142497741,41.606341461
20251510157,20251013,Property Damage Only,-91.8048727023,42.7890486671
20251510160,20251031,Property Damage Only,-91.7368135335,40.9882497319
20251510161,20251101,Property Damage Only,-92.0508014303,41.0145578707
20251510165,20251031,Property Damage Only,-93.9893000301,41.5426709991
20251510171,20251103,Property Damage Only,-91.5158273133,41.925718723
20251510180,20251101,Property Damage Only,-92.9769466662,42.0074351624
20251510181,20251102,Property Damage Only,-91.9813544352,40.9870940375
20251510184,20251103,Property Damage Only,-91.5024160055,41.9221221022
20251510186,20251102,Property Damage Only,-93.5657441716,41.7028818587
20251510191,20251030,Property Damage Only,-91.8903422821,42.2715597815
20251510192,20251030,Property Damage Only,-91.8908842786,42.24133155
20251510193,20251030,Property Damage Only,-91.9703029168,41.9629560936
20251510195,20251102,Property Damage Only,-92.0281563576,42.1411937149
20251510196,20251103,Property Damage Only,-93.9758292168,41.6147083786
20251510197,20251102,Property Damage Only,-91.085750675,41.7718465812
20251510212,20251022,Property Damage Only,-91.6473074251,42.622038404
20251510215,20251006,Possible/Unknown Injury Crash,-91.7865683824,43.2899060518
20251510225,20251103,Property Damage Only,-91.5299024196,41.6449638469
20251510229,20251101,Property Damage Only,-92.119792213,43.3388069664
20251510230,20251102,Property Damage Only,-92.2983957704,43.2202628041
20251510234,20251101,Property Damage Only,-91.5366292944,42.1889508565
20251510236,20251102,Property Damage Only,-91.1092743707,40.860888457
20251510239,20251103,Property Damage Only,-92.5340424867,41.9644667078
20251510240,20251031,Property Damage Only,-93.6204343203,42.0410035051
20251510247,20251030,Property Damage Only,-92.5729283009,40.7255596068
20251510248,20251103,Property Damage Only,-95.5303325211,42.7607489286
20251510252,20251102,Property Damage Only,-95.4649980388,42.3890057005
20251510253,20251103,Property Damage Only,-95.487259118,42.3500900155
20251510255,20251103,Property Damage Only,-92.5541923986,43.3434862737
20251510256,20251103,Possible/Unknown Injury Crash,-92.5830203059,41.9154062078
20251510263,20251030,Possible/Unknown Injury Crash,-95.9106657913,41.5120675985
20251510264,20251103,Property Damage Only,-95.518934755,41.5002014655
20251510269,20251103,Property Damage Only,-92.4747529768,41.9644179193
20251510274,20251101,Property Damage Only,-93.4833552658,43.1290039521
20251510275,20251020,Property Damage Only,-93.8974379765,42.1150149683
20251510276,20251026,Property Damage Only,-93.9847574876,42.0302959312
20251510279,20251031,Property Damage Only,-90.7824983491,41.7058240831
20251510287,20251103,Property Damage Only,-91.8637187698,41.7754042759
20251510290,20251103,Property Damage Only,-90.2669023087,41.9316637175
20251510292,20251103,Property Damage Only,-91.3690130359,41.9102982065
20251510304,20251104,Property Damage Only,-93.0617808318,41.7188763624
20251510305,20251102,Property Damage Only,-96.2878432834,42.6416866597
20251510306,20251103,Property Damage Only,-93.6204673484,42.0915658641
20251510308,20251104,Property Damage Only,-90.6823551854,42.0788851198
20251510311,20251104,Property Damage Only,-92.2972669565,41.9723762828
20251510312,20251104,Property Damage Only,-90.759988518,42.062740008
20251510320,20251101,Property Damage Only,-90.7592408273,42.5213508546
20251510321,20251103,Property Damage Only,-91.0806970914,42.3419713444
20251510327,20251104,Property Damage Only,-94.4534776351,42.5166910624
20251510334,20251102,Property Damage Only,-93.9598758975,41.8350717275
20251510335,20251103,Property Damage Only,-93.9118862398,41.7478709968
20251510336,20251101,Property Damage Only,-90.4448621869,41.5975619007
20251510339,20251104,Property Damage Only,-90.4419665592,41.5973623752
20251510346,20251103,Suspected Minor Injury Crash,-93.6775002525,41.7513656269
20251510349,20251102,Property Damage Only,-93.1384005594,41.5522838099
20251510350,20251104,Property Damage Only,-93.6654204502,42.0343748737
20251510353,20251103,Property Damage Only,-91.3410172871,42.5197353601
20251510360,20251102,Property Damage Only,-93.0577051135,41.3002307482
20251510366,20251031,Property Damage Only,-95.2077359957,43.4305068243
20251510368,20251104,Property Damage Only,-94.3585980656,42.0153114437
20251510375,20251103,Property Damage Only,-93.3497540507,43.4112999439
20251510377,20251027,Property Damage Only,-96.0078574259,43.186242242
20251510379,20251103,Property Damage Only,-95.6542475197,40.7805288096
20251510381,20251017,Property Damage Only,-91.8036318806,43.2916165833
20251510382,20251010,Property Damage Only,-91.781128985,43.2888397073
20251510390,20251102,Property Damage Only,-91.8060635973,43.3468663976
20251510391,20251102,Property Damage Only,-91.8084585829,43.3417498469
20251510392,20251104,Property Damage Only,-94.7984433457,43.3561819391
20251510399,20251103,Property Damage Only,-91.3738240757,40.9053500007
20251510403,20251101,Property Damage Only,-91.7403085339,43.439500016
20251510405,20251102,Property Damage Only,-91.872777029,41.8256522972
20251510406,20251103,Property Damage Only,-91.8407248276,41.5967289286
20251510415,20251102,Property Damage Only,-91.9677109579,41.0774758742
20251510416,20251103,Property Damage Only,-91.9676670002,41.0787636121
20251510417,20251103,Property Damage Only,-91.8023000059,41.1314623262
20251510418,20251104,Property Damage Only,-91.4900135314,41.6670358188
20251510434,20251103,Property Damage Only,-95.5088249309,42.3465400644
20251510438,20251102,Property Damage Only,-93.7976943277,40.9956809778
20251510439,20251102,Property Damage Only,-93.7943757799,41.0242775929
20251510448,20251104,Property Damage Only,-94.127552938,41.4574689301
20251510472,20251102,Property Damage Only,-91.1703651645,40.9573377503
20251510473,20251103,Property Damage Only,-91.1463846583,40.7813393453
20251510474,20251104,Property Damage Only,-91.1607302239,40.8604866099
20251510481,20251104,Property Damage Only,-94.2781864663,41.5037038867
20251510482,20251104,Property Damage Only,-91.6418909505,41.7053368756
20251510484,20251103,Property Damage Only,-90.6158030039,41.5038497033
20251510497,20251104,Property Damage Only,-91.1031318826,41.6354424335
20251510500,20251103,Property Damage Only,-92.4660331015,42.4428288047
20251510501,20251104,Property Damage Only,-92.4660607836,42.4467285019
20251510502,20251104,Property Damage Only,-91.86987567,41.8372514819
20251510513,20251104,Property Damage Only,-90.7504150995,42.4870749491
20251510528,20251104,Property Damage Only,-91.3598233635,41.2830648054
20251510529,20251104,Property Damage Only,-95.784247266,41.0478127469
20251510533,20251104,Property Damage Only,-90.5323625525,41.7277499441
20251510534,20251104,Property Damage Only,-93.6440922416,41.7025685218
20251510536,20251104,Property Damage Only,-94.0245992028,41.6960589353
20251510543,20251104,Property Damage Only,-91.2063062792,43.0327609506
20251510547,20251104,Property Damage Only,-91.7341943819,42.1362194722
20251510548,20251104,Property Damage Only,-91.5954902273,41.9260544981
20251510553,20251026,Property Damage Only,-91.4854703735,41.6861064873
20251510554,20251105,Property Damage Only,-91.3672673069,43.0206734082
20251510555,20251104,Property Damage Only,-93.476144588,41.5987056574
20251510556,20251104,Property Damage Only,-91.0866531044,41.5320963746
20251510562,20251104,Property Damage Only,-94.0230861729,41.6582069597
20251510569,20251105,Property Damage Only,-91.2375255479,43.3843671102
20251510574,20251103,Property Damage Only,-92.8515426191,41.7128974171
20251510575,20251103,Property Damage Only,-93.0495636404,41.6838174956
20251510579,20251103,Property Damage Only,-92.4995162619,41.0102542728
20251510586,20251007,Property Damage Only,-94.9846201217,41.3294671045
20251510587,20251031,Property Damage Only,-94.767195057,41.4968681409
20251510588,20251104,Property Damage Only,-93.3060625323,42.5573269466
20251510591,20251104,Property Damage Only,-91.4774939514,42.4652551231
20251510595,20251103,Property Damage Only,-92.3376018719,42.6091888881
20251510597,20251101,Property Damage Only,-90.7328048996,41.6492938128
20251510598,20251103,Suspected Serious Injury Crash,-93.4613189016,42.6650103279
20251510600,20251104,Property Damage Only,-93.342585096,43.0542037433
20251510610,20251105,Property Damage Only,-93.0526383053,41.2825959406
20251510611,20251102,Property Damage Only,-95.2891294015,42.5244557412
20251510614,20251104,Property Damage Only,-91.5512286827,41.3762651936
20251510617,20251104,Property Damage Only,-93.6933771261,41.7547205831
20251510626,20251030,Property Damage Only,-93.2799701825,41.8302388522
20251510632,20251101,Property Damage Only,-92.4214928104,42.7735800468
20251510633,20251101,Property Damage Only,-92.5295174396,42.7150889715
20251510636,20251029,Property Damage Only,-92.1807123092,42.7148000602
20251510651,20251104,Property Damage Only,-95.9094160355,41.6390919101
20251510652,20251030,Property Damage Only,-92.5354561289,42.8291129105
20251510653,20251030,Property Damage Only,-92.533174661,42.698029452
20251510663,20251105,Property Damage Only,-92.1123127221,41.5317548695
20251510668,20251103,Property Damage Only,-91.5510990272,41.3783352348
20251510677,20251103,Property Damage Only,-91.6835521978,42.4624400905
20251510686,20251105,Property Damage Only,-90.193682976,42.0352340331
20251510688,20251104,Property Damage Only,-91.7056208923,42.4610073992
20251510691,20251105,Property Damage Only,-93.970632094,42.0316501477
20251510697,20251101,Property Damage Only,-93.5707946764,41.9742429359
20251510698,20251102,Property Damage Only,-95.6835151976,41.3683889406
20251510699,20251104,Property Damage Only,-93.3074178487,41.6819849047
20251510709,20251104,Property Damage Only,-91.9287444119,41.0498892285
20251510718,20251028,Property Damage Only,-93.4093467739,41.6790099584
20251510730,20251016,Property Damage Only,-93.3188103462,41.8015675982
20251510734,20251105,Property Damage Only,-93.2700153051,41.8370358871
20251510735,20251105,Property Damage Only,-92.7294079696,42.3912391228
20251510737,20251105,Property Damage Only,-93.8176608179,41.3488287522
20251510744,20251105,Property Damage Only,-90.5648689254,42.3787659476
20251510752,20251103,Property Damage Only,-93.5109364799,42.6041197811
20251510753,20251105,Property Damage Only,-91.9147317968,41.0010790277
20251510754,20251104,Property Damage Only,-91.4111368451,40.9109416665
20251510755,20251105,Property Damage Only,-94.6233636174,40.6606501532
20251510758,20251105,Property Damage Only,-91.3985055929,42.8445821091
20251510762,20251104,Property Damage Only,-94.0006856467,41.5416357261
20251510772,20251104,Property Damage Only,-93.4687673354,43.2133765918
20251510773,20251105,Property Damage Only,-93.1223444694,43.1302926317
20251510777,20251105,Property Damage Only,-93.9810856414,42.3685650547
20251510780,20251103,Property Damage Only,-93.3396824992,43.1222897449
20251510781,20251104,Property Damage Only,-91.1477485823,40.7787399589
20251510782,20251105,Property Damage Only,-91.3643670447,40.7995081284
20251510785,20251105,Property Damage Only,-91.4363327928,42.2821990067
20251510786,20251105,Property Damage Only,-91.8342683916,41.9912866996
20251510787,20251105,Property Damage Only,-91.5540176231,41.9627542548
20251510790,20251106,Property Damage Only,-91.4817477602,42.0495426849
20251510791,20251106,Property Damage Only,-95.799506462,41.2796761692
20251510792,20251104,Property Damage Only,-95.2894673377,40.8176397544
20251510793,20251102,Property Damage Only,-90.856043804,41.5191281535
20251510795,20251104,Property Damage Only,-93.1091619421,41.3925673501
20251510796,20251104,Possible/Unknown Injury Crash,-93.2057030676,41.3276251053
20251510801,20251031,Property Damage Only,-92.909630555,41.4869377034
20251510803,20251105,Property Damage Only,-92.8709101897,41.3985007536
20251510804,20251027,Property Damage Only,-91.6051411695,41.6951242099
20251510807,20251104,Property Damage Only,-92.6318132097,42.4512353011
20251510809,20251106,Property Damage Only,-92.5840205187,42.7736823776
20251510810,20251106,Property Damage Only,-95.2293224335,42.0391006804
20251510811,20251106,Property Damage Only,-93.7301040813,41.5220905906
20251510812,20251106,Property Damage Only,-94.226835982,42.5249253801
20251510813,20251105,Property Damage Only,-96.3777433772,42.46958681
20251510822,20251105,Property Damage Only,-90.9754543837,42.3134500686
20251510823,20251105,Property Damage Only,-93.7387350845,41.1764501064
20251510824,20251105,Property Damage Only,-93.337316886,41.4385947591
20251510825,20251106,Property Damage Only,-93.4730978401,41.4903058101
20251510826,20251105,Property Damage Only,-91.4705807347,40.6302417932
20251510827,20251105,Property Damage Only,-91.3173540543,40.6472528684
20251510828,20251105,Property Damage Only,-94.2052692629,42.6157955878
20251510829,20251101,Property Damage Only,-93.083289723,41.682870265
20251510834,20251106,Property Damage Only,-92.6433722851,42.4630155821
20251510835,20251107,Property Damage Only,-91.680424069,41.6941670197
20251510837,20251108,Property Damage Only,-95.4803960926,41.0890743312
20251510844,20251009,Property Damage Only,-92.8752501024,42.3541874047
20251510859,20251018,Property Damage Only,-91.6583222382,42.0325415394
20251510871,20251028,Property Damage Only,-92.7877640176,42.3833196008
20251510876,20251005,Property Damage Only,-91.4635114709,40.6528668769
20251510878,20251005,Property Damage Only,-91.2392983074,40.703875751
20251510879,20251005,Property Damage Only,-91.3612604134,40.6634686709
20251510888,20251021,Property Damage Only,-92.8683788381,40.8595922878
20251510889,20251028,Property Damage Only,-92.7922549268,40.8774701591
20251510890,20251030,Property Damage Only,-91.0157178206,41.7105488768
20251510892,20250922,Property Damage Only,-91.4704621203,40.6302582386
20251510896,20251014,Property Damage Only,-94.2265746867,42.6750145995
20251510906,20251031,Property Damage Only,-93.9135696996,41.8292166814
20251510916,20251101,Property Damage Only,-91.4349354077,41.1473415541
20251510918,20251031,Property Damage Only,-91.1784280837,41.1158361149
20251510919,20251101,Property Damage Only,-92.4216290384,42.5100043227
20251510922,20251031,Property Damage Only,-95.5715391431,41.2894381222
20251510923,20251031,Property Damage Only,-92.4389860685,42.6012018222
20251510952,20251105,Property Damage Only,-93.5532624505,42.1141104852
20251510955,20251104,Property Damage Only,-91.1145244206,42.4650537174
20251510959,20251102,Property Damage Only,-91.4329079321,41.1764263157
20251510963,20251104,Possible/Unknown Injury Crash,-92.9145629358,41.4618285816
20251510968,20251104,Property Damage Only,-91.3800669772,40.6361959382
20251510969,20251104,Property Damage Only,-91.5533414145,40.5082527522
20251510971,20251103,Property Damage Only,-94.2284923161,42.5870463513
20251510973,20251103,Property Damage Only,-92.4393981721,42.6014650042
20251510974,20251104,Property Damage Only,-92.0753632767,42.3578397886
20251510978,20251105,Property Damage Only,-96.4807794051,43.2267678725
20251510980,20251031,Property Damage Only,-92.9998797321,41.7447973597
20251510982,20251104,Property Damage Only,-95.4203037121,42.33362108
20251510985,20251102,Property Damage Only,-91.1795844039,41.0877781637
20251510986,20251104,Property Damage Only,-91.2193930685,41.0883283499
20251510990,20251103,Property Damage Only,-91.2494012963,41.7093219123
20251511002,20251105,Property Damage Only,-92.2832926409,42.4799717502
20251511006,20251104,Property Damage Only,-95.8447734472,41.3182564912
20251511007,20251102,Property Damage Only,-93.8937573272,42.0346522497
20251511008,20251102,Property Damage Only,-92.3373699052,42.5988670555
20251511009,20251102,Property Damage Only,-92.1142959868,42.3783926259
20251511010,20251104,Property Damage Only,-92.9805212035,42.007426818
20251511011,20251104,Property Damage Only,-91.7908049956,41.1164433771
20251511012,20251104,Possible/Unknown Injury Crash,-92.5136504332,41.6952199602
20251511013,20251103,Property Damage Only,-91.9700429798,41.6868959723
20251511014,20251104,Property Damage Only,-93.2322269391,41.6517351644
20251511016,20251106,Property Damage Only,-94.0128287756,41.4961869044
20251511017,20251107,Possible/Unknown Injury Crash,-93.9178913163,41.4143681164
20251511018,20251108,Property Damage Only,-94.013119621,41.41176746
20251511019,20251109,Property Damage Only,-93.9740418272,41.3444227482
20251511022,20251106,Property Damage Only,-90.7465365252,42.515113139
20251511024,20251106,Property Damage Only,-90.9701284171,42.4404691793
20251511026,20251107,Property Damage Only,-90.6952270982,42.4505691398
20251511027,20251108,Property Damage Only,-90.7952935303,42.5291375906
20251511028,20251108,Property Damage Only,-90.6555905247,42.4530427988
20251511029,20251108,Property Damage Only,-90.5942651413,42.4305009863
20251511031,20251108,Property Damage Only,-90.8888890104,42.3146441455
20251511032,20251109,Property Damage Only,-90.7724864067,42.4603282224
20251511033,20251109,Property Damage Only,-91.1072053777,42.4689855147
20251511034,20251110,Property Damage Only,-90.7850129139,42.4817155863
20251511047,20251107,Property Damage Only,-90.751218915,42.4856949125
20251511058,20251106,Property Damage Only,-93.8607218773,41.5782661063
20251511068,20251107,Property Damage Only,-93.5727332329,41.3556498127
20251511069,20251108,Property Damage Only,-93.7444229425,41.1765395935
20251511070,20251109,Property Damage Only,-93.7603350706,41.4445573085
20251511072,20251107,Property Damage Only,-90.7401850437,41.6525194006
20251511074,20251109,Property Damage Only,-90.4325407018,41.6637617867
20251511075,20251109,Property Damage Only,-90.4906400063,41.6830940822
20251511082,20251106,Property Damage Only,-90.5339802649,41.589458158
20251511089,20251107,Property Damage Only,-90.5706672611,41.5763068387
20251511090,20251107,Property Damage Only,-90.5957201569,41.5210840602
20251511101,20251110,Property Damage Only,-91.565834262,42.0201650661
20251511103,20251105,Property Damage Only,-93.9546287462,41.5753359812
20251511104,20251105,Property Damage Only,-94.0231100703,41.6741311643
20251511105,20251105,Property Damage Only,-94.1465737664,41.5176655008
20251511106,20251105,Property Damage Only,-93.7847352463,41.5192807855
20251511107,20251106,Property Damage Only,-94.1846825176,41.5904711871
20251511108,20251107,Property Damage Only,-94.0924888496,41.5176966505
20251511109,20251107,Property Damage Only,-94.0799537494,41.5307043855
20251511110,20251107,Property Damage Only,-93.8535241086,41.754669277
20251511151,20251108,Property Damage Only,-93.3630872767,41.7787205903
20251511170,20251110,Property Damage Only,-93.6095470871,41.4982206572
20251511192,20251110,Property Damage Only,-91.4829394925,41.6669966868
20251511201,20251031,Property Damage Only,-95.8997157012,41.3818191327
20251511203,20251101,Property Damage Only,-91.7872991653,42.1763304106
20251511207,20251102,Property Damage Only,-92.8330288013,41.7135655564
20251511208,20251103,Property Damage Only,-92.7000287577,41.9997861798
20251511210,20251104,Property Damage Only,-91.6531406489,41.8163514976
20251511212,20251104,Property Damage Only,-91.2009678345,42.0848496392
20251511214,20251104,Property Damage Only,-91.6493206705,41.8102091156
20251511216,20251104,Suspected Minor Injury Crash,-95.687969345,42.4745106526
20251511219,20251105,Property Damage Only,-91.2842179595,42.0755427068
20251511227,20251105,Property Damage Only,-95.7158600268,41.3446633363
20251511228,20251106,Property Damage Only,-93.7800816601,41.4520814151
20251511229,20251106,Property Damage Only,-92.6940670739,43.071903327
20251511234,20251106,Suspected Minor Injury Crash,-91.2554456603,40.6783938673
20251511236,20251106,Property Damage Only,-90.8227822883,42.3533740441
20251511237,20251106,Property Damage Only,-90.5941408108,41.5998569661
20251511240,20251107,Property Damage Only,-91.2870866907,42.0740545299
20251511242,20251107,Property Damage Only,-93.1311449353,43.111840853
20251511245,20251107,Property Damage Only,-92.9450332713,43.1408535259
20251511247,20251107,Property Damage Only,-95.6622819776,41.4983395287
20251511248,20251107,Property Damage Only,-90.7007806897,42.5340062746
20251511249,20251108,Property Damage Only,-94.0105668597,42.4294861152
20251511250,20251108,Property Damage Only,-94.4285624711,41.4958092701
20251511251,20251108,Property Damage Only,-91.7751595598,41.9963452389
20251511252,20251108,Property Damage Only,-93.412148353,43.2701530601
20251511253,20251108,Property Damage Only,-93.3460659348,42.976551689
20251511262,20251108,Property Damage Only,-91.2568506521,40.8331184528
20251511263,20251108,Property Damage Only,-91.6703230659,41.9220820909
20251511266,20251109,Property Damage Only,-95.8081923682,40.7791343426
20251511267,20251109,Property Damage Only,-93.8156023884,42.2673455655
20251511271,20251106,Property Damage Only,-91.7863575317,42.2255480691
20251511272,20251106,Property Damage Only,-91.6208691326,41.8900298533
20251511273,20251106,Property Damage Only,-91.5145836875,42.2026088418
20251511274,20251106,Property Damage Only,-91.4529582569,42.0493022542
20251511275,20251107,Property Damage Only,-91.6821221554,42.0950059475
20251511276,20251107,Property Damage Only,-91.4674486393,41.8810684695
20251511277,20251107,Property Damage Only,-91.3636938457,41.9094299495
20251511278,20251107,Property Damage Only,-91.5257138015,41.9258461125
20251511303,20251109,Property Damage Only,-92.6313400499,42.3451788531
20251511304,20251110,Property Damage Only,-92.6902066102,42.3482439706
20251511309,20251107,Property Damage Only,-93.6204228144,42.1366072808
20251511310,20251107,Property Damage Only,-93.634310247,41.9503481231
20251511311,20251107,Property Damage Only,-93.5698782549,41.9499654812
20251511312,20251107,Property Damage Only,-93.3488112818,42.0082675234
20251511313,20251107,Property Damage Only,-93.5698782549,41.9499654812
20251511327,20251106,Property Damage Only,-92.0228940799,41.178133458
20251511348,20251109,Property Damage Only,-93.5777103937,41.6741617207
20251511349,20251107,Property Damage Only,-92.496629928,40.7403054784
20251511351,20251109,Property Damage Only,-92.5237606444,40.6111367637
20251511355,20251106,Property Damage Only,-94.4446756008,42.0346505074
20251511362,20251108,Property Damage Only,-93.3173808278,40.7819648588
20251511364,20251105,Property Damage Only,-93.3294888456,41.0132210302
20251511365,20251107,Property Damage Only,-93.2422315287,41.1137069027
20251511366,20251106,Property Damage Only,-93.327771828,40.9979209774
20251511369,20251107,Property Damage Only,-91.2016854372,41.1822438726
20251511374,20251108,Property Damage Only,-94.6788615343,42.7474160587
20251511375,20251107,Property Damage Only,-91.4665018968,42.5298407818
20251511376,20251106,Property Damage Only,-93.5852160614,42.2383475789
20251511377,20251107,Property Damage Only,-93.8134772114,42.4816672641
20251511378,20251108,Property Damage Only,-93.6561238539,42.4490661689
20251511381,20251110,Property Damage Only,-93.5155015875,42.2383218396
20251511388,20251108,Property Damage Only,-95.8489508336,41.2753910798
20251511397,20251109,Property Damage Only,-95.1087278269,41.015990406
20251511398,20251108,Property Damage Only,-96.0886218833,41.9759188793
20251511400,20251106,Property Damage Only,-92.5450015538,42.9237965646
20251511401,20251106,Suspected Minor Injury Crash,-92.3173883584,42.9863047563
20251511403,20251108,Property Damage Only,-92.1405964084,42.9557573239
20251511404,20251109,Property Damage Only,-92.5449362274,42.9276775404
20251511406,20251107,Property Damage Only,-91.497911754,42.7444683929
20251511407,20251106,Property Damage Only,-91.2316424597,43.0134889735
20251511408,20251106,Property Damage Only,-91.2316179286,43.0134885944
20251511409,20251107,Property Damage Only,-91.1245682872,42.8466711418
20251511410,20251107,Property Damage Only,-91.3653362374,42.7746838916
20251511411,20251105,Property Damage Only,-94.9686394981,43.1265398135
20251511412,20251108,Property Damage Only,-91.5057419533,42.7358807723
20251511413,20251109,Property Damage Only,-91.5372035955,42.667027079
20251511414,20251105,Possible/Unknown Injury Crash,-95.1372799717,41.287002863
20251511415,20251107,Property Damage Only,-94.945954797,41.4890549612
20251511416,20251105,Suspected Minor Injury Crash,-94.7261320537,42.1700861477
20251511417,20251106,Property Damage Only,-92.7884904098,43.0600591261
20251511418,20251107,Property Damage Only,-92.7323228101,43.0563035184
20251511419,20251107,Property Damage Only,-92.9727612049,43.116226114
20251511420,20251108,Property Damage Only,-92.7269957451,43.1083305616
20251511423,20251105,Property Damage Only,-93.0650532552,42.36097338
20251511424,20251107,Property Damage Only,-93.1986562073,42.3606936527
20251511429,20251105,Property Damage Only,-91.965512996,42.8474358699
20251511432,20251107,Property Damage Only,-92.0408933313,42.7418294493
20251511433,20251107,Property Damage Only,-95.9977743315,42.9973757991
20251511435,20251110,Property Damage Only,-92.0469873973,42.7148640691
20251511436,20251110,Property Damage Only,-91.5673367903,40.9884386693
20251511438,20251105,Property Damage Only,-92.337474069,42.7212084218
20251511439,20251106,Property Damage Only,-92.2200810721,42.8475439
20251511440,20251109,Property Damage Only,-90.469388319,42.3131555619
20251511441,20251108,Property Damage Only,-90.5232006129,42.3542428957
20251511444,20251107,Property Damage Only,-92.9182474536,41.1682598879
20251511445,20251107,Property Damage Only,-93.0569273513,41.2849359259
20251511446,20251108,Property Damage Only,-93.0254512287,41.41516235
20251511450,20251109,Property Damage Only,-93.2847593755,41.4009411062
20251511451,20251109,Property Damage Only,-93.1619560052,41.3231911121
20251511452,20251106,Property Damage Only,-91.4470927173,40.6207938463
20251511453,20251106,Property Damage Only,-91.4448113232,40.4681603101
20251511454,20251106,Property Damage Only,-91.5017990674,40.689304138
20251511455,20251107,Property Damage Only,-91.3876379105,40.6242758777
20251511456,20251107,Property Damage Only,-91.4869131167,40.5493634221
20251511457,20251105,Property Damage Only,-91.5166608199,40.6483011388
20251511459,20251107,Property Damage Only,-91.427543322,40.667453381
20251511460,20251108,Property Damage Only,-91.4489128875,40.4221455658
20251511461,20251108,Property Damage Only,-91.4261772538,40.5765409483
20251511462,20251109,Property Damage Only,-91.4041097851,40.6246578629
20251511463,20251110,Property Damage Only,-91.4259495507,40.5413870764
20251511465,20251107,Property Damage Only,-93.7212732065,41.7763726976
20251511467,20251109,Property Damage Only,-93.7203690437,41.7643901234
20251511470,20251109,Property Damage Only,-91.1195777692,41.4418954118
20251511499,20251106,Property Damage Only,-94.2272927173,42.537060104
20251511500,20251107,Property Damage Only,-94.1218704136,42.4552430474
20251511501,20251109,Property Damage Only,-94.020085327,42.4489624964
20251511504,20251110,Property Damage Only,-91.4688222041,43.2871198377
20251511506,20251109,Property Damage Only,-93.5032620549,41.6108580226
20251511510,20251107,Property Damage Only,-91.252396811,42.134691615
20251511511,20251108,Property Damage Only,-91.1737159144,42.2153478286
20251511514,20251109,Property Damage Only,-95.1751358192,43.142951167
20251511517,20251106,Property Damage Only,-95.9297865011,43.1860548974
20251511523,20251106,Property Damage Only,-92.402337076,42.6858944009
20251511524,20251106,Property Damage Only,-92.4673727176,42.7003359652
20251511525,20251106,Property Damage Only,-92.5444230043,42.8525987913
20251511528,20251108,Property Damage Only,-90.827587899,42.15396335
20251511531,20251106,Property Damage Only,-92.98600992,41.7028414254
20251511534,20251107,Property Damage Only,-93.0390967071,41.6614927271
20251511536,20251107,Property Damage Only,-93.9353352464,40.5773593701
20251511537,20251108,Property Damage Only,-93.6169689263,40.7612035091
20251511538,20251108,Property Damage Only,-93.9101320089,40.6033706361
20251511539,20251108,Property Damage Only,-93.8459346773,40.7013050617
20251511540,20251109,Property Damage Only,-93.8012911892,40.8802068106
20251511542,20251107,Property Damage Only,-94.2238929736,43.0827773859
20251511543,20251106,Property Damage Only,-93.358222957,41.6005747213
20251511544,20251106,Property Damage Only,-93.6004582868,41.6412140722
20251511547,20251107,Property Damage Only,-93.4931160756,41.5629742679
20251511551,20251109,Property Damage Only,-93.5606696789,41.7675772358
20251511554,20251109,Property Damage Only,-93.4330835699,41.7106820626
20251511555,20251110,Property Damage Only,-93.4973916742,41.6262859297
20251511559,20251106,Property Damage Only,-92.4376176818,43.3711925792
20251511560,20251107,Property Damage Only,-92.080496039,43.3219114916
20251511561,20251108,Property Damage Only,-92.3672837968,43.4983090044
20251511570,20251108,Property Damage Only,-91.3090144808,41.2266192358
20251511571,20251109,Property Damage Only,-91.2829301893,41.2773496065
20251511572,20251109,Property Damage Only,-91.140626937,41.2459552284
20251511573,20251107,Property Damage Only,-95.5325070244,40.5993537119
20251511574,20251107,Property Damage Only,-91.3311328925,42.4451067754
20251511575,20251108,Property Damage Only,-91.323944478,42.4707218517
20251511576,20251108,Property Damage Only,-93.5705419759,42.2817414023
20251511577,20251109,Property Damage Only,-93.7955332049,42.2189881522
20251511578,20251109,Property Damage Only,-93.5715077841,42.2181345958
20251511579,20251105,Possible/Unknown Injury Crash,-92.8304056703,40.8287427244
20251511582,20251106,Property Damage Only,-94.01346469,41.6029527008
20251511584,20251107,Property Damage Only,-93.6168742359,42.8359940575
20251511585,20251107,Property Damage Only,-93.5579392237,42.7018904938
20251511586,20251108,Property Damage Only,-91.237764176,43.0126829449
20251511588,20251110,Property Damage Only,-91.1638436136,41.6464710178
20251511589,20251106,Property Damage Only,-96.2474564444,42.6048049755
20251511592,20251107,Property Damage Only,-92.5320652438,41.9642064786
20251511593,20251109,Property Damage Only,-95.9963973203,42.9839415654
20251511595,20251105,Property Damage Only,-90.8740258794,42.1605162884
20251511598,20251109,Property Damage Only,-92.6855430108,41.3125706771
20251511599,20251105,Property Damage Only,-93.0391042388,41.6739406616
20251511600,20251107,Property Damage Only,-92.7905671776,41.7331855288
20251511603,20251105,Property Damage Only,-91.0796913964,41.5449770707
20251511604,20251106,Property Damage Only,-91.0392568464,41.480148166
20251511608,20251107,Property Damage Only,-91.0840756421,41.5820319113
20251511609,20251108,Possible/Unknown Injury Crash,-91.0382116244,41.5849509625
20251511622,20251024,Property Damage Only,-92.4399696128,42.523991388
20251511628,20251107,Property Damage Only,-92.456016324,42.5548594519
20251511633,20251108,Property Damage Only,-92.9858102856,41.4073096682
20251511636,20251109,Property Damage Only,-91.5501754395,41.3903032655
20251511637,20251110,Property Damage Only,-91.5369021673,41.2748233047
20251511642,20251106,Property Damage Only,-91.4107909836,42.4709956273
20251511643,20251106,Property Damage Only,-90.1818257158,42.0181750803
20251511647,20251109,Property Damage Only,-90.2988335541,41.7778626321
20251511648,20251109,Property Damage Only,-90.1997666603,42.002881867
20251511650,20251109,Property Damage Only,-94.5435850831,42.4494113599
20251511651,20251107,Property Damage Only,-94.2242094043,40.9299110498
20251511658,20251106,Property Damage Only,-96.3985083381,42.541908539
20251511665,20251105,Property Damage Only,-94.1056693725,42.4496097565
20251511666,20251107,Property Damage Only,-94.4256871184,41.6806321309
20251511667,20251107,Property Damage Only,-93.9240708825,42.0489666572
20251511668,20251022,Property Damage Only,-91.5093476575,41.9248241884
20251511673,20251105,Property Damage Only,-91.8096668537,43.3922770949
20251511674,20251107,Property Damage Only,-91.9343687396,43.1999458867
20251511675,20251107,Property Damage Only,-93.2012248919,43.0695509154
20251511676,20251108,Property Damage Only,-93.3165818911,43.1481369256
20251511677,20251108,Property Damage Only,-93.0290726269,43.1471304198
20251511678,20251108,Property Damage Only,-93.354574154,42.9802987913
20251511679,20251109,Property Damage Only,-93.3213109123,43.1986587229
20251511680,20251109,Property Damage Only,-93.2968222375,43.1336380375
20251511682,20251108,Property Damage Only,-93.4521002389,43.1336521553
20251511686,20251110,Property Damage Only,-90.2367780319,41.8438571249
20251511688,20251108,Property Damage Only,-92.2563675299,42.4584473185
20251511689,20251106,Property Damage Only,-94.7978088474,43.4065435747
20251511690,20251107,Property Damage Only,-94.4744107177,43.3918753429
20251511703,20251106,Property Damage Only,-93.1867785932,43.1335644161
20251511724,20251106,Property Damage Only,-95.5969421333,41.4613773687
20251511726,20251106,Property Damage Only,-95.7834426354,41.2326290859
20251511727,20251107,Property Damage Only,-95.8828313564,41.359358963
20251511729,20251106,Property Damage Only,-91.1756806018,41.0601895116
20251511731,20251107,Property Damage Only,-91.1299715828,41.0084920887
20251511732,20251107,Property Damage Only,-93.8783005355,41.966682027
20251511733,20251109,Property Damage Only,-94.02816211,42.0962295545
20251511734,20251106,Property Damage Only,-92.3376392489,42.6413211964
20251511735,20251107,Property Damage Only,-92.1719369596,42.5699993324
20251511736,20251107,Suspected Minor Injury Crash,-92.2088771686,42.449474717
20251511737,20251107,Property Damage Only,-92.4333552153,42.5836039985
20251511738,20251110,Property Damage Only,-92.4940934272,42.3918471614
20251511739,20251106,Property Damage Only,-92.9589894169,42.0075022048
20251511740,20251106,Property Damage Only,-93.021072089,42.0782724537
20251511741,20251106,Possible/Unknown Injury Crash,-91.7826306827,40.9901209606
20251511742,20251107,Property Damage Only,-91.7598788449,40.9874642849
20251511743,20251108,Property Damage Only,-92.0115647787,40.9924375965
20251511745,20251107,Property Damage Only,-92.4683838886,41.5852398747
20251511746,20251106,Property Damage Only,-91.8637295282,41.7754764369
20251511747,20251107,Property Damage Only,-92.0650962527,41.5217248991
20251511753,20251106,Property Damage Only,-92.2984372852,42.4420786533
20251511761,20251106,Property Damage Only,-92.0093355102,41.686052491
20251511767,20251106,Property Damage Only,-93.4861859785,41.6687036615
20251511769,20251107,Property Damage Only,-93.4140651103,41.5997026115
20251511771,20251106,Property Damage Only,-93.1817944146,41.6884491904
20251511773,20251105,Possible/Unknown Injury Crash,-95.7064951626,42.2406785273
20251511777,20251106,Property Damage Only,-91.1617726486,40.8682679346
20251511778,20251106,Property Damage Only,-92.1857553269,42.4244745315
20251511779,20251107,Property Damage Only,-92.3386808899,42.4527917736
20251511796,20251108,Property Damage Only,-91.2291957882,42.1652893995
20251511797,20251109,Property Damage Only,-90.6799210928,42.4504763213
20251511799,20251110,Property Damage Only,-91.5008255843,42.1615242455
20251511803,20251110,Property Damage Only,-92.7878367107,42.3869851998
20251511804,20251110,Property Damage Only,-94.9884443044,40.9877198677
20251511805,20251110,Property Damage Only,-91.3933129086,42.8546490377
20251511806,20251108,Property Damage Only,-93.2699677618,41.3563169215
20251511808,20251109,Property Damage Only,-90.6830966187,42.0897340456
20251511809,20251110,Property Damage Only,-90.7667377375,42.1280376695
20251511815,20251107,Property Damage Only,-91.1516888386,40.8472807588
20251511816,20251108,Property Damage Only,-91.3145277254,40.8348675385
20251511818,20251110,Property Damage Only,-91.327790192,40.8512658421
20251511819,20251103,Property Damage Only,-92.2431510727,42.4520566929
20251511821,20251107,Property Damage Only,-92.3765488124,42.6146127168
20251511822,20251106,Property Damage Only,-92.810099738,42.8382457226
20251511824,20251107,Property Damage Only,-95.7596056258,41.5643464095
20251511825,20251109,Property Damage Only,-95.8947707081,41.6093552746
20251511826,20251110,Property Damage Only,-91.4858018375,40.9872612137
20251511827,20251110,Property Damage Only,-90.6827767449,42.0835766418
20251511829,20251107,Property Damage Only,-95.4453660225,42.5036486035
20251511830,20251108,Property Damage Only,-95.4392097248,42.3319504712
20251511836,20251110,Suspected Minor Injury Crash,-93.6987182696,42.1073186757
20251511845,20251110,Property Damage Only,-91.5503736573,42.0021112357
20251511847,20251110,Property Damage Only,-91.6295173379,41.0615097234
20251511850,20251110,Property Damage Only,-91.3386671557,42.4701167456
20251511852,20251109,Property Damage Only,-95.3679750917,41.99349072
20251511853,20251110,Possible/Unknown Injury Crash,-96.310569608,42.583141958
20251511860,20251110,Property Damage Only,-92.5449787774,42.9218963787
20251511861,20251110,Property Damage Only,-90.9913386572,41.4824373944
20251511868,20251110,Property Damage Only,-91.3610489381,42.7773421547
20251511869,20251110,Property Damage Only,-91.3722671393,42.7434085895
20251511871,20251110,Property Damage Only,-92.6209778627,41.2781287225
20251511873,20251110,Property Damage Only,-92.9849675358,41.4300627133
20251511877,20251109,Property Damage Only,-90.4658026271,42.3136166462
20251511878,20251111,Property Damage Only,-92.3158349115,41.9639951717
20251511881,20251110,Property Damage Only,-90.532127131,41.6987270742
20251511882,20251111,Property Damage Only,-92.6332156975,42.5338596951
20251511883,20251111,Property Damage Only,-91.4936430311,42.8273410446
20251511895,20251110,Property Damage Only,-91.4940198887,40.6957879347
20251511896,20251110,Property Damage Only,-91.0258811033,41.4425769101
20251511897,20251025,Property Damage Only,-93.8947802149,40.6176882692
20251511898,20251105,Property Damage Only,-91.6367560174,41.7037629182
20251511899,20251111,Property Damage Only,-90.62895819,41.9476414535
20251511900,20251111,Property Damage Only,-93.8846119481,41.9666605866
20251511913,20251110,Property Damage Only,-93.4469110669,42.6876264187
20251511915,20251110,Property Damage Only,-93.0388812375,41.6227617086
20251511917,20251110,Property Damage Only,-90.5529230933,41.611036973
20251511920,20251109,Property Damage Only,-93.9659042209,42.0321583714
20251511924,20251104,Property Damage Only,-91.196862546,41.2428326717
20251511927,20251106,Property Damage Only,-95.8850458922,43.1272795781
20251511928,20251111,Property Damage Only,-93.7924588035,41.8779962862
20251511938,20251110,Property Damage Only,-92.3142705203,42.2542360452
20251511941,20251109,Property Damage Only,-90.6662153664,41.5845735237
20251511944,20251111,Property Damage Only,-90.5125503009,41.5748833629
20251511946,20251108,Property Damage Only,-92.7861934631,43.1273037378
20251511964,20251111,Property Damage Only,-94.145695969,42.4099152022
20251511968,20251111,Property Damage Only,-90.4764366695,42.1888920826
20251511971,20251111,Property Damage Only,-90.6203921599,41.9405295833
20251511972,20251111,Property Damage Only,-90.2339892809,41.8487611184
20251511974,20251107,Possible/Unknown Injury Crash,-96.6437001508,40.2330912513
20251511976,20251026,Property Damage Only,-91.5814823936,43.1580606087
20251511977,20251104,Property Damage Only,-91.7066441006,42.0807938635
20251511979,20251111,Property Damage Only,-94.1301679007,41.8356208352
20251511993,20251111,Property Damage Only,-95.0747001538,40.7423096444
20251512001,20251111,Property Damage Only,-96.223154464,42.1565151669
20251512002,20251111,Property Damage Only,-92.9102282336,43.119102726
20251512004,20251111,Property Damage Only,-94.206922143,42.4922661011
20251512005,20251111,Property Damage Only,-91.141907366,40.839466949
20251512012,20251111,Property Damage Only,-93.1614172933,43.1117031003
20251512015,20251111,Property Damage Only,-94.3383734609,42.0345435082
20251512017,20251111,Property Damage Only,-91.5556196606,41.9260101157
20251512019,20251111,Property Damage Only,-93.8074243922,41.5416059347
20251512020,20251111,Property Damage Only,-93.5290303978,41.6006271974
20251512025,20251111,Property Damage Only,-93.8013669707,41.7468035439
20251512028,20251108,Property Damage Only,-90.6198351637,41.5602055771
20251512030,20251111,Property Damage Only,-91.3852339743,43.0370649586
20251512031,20251112,Property Damage Only,-92.7535190106,42.0061821247
20251512032,20251111,Property Damage Only,-94.414196013,41.1176310298
20251512035,20251111,Property Damage Only,-96.2107806439,42.1384742435
20251512036,20251111,Property Damage Only,-90.918260509,41.5110217986
20251512037,20251111,Property Damage Only,-90.8280145585,41.515872965
20251512040,20251111,Property Damage Only,-91.0906137456,41.4568920387
20251512041,20251111,Property Damage Only,-90.8565130588,41.5194341238
20251512043,20251109,Property Damage Only,-93.5776558031,41.3877733234
20251512044,20251111,Property Damage Only,-93.5155502876,42.600379764
20251512045,20251112,Possible/Unknown Injury Crash,-93.7222672948,41.6524837095
20251512046,20251111,Property Damage Only,-93.202220864,42.9689086507
20251512048,20251110,Suspected Minor Injury Crash,-91.5788695676,41.6433460841
20251512050,20251112,Property Damage Only,-96.2079908265,42.133545564
20251512056,20251111,Property Damage Only,-96.3265352764,42.6337791548
20251512057,20251112,Property Damage Only,-93.7817971436,41.05895454
20251512062,20251111,Property Damage Only,-93.8512931216,41.6293799473
20251512071,20251111,Property Damage Only,-96.3262592477,42.4606488517
20251512079,20251111,Property Damage Only,-96.1185319164,42.4747792631
20251512085,20251106,Property Damage Only,-95.3339082645,41.6289364927
20251512089,20251110,Property Damage Only,-93.2455856473,41.8201396785
20251512090,20251111,Property Damage Only,-92.962320567,41.7027820572
20251512096,20251106,Property Damage Only,-93.6102106577,41.9927920161
20251512102,20251111,Property Damage Only,-93.6784359752,41.9915804669
20251512103,20251110,Property Damage Only,-94.593098682,42.3988962983
20251512122,20251109,Suspected Minor Injury Crash,-96.3363067441,42.4481102856
20251512136,20251112,Property Damage Only,-92.4811633933,41.0652127882
20251512137,20251112,Property Damage Only,-93.7602098642,41.1767157163
20251512142,20251112,Property Damage Only,-92.8942153119,41.1088684659
20251512143,20251102,Property Damage Only,-93.814549375,42.4433127113
20251512144,20251112,Property Damage Only,-96.3988090085,42.5644827119
20251512147,20251111,Property Damage Only,-92.6399869054,41.1934078934
20251512150,20251112,Property Damage Only,-93.8580001689,41.873850551
20251512151,20251106,Property Damage Only,-92.270650684,40.9002682436
20251512152,20251112,Property Damage Only,-93.8261132112,41.3489305244
20251512156,20251110,Property Damage Only,-96.1025701238,42.8080031689
20251512169,20251110,Property Damage Only,-92.4514141032,41.0487523423
20251512171,20251111,Property Damage Only,-92.4300072949,41.0928960754
20251512172,20251112,Property Damage Only,-93.4185034937,41.3723566106
20251512173,20251111,Property Damage Only,-93.9699026318,41.8347082824
20251512186,20251110,Property Damage Only,-92.688644555,41.24571433
20251512199,20251103,Property Damage Only,-91.9102510813,42.2611415267
20251512217,20251112,Property Damage Only,-92.3369663879,41.3361949455
20251512224,20251110,Property Damage Only,-91.8529686206,41.6804098871
20251512225,20251111,Property Damage Only,-92.1047609034,41.6923297709
20251512226,20251111,Property Damage Only,-92.2754226102,41.8443178581
20251512227,20251112,Property Damage Only,-91.8843249632,41.8034552917
20251512239,20251028,Property Damage Only,-91.6557370877,41.9269558806
20251512250,20251111,Property Damage Only,-95.9261558538,43.1860398436
20251512252,20251106,Property Damage Only,-91.7804626014,43.2888776261
20251512253,20251107,Property Damage Only,-91.8696630617,43.1178680896
20251512255,20251111,Property Damage Only,-91.855084101,43.407823146
20251512257,20251111,Property Damage Only,-91.8432919582,43.2478032218
20251512258,20251110,Property Damage Only,-91.8643849749,43.1692779478
20251512261,20251111,Property Damage Only,-91.0976955085,42.1017810806
20251512278,20251112,Property Damage Only,-95.6533026984,40.5850117475
20251512280,20251111,Property Damage Only,-94.1138499604,42.0346186207
20251512288,20251108,Property Damage Only,-93.3990964998,42.9805034131
20251512290,20251112,Property Damage Only,-92.6458978809,43.0198505561
20251512293,20251110,Property Damage Only,-92.3502610564,41.7465090745
20251512300,20251112,Property Damage Only,-96.57115602,43.4477345699
20251512301,20251112,Property Damage Only,-94.1954762635,42.4631264328
20251512303,20251112,Property Damage Only,-93.8974695453,41.3563318222
20251512314,20251111,Property Damage Only,-93.2122838388,42.8033016026
20251512322,20251109,Property Damage Only,-95.3752960841,41.3716552837
20251512325,20251112,Property Damage Only,-92.4101408765,41.073536889
20251512326,20251112,Property Damage Only,-91.4874965763,42.0481415772
20251512327,20251112,Property Damage Only,-91.5756507413,41.9764532981
20251512328,20251112,Property Damage Only,-91.7662465804,42.012101113
20251512329,20251112,Property Damage Only,-91.7975770052,42.1681168813
20251512331,20251112,Property Damage Only,-91.5650581239,40.8532099026
20251512332,20251112,Property Damage Only,-93.7005822509,40.7187554031
20251512339,20251112,Property Damage Only,-93.5289746494,40.7609737485
20251512341,20251112,Property Damage Only,-90.670301437,42.2019828932
20251512342,20251112,Property Damage Only,-93.6766168018,41.7428322032
20251512348,20251112,Property Damage Only,-94.4683769417,42.034592853
20251512349,20251104,Property Damage Only,-91.67589626,42.0478222846
20251512354,20251107,Property Damage Only,-90.5656789836,41.7069902861
20251512357,20251113,Property Damage Only,-90.6798322229,42.2909529556
20251512358,20251106,Property Damage Only,-93.4787267818,42.6372916635
20251512359,20251107,Property Damage Only,-91.6409349773,41.7050733808
20251512363,20251031,Property Damage Only,-93.6099058922,42.0063936228
20251512367,20251104,Property Damage Only,-91.4127581025,42.8155861124
20251512368,20251112,Property Damage Only,-91.3500553988,41.3720968694
20251512369,20251112,Property Damage Only,-91.038274057,41.5373064991
20251512371,20251112,Property Damage Only,-93.2526811352,43.148376929
20251512372,20251113,Property Damage Only,-94.017673406,41.4566650796
20251512373,20251110,Property Damage Only,-90.9780754975,42.3130640622
20251512375,20251112,Property Damage Only,-90.8995596845,42.5851555883
20251512376,20251112,Property Damage Only,-90.8263807912,42.4405069775
20251512377,20251111,Property Damage Only,-93.6209875922,42.0754774743
20251512391,20251106,Property Damage Only,-93.2009283059,43.1779343102
20251512392,20251112,Property Damage Only,-95.5428874806,41.2893184344
20251512393,20251113,Property Damage Only,-93.971366255,42.1677483111
20251512402,20251111,Property Damage Only,-93.058250234,41.7231475747
20251512403,20251112,Property Damage Only,-93.0583835906,41.8172529447
20251512404,20251112,Property Damage Only,-91.4400508107,40.4455207066
20251512406,20251112,Property Damage Only,-91.5645503459,40.6940201685
20251512414,20251111,Property Damage Only,-95.1488576036,41.4984834393
20251512415,20251112,Property Damage Only,-95.858099674,41.4940510006
20251512416,20251113,Property Damage Only,-93.4632734682,41.9504541335
20251512417,20251111,Property Damage Only,-91.4233704242,40.6004738941
20251512418,20251112,Property Damage Only,-91.3873112398,40.4621472449
20251512419,20251112,Suspected Minor Injury Crash,-91.2245230038,40.7204764015
20251512420,20251110,Property Damage Only,-91.4196006782,40.4330993278
20251512422,20251112,Property Damage Only,-91.3200988907,42.6301612892
20251512423,20251112,Property Damage Only,-91.465209864,42.4667122727
20251512424,20251111,Property Damage Only,-91.1904788022,41.7394095891
20251512425,20251106,Property Damage Only,-91.3388996093,41.6639960163
20251512426,20251106,Property Damage Only,-90.9189653058,41.7424307497
20251512427,20251107,Property Damage Only,-91.3525840517,41.9180703094
20251512428,20251107,Property Damage Only,-90.89959079,41.9419985841
20251512429,20251107,Property Damage Only,-91.1326411079,41.6653955177
20251512430,20251109,Property Damage Only,-91.0581422994,41.6407884522
20251512431,20251110,Property Damage Only,-91.1326592739,41.7013231587
20251512432,20251111,Property Damage Only,-91.3209044842,41.7864230833
20251512434,20251112,Property Damage Only,-94.6575410433,42.4499630863
20251512436,20251113,Property Damage Only,-96.3361704202,42.4485194641
20251512438,20251031,Property Damage Only,-94.4791665792,41.6813071805
20251512439,20251112,Property Damage Only,-92.2714148542,42.476060366
20251512442,20251113,Property Damage Only,-93.5823490115,41.243320472
20251512446,20251113,Property Damage Only,-95.1346013205,43.4222346555
20251512447,20251112,Property Damage Only,-92.4799614311,42.714874691
20251512449,20251112,Property Damage Only,-92.4503023282,42.7226520235
20251512465,20251022,Property Damage Only,-91.0377231009,41.0036252949
20251512466,20251106,Property Damage Only,-91.1515387932,40.7651267641
20251512467,20251112,Property Damage Only,-91.2280919404,40.8268431058
20251512469,20251112,Property Damage Only,-93.5833652904,41.8981270244
20251512471,20251104,Property Damage Only,-91.2902406474,41.2163527795
20251512472,20251111,Property Damage Only,-91.5527018419,40.9008970694
20251512475,20251104,Property Damage Only,-91.1967805048,41.197623757
20251512476,20251112,Property Damage Only,-91.1607727922,41.1782198511
20251512485,20251109,Property Damage Only,-92.6672056505,41.2794246306
20251512486,20251112,Property Damage Only,-92.6404391629,41.2371425524
20251512487,20251112,Property Damage Only,-92.6306040215,41.1717771708
20251512488,20251112,Property Damage Only,-92.6224386237,41.3809293567
20251512489,20251102,Property Damage Only,-92.4526301149,42.4990613949
20251512500,20251105,Property Damage Only,-95.3244702228,42.8512909334
20251512502,20251106,Property Damage Only,-95.0448007442,42.60463222
20251512507,20251113,Property Damage Only,-94.3353571249,41.0500498756
20251512508,20251113,Property Damage Only,-94.3355236711,41.0500479454
20251512509,20251107,Property Damage Only,-95.1484086148,42.353440431
20251512526,20251112,Property Damage Only,-92.9281546501,40.7398402733
20251512528,20251113,Property Damage Only,-90.6186163689,41.9393039641
20251512541,20251111,Property Damage Only,-92.103406616,42.4496168058
20251512546,20251110,Property Damage Only,-92.4556765484,42.5533088478
20251512548,20251107,Property Damage Only,-92.2206942344,42.4497177772
20251512549,20251106,Property Damage Only,-91.8033008579,41.9642547604
20251512558,20251113,Property Damage Only,-92.1931270153,43.0084770527
20251512564,20251113,Property Damage Only,-90.3549930403,41.7439930016
20251512578,20251113,Property Damage Only,-96.1938846333,42.5759491318
20251512583,20251112,Property Damage Only,-95.5016846533,42.3556654585
20251512587,20251113,Property Damage Only,-93.5262258282,41.7028624482
20251512589,20251113,Property Damage Only,-95.4337281034,41.0306598027
20251512590,20251113,Property Damage Only,-92.6816994815,41.9997728466
20251512593,20251113,Property Damage Only,-91.4159801587,42.0197255695
20251512595,20251113,Property Damage Only,-92.9914206337,40.6814949962
20251512596,20251112,Property Damage Only,-91.0389332658,41.5079466695
20251512597,20251113,Property Damage Only,-91.1945362577,41.3423977622
20251512600,20251113,Property Damage Only,-93.2602634095,42.8913107036
20251512608,20251113,Property Damage Only,-93.6613607892,42.7897014404
20251512609,20251113,Property Damage Only,-95.724893226,41.3457645973
20251512621,20251007,Property Damage Only,-91.9911055248,41.0063849513
20251512627,20251113,Property Damage Only,-92.352853836,41.6954898185
20251512631,20251113,Property Damage Only,-93.3080489377,40.9933721657
20251512633,20251112,Property Damage Only,-93.9018882988,42.0346787088
20251512641,20251113,Property Damage Only,-93.6998582786,42.8629739922
20251512647,20251106,Property Damage Only,-92.7273286426,41.7306029436
20251512650,20251113,Possible/Unknown Injury Crash,-91.0564435073,41.4528969823
20251512651,20251113,Property Damage Only,-94.1285019438,42.4500176209
20251512652,20251113,Property Damage Only,-93.6099287917,41.9506063307
20251512653,20251114,Property Damage Only,-93.6093920871,42.0651371215
20251512654,20251113,Property Damage Only,-91.248417479,40.6919436955
20251512655,20251113,Possible/Unknown Injury Crash,-91.5558801975,40.6373037016
20251512666,20251112,Property Damage Only,-93.4873233015,43.1084830068
20251512668,20251112,Property Damage Only,-91.8705361091,41.6871499645
20251512669,20251112,Property Damage Only,-91.8443350714,41.7593048567
20251512670,20251113,Property Damage Only,-92.265735391,41.8445625685
20251512674,20251113,Property Damage Only,-93.6668964134,41.190949763
20251512675,20251113,Property Damage Only,-93.5585791095,41.4088010774
20251512676,20251114,Property Damage Only,-93.558139517,41.4538767815
20251512680,20251113,Property Damage Only,-96.4277327474,42.8944713575
20251512681,20251113,Property Damage Only,-95.1245590453,43.4667306423
20251512687,20251109,Property Damage Only,-91.231233294,41.469210661
20251512689,20251112,Property Damage Only,-92.0028425027,43.3078260842
20251512691,20251112,Property Damage Only,-92.5257605788,41.1016263823
20251512693,20251113,Property Damage Only,-93.4425253022,41.266137983
20251512695,20251114,Property Damage Only,-92.7242977836,43.1343932552
20251512696,20251112,Property Damage Only,-93.1741556274,41.7788020532
20251512697,20251102,Property Damage Only,-91.4420981476,40.4487733902
20251512698,20251112,Property Damage Only,-91.4234970724,40.5996108228
20251512699,20251112,Property Damage Only,-92.9930451083,41.7763578334
20251512702,20251113,Property Damage Only,-91.5399488742,41.3073967164
20251512737,20251112,Property Damage Only,-92.5348566776,42.8176826924
20251512738,20251106,Property Damage Only,-92.3952679776,42.7149811577
20251512748,20251113,Property Damage Only,-94.4931523179,41.7836049245
20251512754,20251113,Property Damage Only,-91.3316930744,41.9182729666
20251512758,20251114,Property Damage Only,-91.7561645968,42.0658864913
20251512761,20251111,Property Damage Only,-91.5947963303,41.0617850977
20251512767,20251103,Property Damage Only,-92.7540079487,43.1272030523
20251512773,20251113,Property Damage Only,-91.1892678527,40.729963493
20251512774,20251113,Property Damage Only,-91.148241198,40.7772165266
20251512775,20251113,Property Damage Only,-91.1549742082,40.7531471769
20251512778,20251113,Property Damage Only,-93.7974365843,40.9811976823
20251512779,20251114,Property Damage Only,-92.6870958254,42.0935551886
20251512781,20251114,Property Damage Only,-91.3413036393,42.8771851782
20251512783,20251114,Property Damage Only,-92.670736034,41.9997058971
20251512784,20251115,Property Damage Only,-92.5239264409,40.6493886863
20251512785,20251115,Property Damage Only,-94.0420446902,41.322965664
20251512787,20251113,Property Damage Only,-92.4754351433,42.7954798169
20251512788,20251106,Property Damage Only,-91.5501336042,42.068475693
20251512789,20251114,Property Damage Only,-93.8511130878,41.3493248339
20251512791,20251114,Property Damage Only,-92.5741655523,42.9788311692
20251512792,20251114,Property Damage Only,-94.7846769485,40.5869243418
20251512793,20251114,Property Damage Only,-90.8540603052,42.1567402324
20251512805,20251108,Property Damage Only,-91.8125746682,42.1915270917
20251512810,20251111,Property Damage Only,-92.6458530901,41.3239852865
20251512811,20251114,Property Damage Only,-91.4046392294,40.9061137968
20251512813,20251114,Property Damage Only,-92.7175075171,43.0816259144
20251512816,20251114,Property Damage Only,-91.5342437248,40.9904726984
20251512819,20251114,Property Damage Only,-90.7625300971,42.4680588865
20251512829,20251114,Property Damage Only,-93.5199244989,41.5275744313
20251512831,20251114,Property Damage Only,-92.3799155846,40.7343773513
20251512833,20251114,Property Damage Only,-90.927936707,41.8552079389
20251512835,20251115,Property Damage Only,-95.9232349176,42.1338485899
20251512837,20251114,Property Damage Only,-90.2364606114,41.8445159075
20251512844,20251115,Property Damage Only,-91.5430142167,40.8440696112
20251512846,20251114,Property Damage Only,-91.4762965086,41.8723688549
20251512848,20251114,Property Damage Only,-93.1644915264,43.162720324
20251512850,20251114,Property Damage Only,-90.341057917,41.6792422602
20251512855,20251113,Property Damage Only,-90.9016097556,41.5171768725
20251512856,20251113,Property Damage Only,-91.0941725924,41.468236708
20251512857,20251113,Property Damage Only,-90.8165416963,41.5145928385
20251512858,20251115,Property Damage Only,-90.8124002015,41.5140997951
20251512860,20251115,Property Damage Only,-91.2492107701,41.7725452724
20251512862,20251114,Property Damage Only,-90.9883871215,41.485700292
20251512867,20251114,Property Damage Only,-92.0425252311,41.5828603296
20251512871,20251115,Property Damage Only,-92.5235846748,40.634243564
20251512874,20251114,Property Damage Only,-91.1075264579,40.7834558087
20251512879,20251114,Possible/Unknown Injury Crash,-93.5031168384,41.6770794945
20251512881,20251114,Property Damage Only,-95.8177097736,41.2201947232
20251512883,20251115,Property Damage Only,-90.6628041089,41.5381299949
20251512900,20251114,Property Damage Only,-94.3892877246,41.0711930548
20251512910,20251114,Property Damage Only,-92.6402928298,41.1898056835
20251512911,20251115,Property Damage Only,-91.4249088139,41.9794641887
20251512913,20251113,Property Damage Only,-92.7878559133,42.3884982519
20251512914,20251114,Property Damage Only,-92.9900018664,42.4623991729
20251512915,20251115,Property Damage Only,-95.7075088855,41.0732762019
20251512916,20251114,Property Damage Only,-92.6456998695,41.3125630294
20251512917,20251114,Property Damage Only,-90.5106370495,41.8077051986
20251512921,20251114,Property Damage Only,-92.925090702,42.4184439945
20251512922,20251115,Property Damage Only,-92.3357369591,43.0569940105
20251512923,20251115,Property Damage Only,-90.6765401989,42.163943589
20251512924,20251115,Property Damage Only,-93.1831090646,41.8973822142
20251512931,20251115,Property Damage Only,-91.1696519941,40.9319698407
20251512932,20251115,Property Damage Only,-91.1696403823,40.9336811164
20251512937,20251115,Property Damage Only,-93.6973080202,41.5306349144
20251512940,20251115,Property Damage Only,-90.6689335021,42.0452916954
20251512945,20251115,Suspected Minor Injury Crash,-92.9154461358,40.739813646
20251512947,20251114,Property Damage Only,-91.5227592925,41.668019865
20251512953,20251115,Property Damage Only,-90.6240659635,42.0587443936
20251512954,20251113,Property Damage Only,-93.7248810991,42.0224413318
20251512955,20251104,Property Damage Only,-90.2740354445,41.7912355573
20251512956,20251115,Property Damage Only,-93.6569544618,43.0096248946
20251512960,20251115,Property Damage Only,-91.5748666172,41.9764345587
20251512962,20251115,Property Damage Only,-90.6722970472,42.1799596394
20251512974,20251115,Property Damage Only,-91.562558358,42.0202861952
20251512978,20251112,Property Damage Only,-91.0754364996,42.5929737572
20251512979,20251113,Property Damage Only,-90.6945517675,42.4119587349
20251512980,20251113,Property Damage Only,-91.1095154342,42.4968955762
20251512981,20251113,Property Damage Only,-91.0836384566,42.3682179513
20251512982,20251114,Property Damage Only,-90.6273992839,42.4231772573
20251512984,20251110,Property Damage Only,-91.4464796424,40.4223651299
20251512985,20251115,Property Damage Only,-91.2782940293,40.6489470076
20251512986,20251116,Property Damage Only,-91.5644503282,40.5413175153
20251512996,20251114,Property Damage Only,-91.8469585815,41.7592411498
20251512997,20251114,Property Damage Only,-92.0068801747,41.7316155641
20251513000,20251114,Property Damage Only,-96.1439064858,42.8451700141
20251513001,20251115,Property Damage Only,-96.6059489174,42.7616375506
20251513003,20251116,Suspected Minor Injury Crash,-93.8465694807,41.17545574
20251513004,20251116,Property Damage Only,-95.1442208782,43.1344764745
20251513009,20251116,Property Damage Only,-93.7996447234,41.003594606
20251513011,20251116,Property Damage Only,-95.1281682263,43.1264561721
20251513012,20251114,Property Damage Only,-94.2908657286,42.7538973802
20251513013,20251115,Property Damage Only,-94.2508146157,42.6592991133
20251513020,20251115,Property Damage Only,-93.9637872653,42.5870934314
20251513023,20251115,Property Damage Only,-93.3512220896,42.9149496681
20251513040,20251111,Property Damage Only,-91.5513642477,41.4272478917
20251513042,20251116,Property Damage Only,-92.7292983745,42.357358034
20251513044,20251111,Property Damage Only,-93.7969953746,41.6148894208
20251513056,20251114,Property Damage Only,-91.5136536289,41.6784854676
20251513058,20251112,Property Damage Only,-95.6012639872,41.6460606948
20251513065,20251116,Property Damage Only,-90.7252942917,42.0897051174
20251513071,20251115,Property Damage Only,-90.7076254828,41.4797065362
20251513074,20251116,Property Damage Only,-93.7555372866,41.6096209508
20251513075,20251116,Property Damage Only,-93.3430941944,43.0684300907
20251513076,20251116,Property Damage Only,-93.2025270007,42.9500873449
20251513081,20251116,Property Damage Only,-90.5678390282,41.8556905462
20251513090,20251117,Property Damage Only,-92.462638213,41.6949747434
20251513092,20251114,Property Damage Only,-93.4388643899,43.1362430572
20251513094,20251116,Property Damage Only,-94.1882487414,42.4957753524
20251513095,20251116,Property Damage Only,-93.8333543255,42.6644388656
20251513098,20251116,Property Damage Only,-93.6770347899,41.5142185793
20251513105,20251113,Property Damage Only,-90.4881782877,41.5606636189
20251513107,20251117,Property Damage Only,-91.7835951908,41.9254996725
20251513108,20251116,Property Damage Only,-96.3609064343,42.5731927151
20251513116,20251115,Property Damage Only,-91.5648805297,40.6896642605
20251513118,20251115,Property Damage Only,-96.0321357255,42.4821783078
20251513120,20251114,Property Damage Only,-93.2543405655,43.1985750726
20251513122,20251114,Property Damage Only,-93.373142241,42.0078037257
20251513125,20251114,Property Damage Only,-91.3767482668,40.6428604711
20251513126,20251113,Property Damage Only,-93.4633027537,41.9411680858
20251513127,20251112,Property Damage Only,-93.6288025706,42.0037337886
20251513132,20251117,Property Damage Only,-93.8135188472,42.4961483208
20251513139,20251115,Property Damage Only,-92.3193527403,41.0758378819
20251513144,20251114,Property Damage Only,-91.417976049,42.6302762761
20251513145,20251114,Property Damage Only,-91.6991827777,42.4612046752
20251513146,20251115,Property Damage Only,-91.12601662,42.4708256594
20251513148,20251116,Property Damage Only,-91.5288741985,41.2212977566
20251513149,20251115,Property Damage Only,-92.8450352658,41.8195861258
20251513151,20251108,Property Damage Only,-96.3761901819,42.5254605326
20251513163,20251114,Possible/Unknown Injury Crash,-96.3268614806,42.5064105161
20251513174,20251116,Property Damage Only,-91.1249278034,41.6451850948
20251513177,20251116,Property Damage Only,-92.0077702944,43.3133977152
20251513181,20251115,Property Damage Only,-93.5741581277,42.4486594964
20251513183,20251113,Property Damage Only,-91.7016845303,42.985550926
20251513185,20251114,Property Damage Only,-91.5109773863,42.5709523375
20251513190,20251114,Property Damage Only,-93.5584925746,41.4475788409
20251513194,20251117,Property Damage Only,-91.4230686179,42.6724825612
20251513204,20251116,Property Damage Only,-95.5545016838,42.6693354486
20251513206,20251114,Property Damage Only,-91.4457585177,41.289787875
20251513210,20251115,Property Damage Only,-92.6343697963,41.3646280429
20251513214,20251114,Property Damage Only,-90.770651634,42.5328750832
20251513228,20251114,Property Damage Only,-95.5502342219,40.7504947614
20251513230,20251113,Property Damage Only,-93.2627259375,42.3607989022
20251513232,20251115,Property Damage Only,-93.0456953693,42.4600669678
20251513233,20251116,Property Damage Only,-93.070849202,42.4072611031
20251513235,20251115,Property Damage Only,-92.4063438384,42.7150571119
20251513237,20251111,Property Damage Only,-94.9939512644,42.6640716707
20251513238,20251112,Property Damage Only,-95.1736140223,42.8759212107
20251513242,20251110,Property Damage Only,-92.5373698924,42.7151029465
20251513243,20251111,Property Damage Only,-92.3374903977,42.6576474766
20251513244,20251114,Property Damage Only,-92.2191700903,42.6620622523
20251513245,20251115,Property Damage Only,-92.0916157875,43.2261285075
20251513249,20251108,Property Damage Only,-92.544772638,42.9049567664
20251513251,20251116,Property Damage Only,-92.9346723611,42.0033028455
20251513252,20251116,Property Damage Only,-92.7853427514,41.9115673455
20251513260,20251113,Property Damage Only,-93.9514971496,41.5425756957
20251513262,20251110,Property Damage Only,-93.1669255606,42.360852312
20251513264,20251117,Property Damage Only,-91.1671374339,41.6946010644
20251513266,20251114,Property Damage Only,-92.2704447882,42.7150735874
20251513267,20251113,Property Damage Only,-93.8438439556,41.5579898499
20251513268,20251116,Property Damage Only,-93.9684695121,41.8347113689
20251513269,20251116,Property Damage Only,-93.7993712342,41.5185134405
20251513272,20251106,Property Damage Only,-93.1558203692,41.6955669596
20251513273,20251107,Property Damage Only,-92.9845605902,41.6820797552
20251513277,20251116,Possible/Unknown Injury Crash,-93.3030488797,41.8159313159
20251513278,20251116,Property Damage Only,-93.7810363688,41.0700936135
20251513287,20251117,Property Damage Only,-94.8864579615,40.6704417428
20251513292,20251109,Property Damage Only,-91.6177209528,41.692979487
20251513295,20251115,Property Damage Only,-91.1475105229,40.7792045464
20251513298,20251115,Property Damage Only,-90.5513789258,41.590631805
20251513301,20251116,Property Damage Only,-91.5192316614,42.4640009168
20251513302,20251116,Property Damage Only,-92.2393324464,42.8475113246
20251513303,20251105,Property Damage Only,-92.465324255,42.4861348753
20251513304,20251105,Property Damage Only,-92.4160082947,42.4822288123
20251513310,20251117,Property Damage Only,-93.5560104587,41.74629832
20251513315,20251114,Property Damage Only,-95.7736889156,41.0465454061
20251513317,20251117,Property Damage Only,-94.0415680557,41.2186437471
20251513321,20251113,Property Damage Only,-93.3633960314,41.7673347607
20251513322,20251110,Property Damage Only,-93.8784000688,41.5638469596
20251513326,20251117,Property Damage Only,-90.5698416358,41.8311195358
20251513331,20251117,Property Damage Only,-93.8805391826,41.5721172381
20251513341,20251117,Property Damage Only,-91.5513656506,41.9711508166
20251513342,20251117,Property Damage Only,-91.5518625425,40.9023638399
20251513344,20251117,Property Damage Only,-93.5226473168,41.6884043646
20251513348,20251114,Property Damage Only,-95.0133892184,43.0245762817
20251513349,20251114,Property Damage Only,-93.5277463808,41.6006240915
20251513350,20251115,Property Damage Only,-93.4870033217,41.5985881146
20251513351,20251116,Property Damage Only,-94.2265746867,42.6750145995
20251513353,20251117,Property Damage Only,-93.843577716,40.7105740923
20251513354,20251117,Possible/Unknown Injury Crash,-95.7729836422,41.1333234058
20251513355,20251116,Property Damage Only,-93.4740082875,43.1301776676
20251513357,20251117,Property Damage Only,-95.5251464288,43.3453480847
20251513358,20251117,Property Damage Only,-93.843577716,40.7105740923
20251513368,20251118,Property Damage Only,-92.2279239793,41.177024119
20251513372,20251115,Property Damage Only,-92.7288286215,43.113530752
20251513379,20251113,Property Damage Only,-90.8864109235,42.4551742138
20251513380,20251115,Property Damage Only,-90.7243577587,42.4167781042
20251513381,20251116,Property Damage Only,-91.1173447305,42.4216664343
20251513392,20251117,Property Damage Only,-93.4780694877,43.2111319377
20251513395,20251117,Property Damage Only,-93.6986323208,42.0840645505
20251513397,20251118,Property Damage Only,-95.8080629129,41.2149726394
20251513398,20251028,Property Damage Only,-92.7038799506,43.0594032141
20251513399,20251118,Property Damage Only,-92.810314601,43.1948554986
20251513401,20251117,Property Damage Only,-94.0908530517,42.5445461384
20251513402,20251118,Property Damage Only,-95.2223013442,40.7423172184
20251513403,20251117,Property Damage Only,-90.9936617823,42.0655698425
20251513411,20251117,Property Damage Only,-93.6251634511,42.308276973
20251513412,20251108,Property Damage Only,-92.6399699463,41.1943266473
20251513413,20251117,Property Damage Only,-92.8106710219,41.3018370239
20251513414,20251118,Property Damage Only,-92.669916539,41.3054288325
20251513416,20251117,Property Damage Only,-91.5498350431,41.3986216763
20251513425,20251114,Property Damage Only,-91.2835555227,41.1832322351
20251513430,20251113,Property Damage Only,-91.4351431386,41.1466237727
20251513435,20251117,Property Damage Only,-95.7269087043,40.8942221393
20251513436,20251117,Property Damage Only,-95.3372685588,42.0849170389
20251513440,20251118,Property Damage Only,-90.6889465933,42.4973240226
20251513465,20251107,Property Damage Only,-94.8327587952,43.3913658105
20251513470,20251117,Property Damage Only,-92.4755816831,42.8591842207
20251513482,20251114,Property Damage Only,-90.1963778874,42.0766620088
20251513485,20251106,Property Damage Only,-94.3563390664,42.8042903354
20251513486,20251118,Property Damage Only,-96.3573108937,42.3804120287
20251513488,20251117,Property Damage Only,-91.9098712653,41.7244132634
20251513531,20251118,Property Damage Only,-95.5545292848,42.6944223616
20251513536,20251118,Property Damage Only,-92.5335820456,42.7284157328
20251513537,20251106,Property Damage Only,-91.6672468332,41.7072910405
20251513538,20251112,Property Damage Only,-92.1062071537,42.7002123528
20251513546,20251118,Property Damage Only,-91.45788185,42.0500710164
20251513553,20251118,Possible/Unknown Injury Crash,-91.4817733118,41.659883908
20251513559,20251118,Property Damage Only,-92.6179113738,43.0048121525
20251513566,20251118,Property Damage Only,-91.3607199522,41.2839783101
20251513573,20251118,Possible/Unknown Injury Crash,-91.0599420925,41.4528029421
20251513575,20251118,Possible/Unknown Injury Crash,-92.8855782973,40.6414487021
20251513578,20251118,Property Damage Only,-91.579635493,41.9253010327
20251513579,20251118,Property Damage Only,-94.3785106116,42.0744166626
20251513580,20251119,Property Damage Only,-94.4681474731,42.0345957889
20251513588,20251118,Property Damage Only,-93.6172398341,42.7509453208
20251513589,20251119,Property Damage Only,-93.8469741988,42.5719234009
20251513590,20251106,Property Damage Only,-91.4329985382,43.3405528766
20251513591,20251109,Property Damage Only,-91.5756697644,43.1520092879
20251513596,20251118,Property Damage Only,-91.4764749296,40.5414789527
20251513598,20251119,Property Damage Only,-94.0177461889,41.4689774622
20251513599,20251119,Property Damage Only,-93.5628363509,41.2641714405
20251513600,20251118,Property Damage Only,-93.6106262779,42.0652746656
20251513601,20251117,Property Damage Only,-95.0033647704,41.4208959984
20251513606,20251118,Property Damage Only,-91.7148860052,41.4510696231
20251513607,20251118,Property Damage Only,-93.911493384,42.0347199136
20251513610,20251118,Property Damage Only,-91.9123511718,43.2842739063
20251513611,20251112,Property Damage Only,-94.7260302535,42.2170717507
20251513612,20251112,Property Damage Only,-91.3625289397,42.7782368312
20251513616,20251119,Property Damage Only,-95.1420696345,43.3562028496
20251513618,20251117,Property Damage Only,-91.2011169899,42.2052170299
20251513620,20251113,Property Damage Only,-91.2244814592,41.7352027362
20251513629,20251117,Property Damage Only,-92.0816495533,42.6930658549
20251513635,20251106,Property Damage Only,-94.0904362646,41.6002487651
20251513636,20251114,Property Damage Only,-92.2569890894,42.3996696946
20251513637,20251116,Property Damage Only,-92.8101472818,42.8546895327
20251513638,20251119,Property Damage Only,-90.4975572345,41.596326017
20251513642,20251118,Property Damage Only,-95.7386340716,41.6684266799
20251513643,20251119,Property Damage Only,-90.7997612771,41.5129489112
20251513655,20251118,Property Damage Only,-92.9373232343,42.4623014193
20251513672,20251111,Property Damage Only,-91.7533171338,42.4631301913
20251513673,20251114,Property Damage Only,-91.9048393379,42.5603549975
20251513674,20251114,Property Damage Only,-91.9085964361,42.637586712
20251513675,20251119,Property Damage Only,-91.7471553108,42.4683763824
20251513683,20251113,Property Damage Only,-93.9031284965,40.6108037228
20251513684,20251116,Property Damage Only,-92.4349318739,42.5898437331
20251513705,20251104,Property Damage Only,-91.8892407238,42.3556292447
20251513706,20251104,Property Damage Only,-91.8892407238,42.3556292447
20251513707,20251105,Property Damage Only,-91.8902252183,42.4479580384
20251513709,20251107,Property Damage Only,-91.9047377449,42.579391922
20251513710,20251108,Property Damage Only,-91.6958104941,42.4490536287
20251513711,20251109,Property Damage Only,-91.841138826,42.454325636
20251513712,20251110,Suspected Minor Injury Crash,-91.8892454105,42.3560525697
20251513713,20251110,Property Damage Only,-91.753343002,42.4599874667
20251513714,20251115,Property Damage Only,-91.88973437,42.4254837506
20251513715,20251112,Property Damage Only,-95.2462322575,42.2173190666
20251513716,20251117,Property Damage Only,-95.2514594993,42.212704709
20251513718,20251105,Property Damage Only,-93.4674955521,42.006458504
20251513719,20251106,Property Damage Only,-93.4058614283,41.9610471702
20251513725,20251115,Property Damage Only,-92.4953155377,42.5514549836
20251513727,20251108,Property Damage Only,-91.6998097433,41.93451558
20251513736,20251115,Property Damage Only,-93.1386820062,42.4336767619
20251513737,20251117,Property Damage Only,-93.0808864092,42.2835373529
20251513738,20251118,Property Damage Only,-93.4482485733,42.448662665
20251513740,20251119,Property Damage Only,-94.0171752104,41.5396535677
20251513741,20251119,Property Damage Only,-91.6230582116,42.2821257767
20251513745,20251109,Property Damage Only,-92.8456813266,42.0514841911
20251513746,20251109,Property Damage Only,-92.9147630806,41.9829797312
20251513747,20251109,Property Damage Only,-92.8431892322,42.0525796163
20251513748,20251112,Property Damage Only,-92.9080251274,42.0682132412
20251513750,20251114,Property Damage Only,-92.880055088,42.0035559903
20251513751,20251116,Property Damage Only,-92.9353489061,42.0745004479
20251513759,20251116,Property Damage Only,-92.4981553501,41.3156174087
20251513764,20251119,Property Damage Only,-93.2807361428,43.0171003698
20251513767,20251119,Property Damage Only,-94.0379126284,41.6884636657
20251513769,20251119,Property Damage Only,-95.2537144097,43.1416998023
20251513770,20251110,Property Damage Only,-93.9718022922,42.1155350213
20251513775,20251119,Property Damage Only,-91.5553098451,41.6654254104
20251513776,20251119,Property Damage Only,-91.4889736697,42.0271133625
20251513779,20251104,Property Damage Only,-93.8986772303,42.0348570072
20251513780,20251109,Property Damage Only,-93.7180020626,42.1666237282
20251513781,20251115,Property Damage Only,-92.5360077374,41.7313317309
20251513788,20251116,Property Damage Only,-91.3778896282,42.8822840555
20251513791,20251119,Property Damage Only,-91.9261010415,41.0536569662
20251513798,20251119,Property Damage Only,-93.4500590584,41.6006572213
20251513800,20251119,Property Damage Only,-93.6987956512,42.7969355601
20251513801,20251119,Property Damage Only,-93.5328626684,42.6664559603
20251513805,20251119,Property Damage Only,-95.6509820096,41.3759883892
20251513807,20251119,Property Damage Only,-93.4551819373,43.1330546215
20251513808,20251119,Property Damage Only,-91.1896479663,40.8660066055
20251513815,20251118,Property Damage Only,-95.4208778472,42.3337170175
20251513818,20251119,Property Damage Only,-91.1127436165,41.5672668046
20251513822,20251120,Property Damage Only,-95.7968330977,41.2671232299
20251513823,20251119,Property Damage Only,-95.1534227018,42.6317459488
20251513836,20251112,Property Damage Only,-92.5265415298,42.542393357
20251513838,20251119,Property Damage Only,-92.4418859685,42.6095462364
20251513839,20251119,Property Damage Only,-91.0176527625,42.3089012821
20251513840,20251120,Property Damage Only,-90.6994858295,42.4538155964
20251513849,20251119,Property Damage Only,-95.8853404098,42.3533280349
20251513850,20251119,Property Damage Only,-96.3161269216,42.3294567599
20251513852,20251118,Property Damage Only,-92.0697024214,41.6893672186
20251513854,20251120,Property Damage Only,-94.377261571,41.9936718088
20251513858,20251119,Suspected Minor Injury Crash,-96.4685281298,42.8408195948
20251513859,20251119,Property Damage Only,-91.4384642219,40.848592727
20251513860,20251119,Property Damage Only,-93.5695141607,42.0093301315
20251513861,20251119,Property Damage Only,-93.0579626186,41.7375590666
20251513864,20251015,Property Damage Only,-93.1721600857,41.9053521711
20251513865,20251120,Property Damage Only,-93.4531831395,41.4844771192
20251513870,20251119,Property Damage Only,-93.7953235203,42.3883404251
20251513872,20251119,Property Damage Only,-91.8050463393,42.8264042185
20251513875,20251120,Property Damage Only,-93.8315759658,41.5804171604
20251513878,20251120,Property Damage Only,-94.3760577652,40.9857864494
20251513881,20251119,Property Damage Only,-93.519839303,41.2360711103
20251513887,20251120,Property Damage Only,-95.8346514541,41.2555970773
20251513893,20251119,Property Damage Only,-94.4140865737,41.1108676032
20251513906,20251119,Property Damage Only,-96.3959705536,42.5673943534
20251513915,20251119,Property Damage Only,-96.3290111961,43.1998309756
20251513920,20251120,Property Damage Only,-93.7707188022,41.5227983576
20251513926,20251118,Property Damage Only,-93.3236558842,41.7980773596
20251513936,20251114,Property Damage Only,-91.3555750322,41.3110078419
20251513962,20251119,Property Damage Only,-91.7089731808,42.0004382977
20251513967,20251117,Property Damage Only,-93.3254723456,43.147913875
20251513969,20251120,Property Damage Only,-96.4689874871,42.8590659209
20251513972,20251120,Property Damage Only,-94.3179748571,41.382899961
20251513973,20251119,Property Damage Only,-94.6784049772,42.6910770919
20251513985,20251120,Property Damage Only,-94.6143372774,43.3996288996
20251513988,20251120,Property Damage Only,-93.5585779362,41.4128544761
20251513994,20251120,Property Damage Only,-91.2154595232,41.4610138107
20251513995,20251120,Property Damage Only,-95.3919099108,41.9920756326
20251513998,20251120,Property Damage Only,-95.4681395778,41.7524699427
20251514004,20251120,Property Damage Only,-91.5916630237,41.6524654343
20251514006,20251119,Property Damage Only,-91.3452868836,40.8269986015
20251514007,20251118,Property Damage Only,-92.4028191755,40.9920297473
20251514009,20251120,Property Damage Only,-91.5887661867,41.6503853335
20251514014,20251119,Property Damage Only,-91.1482690392,40.8444244739
20251514023,20251115,Property Damage Only,-92.07246586,42.4490824075
20251514031,20251112,Property Damage Only,-92.4284532383,42.5719172456
20251514037,20251120,Property Damage Only,-91.5994219442,42.0735910357
20251514046,20251120,Property Damage Only,-92.1999039176,42.4493764072
20251514050,20251121,Property Damage Only,-90.6945095152,42.4114535851
20251514056,20251121,Property Damage Only,-91.2805620091,42.7120268504
20251514063,20251121,Property Damage Only,-91.5514122261,41.9701606999
20251514064,20251121,Property Damage Only,-93.8531264497,42.4492461252
20251514065,20251120,Property Damage Only,-92.6407487486,41.2525198872
20251514067,20251120,Property Damage Only,-91.426253894,40.4157314556
20251514068,20251113,Property Damage Only,-94.7105314846,42.449364464
20251514071,20251114,Property Damage Only,-93.7969821418,42.4070883218
20251514072,20251120,Property Damage Only,-91.4311293761,40.5567358157
20251514073,20251121,Property Damage Only,-94.8604138486,41.497352117
20251514075,20251120,Property Damage Only,-92.5888832063,41.3538815453
20251514084,20251112,Property Damage Only,-91.7278888345,42.1314484732
20251514094,20251120,Property Damage Only,-91.0897483056,41.4317123516
20251514095,20251120,Property Damage Only,-91.2574920264,41.3789105917
20251514097,20251120,Property Damage Only,-93.5576739775,41.5099232659
20251514099,20251111,Property Damage Only,-91.707250286,42.1098819765
20251514101,20251113,Property Damage Only,-91.5644854915,41.6297830583
20251514102,20251114,Property Damage Only,-92.5098548039,41.6949696498
20251514103,20251115,Property Damage Only,-91.6561344898,41.8223039512
20251514104,20251115,Property Damage Only,-91.7603964055,42.1601559179
20251514106,20251117,Property Damage Only,-91.4629996653,41.9178364549
20251514114,20251115,Property Damage Only,-92.6684696966,41.6956807889
20251514118,20251120,Property Damage Only,-94.3033845673,41.0500466456
20251514127,20251121,Property Damage Only,-93.7806580904,41.3812787187
20251514128,20251119,Property Damage Only,-96.3746855647,43.1996438053
20251514140,20251120,Property Damage Only,-90.5678398524,41.8572576062
20251514141,20251120,Property Damage Only,-90.5016911153,41.8077630381
20251514144,20251119,Property Damage Only,-92.3370140537,42.8125116183
20251514145,20251120,Property Damage Only,-92.1892730068,42.7148069448
20251514146,20251121,Property Damage Only,-92.4723027672,42.6616979041
20251514155,20251119,Property Damage Only,-93.6394898601,42.006205602
20251514157,20251119,Property Damage Only,-94.4825995838,43.3818557149
20251514167,20251120,Property Damage Only,-96.6437001508,40.2330912513
20251514168,20251113,Property Damage Only,-96.6437001508,40.2330912513
20251514178,20251121,Property Damage Only,-91.8528014992,42.2199456398
20251514180,20251121,Property Damage Only,-90.5389168458,41.7217123807
20251514193,20251117,Property Damage Only,-95.9267886574,43.4326223003
20251514196,20251121,Property Damage Only,-90.5333869968,41.5568335058
20251514199,20251120,Property Damage Only,-93.7707536731,41.5237168702
20251514205,20251121,Property Damage Only,-93.7967687004,41.541806364
20251514210,20251121,Property Damage Only,-91.5489344232,41.0285454692
20251514220,20251121,Property Damage Only,-91.3062619214,42.471011184
20251514223,20251121,Property Damage Only,-94.1649982555,42.5275160068
20251514227,20251120,Property Damage Only,-92.4336756749,42.5374061056
20251514229,20251122,Property Damage Only,-92.417143714,43.1020660279
20251514236,20251122,Property Damage Only,-91.3271111708,41.453153728
20251514239,20251122,Property Damage Only,-93.5224957124,41.6904586756
20251514257,20251119,Property Damage Only,-91.6192427117,41.6937453514
20251514260,20251122,Property Damage Only,-93.6268817974,41.4992804266
20251514271,20251121,Property Damage Only,-93.5796536275,41.7607908343
20251514275,20251120,Property Damage Only,-94.0135445739,41.6034563954
20251514285,20251122,Property Damage Only,-93.209317812,41.8790355404
20251514286,20251122,Property Damage Only,-92.3556951798,41.53335806
20251514295,20251122,Property Damage Only,-93.5543623539,41.702892292
20251514296,20251122,Property Damage Only,-92.8462332161,42.7449137722
20251514301,20251121,Property Damage Only,-93.916819721,40.5954261315
20251514304,20251122,Property Damage Only,-91.384950585,43.2486696954
20251514309,20251117,Property Damage Only,-93.3195897217,41.8009529591
20251514310,20251117,Property Damage Only,-93.2505717813,41.8513288695
20251514311,20251115,Property Damage Only,-93.3394315191,42.0225531323
20251514314,20251122,Property Damage Only,-95.3864064474,41.9956664923
20251514315,20251121,Property Damage Only,-91.2421028265,40.7273033867
20251514316,20251121,Property Damage Only,-92.6452023438,41.2632800162
20251514317,20251122,Property Damage Only,-92.6429371447,43.0182564691
20251514329,20251122,Property Damage Only,-93.689851902,41.7535168543
20251514333,20251122,Property Damage Only,-91.8024627735,42.1202367756
20251514334,20251122,Property Damage Only,-91.5585845489,42.0202903913
20251514335,20251122,Property Damage Only,-90.9971035607,41.5386590762
20251514337,20251122,Property Damage Only,-94.5660521257,41.2463203164
20251514339,20251122,Property Damage Only,-95.1993387399,43.1564091182
20251514351,20251122,Property Damage Only,-96.1126802189,42.868327661
20251514360,20251021,Property Damage Only,-91.4303451835,40.5336726128
20251514361,20251120,Property Damage Only,-91.4228076408,40.6043037589
20251514362,20251120,Property Damage Only,-91.3271627806,40.6963007573
20251514363,20251121,Property Damage Only,-91.4262719588,40.5760287615
20251514364,20251122,Property Damage Only,-91.3872371498,40.4632722747
20251514365,20251122,Property Damage Only,-91.5647503382,40.5139803441
20251514371,20251119,Property Damage Only,-92.4321247289,42.5405774704
20251514373,20251113,Property Damage Only,-91.7750973193,43.2902700155
20251514374,20251113,Property Damage Only,-91.7469852628,43.2846168039
20251514376,20251114,Property Damage Only,-91.7927238041,43.313355859
20251514377,20251114,Property Damage Only,-91.8041375358,43.2916038626
20251514392,20251123,Property Damage Only,-94.0529064486,40.9362688538
20251514409,20251121,Property Damage Only,-92.0466812073,41.6591130719
20251514424,20251123,Property Damage Only,-95.8021652677,43.178368485
20251514425,20251123,Property Damage Only,-90.6295571937,42.0628385536
20251514426,20251120,Property Damage Only,-91.2467490682,41.1828217859
20251514427,20251120,Property Damage Only,-90.5656171727,41.6997119764
20251514429,20251121,Property Damage Only,-90.6785358801,41.5617845967
20251514430,20251123,Suspected Minor Injury Crash,-90.743664019,41.7117414779
20251514431,20251123,Property Damage Only,-93.5585684954,41.5094325261
20251514438,20251123,Property Damage Only,-91.2501042137,41.4153762078
20251514441,20251123,Property Damage Only,-93.7975695305,41.746082389
20251514447,20251123,Property Damage Only,-92.8577594239,40.7929978045
20251514453,20251120,Property Damage Only,-90.7824964359,41.7062293317
20251514465,20251123,Property Damage Only,-93.600707296,41.6706031033
20251514467,20251109,Property Damage Only,-95.111251593,42.0219173966
20251514469,20251124,Property Damage Only,-92.0372876411,41.6591968989
20251514479,20251121,Property Damage Only,-93.4048499359,41.9213400429
20251514484,20251123,Property Damage Only,-91.4519799557,40.5196230831
20251514488,20251120,Property Damage Only,-90.7337147766,42.4475006865
20251514489,20251120,Property Damage Only,-90.9730507879,42.440710028
20251514490,20251120,Property Damage Only,-90.9730386366,42.440709813
20251514491,20251121,Property Damage Only,-90.736757623,42.4612579241
20251514497,20251123,Property Damage Only,-96.2839703664,42.4751964094
20251514498,20251123,Property Damage Only,-93.3618203871,41.4128668071
20251514501,20251123,Property Damage Only,-95.0775476394,43.4538006311
20251514502,20251123,Property Damage Only,-95.0930260547,43.4259748301
20251514510,20251121,Property Damage Only,-96.1970280653,42.4750637446
20251514511,20251121,Property Damage Only,-91.8545524249,43.0910455795
20251514512,20251122,Property Damage Only,-91.90747874,43.3491858678
20251514514,20251122,Property Damage Only,-91.8135076574,43.3010301194
20251514515,20251124,Property Damage Only,-91.7291688099,43.2730655317
20251514516,20251119,Property Damage Only,-93.2060522395,43.1868489526
20251514517,20251122,Property Damage Only,-93.4042788724,43.0675549275
20251514518,20251122,Property Damage Only,-93.2107442735,43.2164570886
20251514524,20251124,Property Damage Only,-96.238965059,42.7213468436
20251514525,20251121,Property Damage Only,-93.121153243,41.5114817304
20251514526,20251121,Suspected Minor Injury Crash,-94.7651814864,42.4490129556
20251514530,20251123,Possible/Unknown Injury Crash,-92.411008945,41.0496248867
20251514533,20251121,Property Damage Only,-93.4624103313,41.3466609138
20251514542,20251117,Property Damage Only,-91.9420192425,42.2827294004
20251514569,20251124,Property Damage Only,-90.3064823993,41.918532796
20251514582,20251122,Property Damage Only,-92.3366054229,42.7626014449
20251514586,20251124,Property Damage Only,-91.1851041504,41.740243465
20251514588,20251121,Property Damage Only,-93.1224745407,43.0598738691
20251514590,20251124,Property Damage Only,-91.3635117653,40.8270784614
20251514591,20251124,Property Damage Only,-91.3450379396,40.8269950298
20251514592,20251121,Property Damage Only,-92.0955425785,41.0093056298
20251514601,20251119,Property Damage Only,-92.7878153312,42.3752952925
20251514605,20251121,Property Damage Only,-91.1880645177,42.21773686
20251514608,20251120,Property Damage Only,-95.5226782882,42.7567306732
20251514610,20251123,Property Damage Only,-91.0415256558,41.451734192
20251514617,20251104,Property Damage Only,-91.6446199778,41.6938583511
20251514622,20251123,Property Damage Only,-92.3447164388,41.6956418628
20251514635,20251103,Property Damage Only,-91.5385542828,41.6367158063
20251514636,20251116,Property Damage Only,-91.1441273217,42.2675658591
20251514637,20251122,Property Damage Only,-91.2623603349,43.1758453483
20251514641,20251118,Property Damage Only,-91.9803040922,42.5373305102
20251514648,20251119,Property Damage Only,-91.9268575686,42.3120923265
20251514678,20251124,Property Damage Only,-90.6170808014,42.1607331135
20251514680,20251123,Property Damage Only,-91.1621784258,40.8158129329
20251514684,20251124,Property Damage Only,-91.3384920358,40.8269909998
20251514685,20251124,Property Damage Only,-91.5196436309,42.8697430282
20251514686,20251124,Property Damage Only,-91.4030969195,42.6932241973
20251514691,20251115,Property Damage Only,-93.0244403195,41.2398181913
20251514692,20251117,Property Damage Only,-93.0265988964,41.3245180216
20251514694,20251120,Property Damage Only,-93.1452960485,41.197896465
20251514697,20251121,Property Damage Only,-93.1097224239,41.3844329296
20251514699,20251124,Property Damage Only,-93.0075501771,41.3096941047
20251514700,20251121,Property Damage Only,-93.0239732874,41.3332831128
20251514703,20251104,Property Damage Only,-91.577995205,42.6879829978
20251514704,20251125,Property Damage Only,-90.5793731561,42.1852489972
20251514705,20250601,Property Damage Only,-92.2880314802,42.4601163378
20251514707,20251125,Property Damage Only,-91.2496853638,41.415378842
20251514715,20251027,Property Damage Only,-93.292376668,43.284244973
20251514724,20251122,Property Damage Only,-93.0391260687,43.1178435499
20251514726,20251125,Property Damage Only,-92.8119809096,41.0029179141
20251514727,20251104,Property Damage Only,-92.2992157863,42.1466280151
20251514729,20251120,Property Damage Only,-90.5008448908,41.8075464877
20251514754,20251124,Property Damage Only,-95.966306212,42.2332400095
20251514762,20251120,Property Damage Only,-92.0717530509,42.8474820217
20251514763,20251123,Property Damage Only,-92.0717041035,42.8474816248
20251514766,20251121,Property Damage Only,-91.8143416947,42.923738375
20251514774,20251107,Property Damage Only,-94.5022763303,41.6505642913
20251514776,20251122,Property Damage Only,-93.5581839821,41.348623286
20251514778,20251122,Property Damage Only,-94.5374170599,42.5168652867
20251514784,20251119,Property Damage Only,-96.3447357507,42.4502235646
20251514801,20251124,Property Damage Only,-94.0230513729,41.6393104787
20251514802,20251125,Property Damage Only,-93.1223966908,43.1133183453
20251514803,20251124,Property Damage Only,-91.1004337459,42.4861549489
20251514813,20251120,Property Damage Only,-92.9578206609,42.0035208381
20251514814,20251122,Property Damage Only,-93.0261220336,42.1875647869
20251514815,20251125,Property Damage Only,-92.9664766481,42.0074596022
20251514832,20251117,Property Damage Only,-93.7889474116,42.5076854292
20251514833,20251122,Property Damage Only,-91.87310694,42.4688015097
20251514835,20251119,Property Damage Only,-92.9080632497,42.0753014294
20251514844,20251107,Property Damage Only,-92.9067356408,42.1233320765
20251514845,20251107,Property Damage Only,-92.844436958,42.0067556443
20251514846,20251107,Property Damage Only,-92.8572870582,42.0494096809
20251514847,20251108,Property Damage Only,-92.8582900592,42.0928765476
20251514889,20251122,Property Damage Only,-95.6871542486,41.8018679063
20251514895,20251123,Property Damage Only,-91.1910805845,42.7854267963
20251514900,20251124,Property Damage Only,-95.8786359569,41.7532867877
20251514909,20251125,Property Damage Only,-91.0864947782,41.5329944181
20251514912,20251125,Property Damage Only,-93.9614094411,42.0369155063
20251514913,20251125,Property Damage Only,-93.9478928199,42.0338396424
20251514917,20251118,Property Damage Only,-92.8684935793,40.8795641303
20251514922,20251125,Property Damage Only,-93.8246155878,42.4598655729
20251514927,20251124,Property Damage Only,-91.3205556438,40.6605955741
20251514929,20250917,Property Damage Only,-93.8087264473,41.3126633017
20251514931,20251023,Property Damage Only,-93.9576183235,41.3443804315
20251514932,20251027,Property Damage Only,-94.0307924335,41.4239145813
20251514936,20251124,Property Damage Only,-91.8555024694,41.8469895149
20251514937,20251126,Property Damage Only,-91.87110533,41.8282748541
20251514939,20251125,Property Damage Only,-96.1909091231,42.4750543396
20251514953,20251121,Property Damage Only,-91.2876453267,41.6708993635
20251514956,20251119,Property Damage Only,-96.323519747,42.468166188
20251514961,20251124,Property Damage Only,-91.7442785108,43.4429202877
20251514966,20251125,Property Damage Only,-94.8160899922,41.6741971983
20251514967,20251122,Property Damage Only,-93.0507915111,43.1477351703
20251514973,20251123,Property Damage Only,-92.3988705674,42.6858762612
20251514981,20251030,Property Damage Only,-91.9120795571,43.2047066591
20251514983,20251124,Property Damage Only,-96.1041234754,41.9208920899
20251514984,20251124,Property Damage Only,-91.196602678,41.229281658
20251514988,20251111,Property Damage Only,-91.8701189433,41.8727042493
20251514991,20251114,Property Damage Only,-92.1237272351,42.1810778589
20251514999,20251121,Property Damage Only,-91.929255945,42.0942729928
20251515004,20251122,Property Damage Only,-91.7163196293,41.3046710521
20251515031,20251126,Property Damage Only,-94.0945971755,41.83172318
20251515044,20251119,Property Damage Only,-92.3796871729,43.2988567998
20251515068,20251126,Property Damage Only,-91.1631941984,42.2473036372
20251515099,20251126,Property Damage Only,-92.4752256786,41.9641678939
20251515100,20251126,Property Damage Only,-93.2325536414,41.0004224676
20251515117,20251126,Property Damage Only,-91.9024385819,41.7676385612
20251515145,20251114,Property Damage Only,-96.0044005494,42.9974180043
20251515149,20251103,Property Damage Only,-94.2907825307,42.4463776045
20251515151,20251126,Property Damage Only,-92.4254633886,42.5591501691
20251515153,20251119,Property Damage Only,-92.2471316268,42.3867088228
20251515154,20251127,Property Damage Only,-93.6977817718,41.6504282168
20251515157,20251127,Property Damage Only,-91.1223561154,42.7871658313
20251515158,20251127,Property Damage Only,-92.3414323944,42.6783559903
20251515159,20251127,Property Damage Only,-95.2732766983,42.028682885
20251515161,20251127,Property Damage Only,-93.2977955056,41.0688335524
20251515162,20251127,Property Damage Only,-95.7792693764,42.2000701483
20251515168,20251126,Property Damage Only,-92.29889091,43.2404453363
20251515173,20251123,Property Damage Only,-92.064583085,42.4492705089
20251515186,20251128,Property Damage Only,-95.816907756,41.2792603771
20251515214,20251127,Property Damage Only,-91.4682972339,41.671044655
20251515246,20251128,Property Damage Only,-92.8103396266,42.8838219754
20251515252,20251126,Property Damage Only,-91.5912544481,40.9672406676
20251515253,20251128,Property Damage Only,-90.7298934336,42.242541847
20251515271,20251127,Property Damage Only,-95.7344561765,41.1309756402
20251515276,20251119,Property Damage Only,-92.6554130253,41.2852810222
20251515295,20251128,Property Damage Only,-91.3776918943,42.8823532931
20251515307,20251128,Property Damage Only,-93.9373807086,42.0345474277
20251515318,20251115,Property Damage Only,-91.6783517391,40.9750191408
20251515396,20251125,Suspected Minor Injury Crash,-93.87906571,41.5766771538
20251515461,20250919,Property Damage Only,-92.8120197604,40.7374393823
20251515567,20251122,Property Damage Only,-91.4808579488,41.249579101
20251515585,20251125,Property Damage Only,-95.8089305031,41.8791215108
20251515603,20251126,Property Damage Only,-94.2266341535,42.6879637607
20251515604,20251127,Property Damage Only,-93.7851704103,42.4490023118
20251515609,20251125,Property Damage Only,-95.2088044188,41.6089835527
20251515616,20251130,Possible/Unknown Injury Crash,-93.8118721848,41.7892334918
20251515625,20251130,Property Damage Only,-91.3597402864,41.5900792507
20251515633,20251130,Property Damage Only,-95.32442841,42.0159953081
20251515663,20251122,Property Damage Only,-90.6015463013,42.4062853466
20251515669,20251127,Property Damage Only,-93.6986347909,42.0842896971
20251515675,20251127,Property Damage Only,-93.1325217176,42.2446183386
20251515676,20251128,Property Damage Only,-93.1403192163,42.3609510029
20251515679,20251127,Property Damage Only,-92.4411192645,42.46463944
20251515699,20251128,Property Damage Only,-93.9439180213,42.3836919035
20251515701,20251130,Property Damage Only,-90.9768256149,41.9684411391
20251515705,20251111,Property Damage Only,-93.6100662979,41.9738788409
20251515707,20251120,Possible/Unknown Injury Crash,-93.6152716635,42.0043114817
20251515708,20251122,Property Damage Only,-93.5714723217,42.0230194301
20251515712,20251124,Property Damage Only,-93.5855043942,42.0344591104
20251515736,20251128,Property Damage Only,-91.7199666469,43.4507455213
20251515739,20251127,Property Damage Only,-95.6321757905,41.1699269481
20251515743,20251127,Property Damage Only,-95.8146012112,41.2300337856
20251515746,20251127,Property Damage Only,-92.6624694359,41.2066815656
20251515755,20251122,Property Damage Only,-91.5475140033,41.0374272628
20251515794,20251126,Property Damage Only,-91.5302455776,42.5997665744
20251515795,20251128,Property Damage Only,-91.3551078979,42.614099538
20251515796,20251128,Property Damage Only,-91.480716292,42.4502044038
20251515799,20251127,Property Damage Only,-92.6048687759,41.2961261125
20251515800,20251127,Property Damage Only,-95.4793540935,41.9213066494
20251515814,20251116,Property Damage Only,-91.9856051699,40.981996927
20251515815,20251125,Property Damage Only,-91.9680870735,41.0320971933
20251515836,20251115,Property Damage Only,-91.8636204213,42.226753912
20251515855,20251126,Property Damage Only,-91.5354586571,40.7259222629
20251515872,20251124,Property Damage Only,-92.6953316081,42.4634716715
20251515902,20251126,Property Damage Only,-91.4388423793,40.5216263482
20251515910,20251126,Property Damage Only,-93.4541119082,42.4489367818
20251515940,20251126,Property Damage Only,-94.1647518593,41.5970158373
20251515945,20251108,Property Damage Only,-91.5015416902,41.8434748384
20251515949,20251124,Property Damage Only,-93.2633974269,41.8415186808
20251515953,20251127,Property Damage Only,-93.4509803319,41.6708828086
20251515972,20251124,Property Damage Only,-92.2983876548,43.2767759726
20251515989,20251126,Property Damage Only,-95.6282233779,40.6872334678
20251515991,20251120,Property Damage Only,-91.7128588129,41.2978227538
20251515996,20251128,Property Damage Only,-93.2022451055,42.7813465619
20251516044,20251201,Property Damage Only,-94.041476168,41.3060185978
20251516061,20251128,Property Damage Only,-91.2133135049,40.9597139594
20251516077,20251127,Property Damage Only,-93.4012538635,43.1084119661
20251516078,20251122,Property Damage Only,-95.1112337014,42.0326888788
20251516093,20251201,Property Damage Only,-92.5532900661,42.956995229
20251516103,20251105,Property Damage Only,-93.4382949816,41.6727062923
20251516113,20251124,Property Damage Only,-93.9023948743,41.55844596
20251516151,20251201,Property Damage Only,-95.1674057866,41.0149735477
20251516179,20251201,Property Damage Only,-93.2026402236,42.9434953597
20251516190,20251124,Suspected Minor Injury Crash,-93.5636084298,42.0229682472
20251516202,20251202,Property Damage Only,-92.4958473385,41.3158955692
20251516208,20251125,Property Damage Only,-92.4045051843,40.9605547853
20251516209,20251126,Property Damage Only,-92.5190022205,41.0763487862
20251516235,20251107,Property Damage Only,-94.9369135857,41.70656586
20251516240,20251202,Possible/Unknown Injury Crash,-94.8043689574,42.2604628613
20251516254,20251128,Property Damage Only,-91.4035313895,42.4708947162
20251516259,20250715,Property Damage Only,-92.4092444204,40.8847743943
20251516293,20251126,Property Damage Only,-92.432391056,40.798472834
20251516295,20251126,Property Damage Only,-92.0646663518,42.3553214011
20251516322,20251202,Property Damage Only,-91.8051084107,42.8136534715
20251516358,20251201,Property Damage Only,-91.6020079879,41.6616706875
20251516370,20251201,Property Damage Only,-91.1899788163,42.1349664829
20251516371,20251202,Property Damage Only,-91.3223308789,42.1159854404
20251516400,20251130,Property Damage Only,-91.2466474846,41.4771206547
20251516401,20251130,Property Damage Only,-91.0453666574,41.4521958457
20251516444,20251202,Property Damage Only,-92.6792060711,42.0826445287
20251516473,20251202,Property Damage Only,-95.8373305102,41.3020038202
20251516474,20251202,Property Damage Only,-95.7825815239,41.3002881547
20251516477,20250531,Property Damage Only,-92.4189489338,40.7208513495
20251516500,20251202,Property Damage Only,-95.9373075392,43.3456187963
20251516501,20251126,Property Damage Only,-91.4469464882,40.4584237559
20251516505,20251202,Property Damage Only,-91.3969949915,42.4414991442
20251516531,20251202,Property Damage Only,-90.6262567018,42.4160934358
20251516563,20251203,Property Damage Only,-91.8485325091,42.4530222724
20251516574,20251120,Property Damage Only,-92.2971247478,40.6969857085
20251516595,20251203,Property Damage Only,-91.2494205806,41.7059537235
20251516599,20251122,Property Damage Only,-93.4441602221,42.0057856041
20251516610,20251203,Property Damage Only,-91.8733495256,41.804672159
20251516619,20251202,Property Damage Only,-96.3374636771,43.1997825227
20251516629,20251202,Property Damage Only,-92.8921293012,40.7374159275
20251516650,20251203,Property Damage Only,-91.1425663432,40.8553672975
20251516653,20251126,Property Damage Only,-91.4106519243,42.8772415995
20251516655,20251126,Property Damage Only,-93.7958403918,42.2463378984
20251516714,20251127,Property Damage Only,-92.9662861689,41.3808772456
20251516715,20251128,Property Damage Only,-93.0300228721,41.4167105527
20251516717,20251201,Property Damage Only,-92.9190971445,41.4361964202
20251516720,20251202,Property Damage Only,-93.0625328081,41.3273415427
20251516725,20251204,Property Damage Only,-93.6168734143,42.8322208361
20251516735,20251125,Property Damage Only,-92.7856557787,42.04489404
20251516753,20251203,Property Damage Only,-95.7438669547,41.1969321088
20251516755,20251204,Property Damage Only,-90.7033692082,42.5324822987
20251516768,20251203,Property Damage Only,-92.9489231089,41.5612460221
20251516774,20251203,Property Damage Only,-91.8140293083,43.2075230911
20251516777,20251203,Property Damage Only,-90.4112526337,41.6956608839
20251516780,20251118,Property Damage Only,-93.2025755822,42.9349945819
20251516781,20251120,Property Damage Only,-92.6674523357,42.5646558885
20251516784,20251203,Property Damage Only,-91.1965311226,41.229280537
20251516793,20251203,Property Damage Only,-92.8340356237,40.9376777781
20251516795,20251204,Property Damage Only,-91.5668354571,43.1816322804
20251516808,20251120,Property Damage Only,-95.7511786081,41.7516387482
20251516839,20251203,Property Damage Only,-94.0275916721,41.517592314
20251516850,20251202,Property Damage Only,-92.928076118,43.1197456794
20251516864,20251128,Property Damage Only,-91.0974158295,40.8511452023
20251516866,20251203,Property Damage Only,-91.1349993494,40.8443007168
20251516924,20251120,Property Damage Only,-92.4347926004,42.0030197707
20251516933,20251204,Property Damage Only,-95.7624202428,41.0697923446
20251516934,20251203,Property Damage Only,-90.4326030985,41.6231994508
20251516957,20251117,Property Damage Only,-90.9015704493,42.3233602762
20251516960,20251104,Property Damage Only,-93.7769966778,41.6076764746
20251516965,20251108,Property Damage Only,-94.0332390697,41.5358444068
20251516970,20251119,Property Damage Only,-94.0236287078,41.5391279233
20251517003,20251203,Property Damage Only,-92.9809668819,40.7395007182
20251517018,20251204,Property Damage Only,-93.655054783,41.451032803
20251517027,20251203,Property Damage Only,-95.9683883145,42.2331951034
20251517028,20251204,Property Damage Only,-91.8290452749,43.3368209551
20251517036,20251120,Property Damage Only,-95.3251225304,41.684701705
20251517044,20251204,Property Damage Only,-94.1962897505,41.613499123
20251517053,20251118,Property Damage Only,-91.7549845579,41.9492404258
20251517083,20251117,Property Damage Only,-91.6702020062,41.8733011495
20251517115,20251201,Property Damage Only,-92.8679040631,40.7221120599
20251517120,20251205,Property Damage Only,-92.500158601,43.3639372539
20251517122,20251204,Property Damage Only,-93.6787780531,42.0260376455
20251517136,20251204,Property Damage Only,-91.0956339827,40.9422645154
20251517140,20251205,Property Damage Only,-95.8806932395,42.0074453191
20251517141,20251205,Property Damage Only,-91.0771248945,42.6648459876
20251517153,20251203,Property Damage Only,-91.2611589122,42.3358722606
20251517156,20251205,Property Damage Only,-93.6063089903,41.3563695739
20251517164,20251113,Property Damage Only,-93.2245367335,41.3383180859
20251517168,20251205,Property Damage Only,-94.2188004006,41.3165546746
20251517174,20251205,Property Damage Only,-93.9085916995,41.9649691994
20251517175,20251205,Property Damage Only,-94.2060698007,41.3181389913
20251517177,20251205,Property Damage Only,-90.7332501111,42.5152832334
20251517211,20251205,Property Damage Only,-91.5493879871,42.1960746281
20251517212,20251205,Property Damage Only,-94.2209548976,43.1259597141
20251517213,20251206,Property Damage Only,-91.1696441022,41.6689180955
20251517214,20251205,Property Damage Only,-93.9696798908,42.368454957
20251517220,20251205,Property Damage Only,-90.7846901757,41.8294233086
20251517228,20251206,Property Damage Only,-91.4873157346,42.7561527738
20251517229,20251201,Property Damage Only,-93.8805591266,41.5727025541
20251517237,20251206,Property Damage Only,-90.1935388823,42.0368604989
20251517244,20251206,Property Damage Only,-93.5030257928,41.5649760023
20251517264,20251206,Property Damage Only,-92.3473133921,41.2789742502
20251517267,20251123,Property Damage Only,-92.4212049831,42.5374878888
20251517280,20251205,Property Damage Only,-95.3554156099,42.0525753247
20251517285,20251205,Property Damage Only,-96.4525678705,42.5729315243
20251517293,20251204,Property Damage Only,-96.3095551002,42.5846930522
20251517302,20251205,Property Damage Only,-90.7678078579,42.2421066149
20251517323,20251206,Property Damage Only,-93.4647808501,41.0166554383
20251517336,20251206,Property Damage Only,-91.5341773549,42.2384347516
20251517349,20251205,Property Damage Only,-91.1999799737,41.4531436587
20251517354,20251206,Property Damage Only,-91.5827510622,41.9256637704
20251517355,20251206,Property Damage Only,-91.5888967709,41.9258925854
20251517367,20251205,Possible/Unknown Injury Crash,-95.8004815719,41.2639542809
20251517400,20251126,Property Damage Only,-91.7435158036,43.2819134058
20251517430,20251206,Property Damage Only,-92.1706226663,41.4186432365
20251517476,20251207,Property Damage Only,-91.3852602589,41.9157966325
20251517492,20251207,Property Damage Only,-90.6560716297,41.9994510637
20251517503,20251206,Property Damage Only,-91.5289303236,41.1905738296
20251517525,20251205,Property Damage Only,-92.8577594239,40.7929978045
20251517528,20251207,Property Damage Only,-93.8492716853,41.8772119043
20251517534,20251207,Property Damage Only,-91.4816798313,41.9177878171
20251517536,20251109,Property Damage Only,-92.9406889036,41.3061750554
20251517539,20251112,Property Damage Only,-92.9142070945,41.3592138108
20251517540,20251112,Property Damage Only,-92.9406889036,41.3061750554
20251517541,20251112,Property Damage Only,-93.2421712269,41.2429800986
20251517542,20251113,Property Damage Only,-93.0266240596,41.4156124639
20251517552,20251203,Property Damage Only,-91.7074673854,42.0348528074
20251517563,20251206,Property Damage Only,-91.3599342119,40.6461360479
20251517569,20251204,Property Damage Only,-93.5837739827,42.1659982912
20251517576,20251205,Property Damage Only,-91.5367886968,42.4982137455
20251517577,20251205,Property Damage Only,-93.9989963479,41.6140950506
20251517584,20251208,Property Damage Only,-90.2992088738,41.7775202329
20251517585,20251202,Property Damage Only,-91.910793453,41.6833233253
20251517586,20251206,Property Damage Only,-92.1824938092,41.7277571816
20251517591,20251205,Property Damage Only,-91.4263970517,40.4070581115
20251517609,20251205,Property Damage Only,-93.8737972104,42.0344997269
20251517610,20251203,Property Damage Only,-91.9743314177,43.2984973945
20251517612,20251205,Property Damage Only,-91.9371822715,43.1356783339
20251517614,20251206,Property Damage Only,-92.0549162758,43.2128554677
20251517622,20251204,Property Damage Only,-92.9825500005,42.0074001243
20251517651,20251205,Property Damage Only,-93.0703608669,41.0721425117
20251517656,20251205,Property Damage Only,-92.651635906,41.5054873953
20251517689,20251126,Property Damage Only,-91.8691715463,42.0587248589
20251517696,20251205,Property Damage Only,-96.3020466403,43.0841390792
20251517699,20251124,Property Damage Only,-93.7759140107,40.5946569032
20251517700,20251205,Property Damage Only,-91.3769121841,41.2796410863
20251517701,20251206,Property Damage Only,-91.3393205104,41.2788346044
20251517702,20251207,Property Damage Only,-91.1980167616,41.2064612839
20251517715,20251206,Property Damage Only,-92.1766092443,42.3253703247
20251517734,20251202,Property Damage Only,-93.1373818795,42.2444054758
20251517749,20251205,Property Damage Only,-92.8102874409,43.1917037799
20251517751,20251204,Possible/Unknown Injury Crash,-94.9164255054,42.4541208851
20251517783,20251203,Property Damage Only,-96.6437001508,40.2330912513
20251517788,20251208,Property Damage Only,-92.1679268409,43.4509120419
20251517806,20251208,Property Damage Only,-91.0025465986,41.4423541103
20251517807,20251208,Property Damage Only,-93.4838743778,41.6182551353
20251517813,20251208,Property Damage Only,-93.5442181918,41.7028687222
20251517819,20251206,Property Damage Only,-91.7703671671,42.1978370027
20251517821,20251208,Property Damage Only,-91.0381980317,41.5814381231
20251517828,20251120,Property Damage Only,-93.7272231589,41.6147394913
20251517830,20251208,Property Damage Only,-90.6914549008,42.0636326907
20251517849,20251208,Property Damage Only,-90.6555265776,42.4025937687
20251517857,20251209,Property Damage Only,-92.3906645239,41.9643176476
20251517868,20251208,Property Damage Only,-96.3943244596,42.5684876952
20251517870,20251209,Property Damage Only,-92.6388707744,43.0671229088
20251517872,20251208,Property Damage Only,-93.5763897168,42.1660536406
20251517876,20251209,Property Damage Only,-92.4297497506,41.9646265202
20251517877,20251208,Property Damage Only,-93.655858232,41.4250056234
20251517879,20251206,Property Damage Only,-91.5508168489,41.3840422915
20251517899,20251208,Property Damage Only,-94.1611716436,41.6883831377
20251517904,20251209,Property Damage Only,-93.7794343847,41.3448874558
20251517922,20251205,Property Damage Only,-90.1837212161,41.9007260623
20251517924,20251208,Property Damage Only,-93.086548959,41.3162284627
20251517925,20251208,Property Damage Only,-93.3520816815,42.4483589695
20251517944,20251209,Property Damage Only,-92.0455560967,41.8204539287
20251517947,20251126,Property Damage Only,-91.5435304496,41.6860284677
20251517980,20251208,Property Damage Only,-96.5045240843,42.9451410854
20251517985,20251205,Property Damage Only,-91.0355740398,41.6513208404
20251518007,20251207,Property Damage Only,-90.5859311197,41.5455204524
20251518023,20251209,Property Damage Only,-90.770116858,42.5003377032
20251518025,20251208,Property Damage Only,-94.5400146384,41.5115291198
20251518033,20251206,Property Damage Only,-91.576387581,41.9254679519
20251518034,20251119,Property Damage Only,-91.7123911878,41.9374764218
20251518042,20251209,Property Damage Only,-95.6361908977,43.0845209359
20251518043,20251209,Property Damage Only,-96.2274366923,42.7326399377
20251518044,20251209,Property Damage Only,-91.7018668417,42.0986714347
20251518059,20251209,Property Damage Only,-92.4402663512,41.806590917
20251518069,20251209,Property Damage Only,-93.8848933372,42.0227152566
20251518092,20251209,Property Damage Only,-95.7828459773,41.300047591
20251518093,20251208,Property Damage Only,-93.9592209268,42.0327818311
20251518094,20251203,Property Damage Only,-92.9485486698,42.4340012717
20251518119,20251209,Property Damage Only,-93.4425213072,41.2637779579
20251518124,20251209,Property Damage Only,-91.3623918696,40.6355862577
20251518130,20251126,Property Damage Only,-92.0381503232,41.0151826388
20251518135,20251209,Property Damage Only,-96.5424035245,42.6614441356
20251518140,20251208,Property Damage Only,-93.6116000821,42.8632453383
20251518158,20251209,Property Damage Only,-94.4730824543,41.6810971204
20251518174,20251207,Property Damage Only,-94.4525510141,41.4922481908
20251518222,20251124,Property Damage Only,-91.5080474987,43.2405448477
20251518223,20251202,Property Damage Only,-95.7937767126,42.1860114127
20251518226,20251209,Property Damage Only,-91.8000690405,41.9641309587
20251518227,20251121,Property Damage Only,-93.1194194415,42.3606054255
20251518235,20251209,Property Damage Only,-91.3070739218,42.9928742921
20251518253,20251125,Property Damage Only,-93.8385551764,41.8779211296
20251518255,20251210,Property Damage Only,-91.5994065774,42.0808859243
20251518257,20251210,Property Damage Only,-90.8301594119,41.515877444
20251518260,20251106,Property Damage Only,-90.6831932898,42.0757860502
20251518277,20251210,Property Damage Only,-94.1287746587,42.489568277
20251518283,20251210,Property Damage Only,-90.1843621708,42.0072236493
20251518292,20251208,Property Damage Only,-90.6941472296,42.407411897
20251518295,20251210,Property Damage Only,-90.7466420138,42.5544950196
20251518303,20251204,Property Damage Only,-92.9169372326,41.9448288439
20251518307,20251210,Property Damage Only,-93.5817705015,42.2181730669
20251518321,20251209,Property Damage Only,-91.7498961147,43.2863234958
20251518327,20251119,Property Damage Only,-92.7878561256,42.38843521
20251518375,20251126,Property Damage Only,-91.7905957807,42.4619266265
20251518381,20251209,Property Damage Only,-94.860809912,43.403428505
20251518388,20251120,Property Damage Only,-92.4366153534,42.8475173688
20251518390,20251207,Property Damage Only,-92.3905906333,42.7149833831
20251518392,20251205,Property Damage Only,-91.9325779463,42.4981352589
20251518434,20251209,Property Damage Only,-93.7878611446,42.4492630304
20251518515,20251212,Property Damage Only,-93.6986723744,42.0965292421
20251518516,20251210,Property Damage Only,-95.1291336112,40.8428791042
20251518519,20251211,Property Damage Only,-93.4041850254,41.2187176293
20251518523,20251211,Property Damage Only,-93.2410780549,41.8575008931
20251518527,20251211,Property Damage Only,-93.6588851081,42.0227310683
20251518556,20251212,Property Damage Only,-92.3902662171,41.9643245396
20251518567,20251210,Property Damage Only,-91.8226713111,42.843390527
20251518568,20251211,Property Damage Only,-92.0690992628,42.7731397575
20251518576,20251205,Property Damage Only,-95.9321937798,41.8190595914
20251518597,20251211,Property Damage Only,-92.8577594239,40.7929978045
20251518627,20251212,Property Damage Only,-91.1624406335,42.8211979415
20251518632,20251213,Property Damage Only,-90.8448349941,42.5163924053
20251518641,20251205,Property Damage Only,-92.3766733052,42.6668999825
20251518668,20251211,Property Damage Only,-93.4141084598,43.1410628798
20251518669,20251209,Property Damage Only,-91.1069420645,40.8577965668
20251518683,20251212,Property Damage Only,-92.7323460796,43.1468750933
20251518691,20251212,Property Damage Only,-90.3709441183,42.0525193921
20251518703,20251209,Property Damage Only,-93.0548281862,41.3165902369
20251518724,20251212,Property Damage Only,-92.8101708854,43.1657697479
20251518725,20251212,Property Damage Only,-92.1484656674,41.8224878886
20251518803,20251203,Property Damage Only,-90.4550011274,41.5682374197
20251518815,20251212,Property Damage Only,-92.4657731695,42.2081191607
20251518892,20251212,Property Damage Only,-93.2111358919,43.297786642
20251518970,20251212,Property Damage Only,-93.4141278958,43.1512292785
20251518971,20251213,Property Damage Only,-93.3789886121,43.0094870831
20251519084,20251212,Property Damage Only,-90.6488937745,41.5577865772
20251519101,20251212,Property Damage Only,-91.1709187719,40.8554241492
20251519111,20251208,Property Damage Only,-90.4004148307,41.6049045587
20251519159,20251211,Property Damage Only,-92.2315736121,42.3554808341
20251519174,20251214,Property Damage Only,-90.6076715571,41.9297461821
20251519175,20251210,Property Damage Only,-92.258626418,42.4803732093
20251519176,20251210,Property Damage Only,-91.1092602732,42.5380551374
20251519177,20251211,Property Damage Only,-90.9790292633,42.5933754076
20251519178,20251210,Property Damage Only,-90.9158182213,42.4408179643
20251519180,20251212,Property Damage Only,-90.8187134324,42.4403792723
20251519181,20251212,Property Damage Only,-90.6991938707,42.5347758714
20251519182,20251212,Property Damage Only,-90.7574946629,42.3968181044
20251519183,20251212,Property Damage Only,-90.6277873975,42.4225549233
20251519197,20251211,Property Damage Only,-94.9277186327,41.345692478
20251519279,20251211,Property Damage Only,-91.8925989743,43.4576172816
20251519281,20251212,Property Damage Only,-91.7135184363,43.2385382267
20251519282,20251213,Property Damage Only,-91.697856802,43.2446822037
20251519305,20251208,Property Damage Only,-92.0175394262,42.194654571
20251519306,20251208,Property Damage Only,-92.0175411,42.1945465106
20251519308,20251213,Property Damage Only,-91.9123649419,42.138010927
20251519314,20251212,Property Damage Only,-92.872511921,41.7043027758
20251519408,20251212,Property Damage Only,-92.9168252564,41.9752805156
20251519432,20251213,Property Damage Only,-91.5744594206,41.6870558243
20251519467,20251212,Property Damage Only,-93.5930577918,41.7767998791
20251519485,20251215,Property Damage Only,-94.0416852612,41.3131506924
20251519487,20251215,Property Damage Only,-90.6890655579,42.5360308048
20251519520,20251215,Property Damage Only,-93.6004471655,41.7846786111
20251519521,20251215,Property Damage Only,-93.5957530694,41.7767949411
20251519527,20251215,Property Damage Only,-93.451779064,42.0056477921
20251519530,20251215,Property Damage Only,-91.3145807273,40.9543573094
20251519545,20251216,Property Damage Only,-95.5208219913,42.7486222424
20251519560,20251215,Property Damage Only,-93.6009929929,42.1382778135
20251519566,20251209,Property Damage Only,-91.4440546,40.4840772051
20251519571,20251215,Property Damage Only,-95.1277865817,43.4026067502
20251519577,20251215,Property Damage Only,-91.4055201608,42.4711385413
20251519597,20251216,Property Damage Only,-93.9029896429,41.8638503711
20251519604,20251208,Property Damage Only,-91.074231176,42.603615761
20251519622,20251215,Property Damage Only,-94.9371439745,41.4972738594
20251519623,20251215,Property Damage Only,-95.008421019,41.1447141225
20251519625,20251215,Property Damage Only,-96.5708220927,42.6879243717
20251519638,20251210,Property Damage Only,-91.1977099811,41.0880091451
20251519652,20251216,Property Damage Only,-92.1685386346,43.3710115618
20251519657,20251212,Property Damage Only,-96.5142249716,42.9304009767
20251519670,20251205,Property Damage Only,-92.4554864256,42.6283704669
20251519687,20251216,Property Damage Only,-91.0382778513,41.5363878754
20251519688,20251216,Property Damage Only,-91.0382778513,41.5363878754
20251519708,20251216,Property Damage Only,-94.5022728279,41.6473128632
20251519723,20251201,Property Damage Only,-93.836771478,41.8779161269
20251519753,20251215,Property Damage Only,-95.1792387231,43.1839961786
20251519758,20251216,Property Damage Only,-93.7751072943,41.7214128504
20251519763,20251216,Property Damage Only,-90.5040704689,42.2537601028
20251519766,20251216,Property Damage Only,-90.728715667,42.0944559316
20251519774,20251217,Property Damage Only,-94.9493424016,43.1266542023
20251519776,20251217,Property Damage Only,-91.1567164896,40.8165274707
20251519805,20251216,Property Damage Only,-94.2301282877,42.5915315769
20251519819,20251216,Property Damage Only,-93.3495981302,43.2745034658
20251519828,20251210,Property Damage Only,-93.0429512031,42.1097081103
20251519830,20251210,Property Damage Only,-92.8959576164,42.0780921289
20251519832,20251212,Property Damage Only,-93.0319349891,42.1875362969
20251519843,20251216,Property Damage Only,-92.7855336262,41.7425976427
20251519877,20251216,Property Damage Only,-92.0064620269,41.7680989228
20251519886,20251217,Property Damage Only,-93.3998838412,41.8057274002
20251519889,20251217,Property Damage Only,-92.7855238848,41.74552492
20251519914,20251216,Property Damage Only,-91.1207420722,41.1593696483
20251519941,20251218,Property Damage Only,-91.6754679613,41.8447029428
20251519948,20251217,Property Damage Only,-91.4580601373,42.0127153844
20251519949,20251217,Property Damage Only,-92.3542528837,40.747767486
20251519963,20251217,Property Damage Only,-93.6997694129,41.5365738008
20251519969,20251212,Property Damage Only,-93.5757977088,41.6590483333
20251519970,20251217,Property Damage Only,-91.6073676273,42.2819813123
20251519999,20251217,Property Damage Only,-90.7069288018,42.4867710454
20251520000,20251217,Property Damage Only,-90.6989945654,42.5348979402
20251520002,20251217,Property Damage Only,-90.5690172613,42.3807991823
20251520005,20251217,Property Damage Only,-93.4559592143,42.0059194764
20251520007,20251218,Property Damage Only,-92.8099849182,43.0032570387
20251520008,20251217,Property Damage Only,-93.7544651497,41.5226809567
20251520010,20251217,Property Damage Only,-91.0760532474,41.3698043709
20251520015,20251218,Property Damage Only,-90.740780947,42.4971513581
20251520016,20251217,Property Damage Only,-94.4139719125,41.1005281756
20251520022,20251217,Property Damage Only,-93.328179215,41.4685801618
20251520031,20251217,Property Damage Only,-94.9553545775,42.3109589012
20251520039,20251215,Property Damage Only,-92.3273463167,42.8952857423
20251520044,20251217,Property Damage Only,-93.9938484222,41.6125994573
20251520046,20251214,Suspected Minor Injury Crash,-92.2284350513,42.3509927629
20251520055,20251212,Property Damage Only,-93.1685350467,41.6955850459
20251520082,20251025,Property Damage Only,-94.7582803162,43.2048306064
20251520100,20251217,Property Damage Only,-92.2499455913,41.8990506562
20251520102,20251209,Property Damage Only,-91.1325646021,41.6991960668
20251520120,20251217,Property Damage Only,-90.4898902395,41.7425000519
20251520121,20251217,Property Damage Only,-90.4712063892,41.5475564789
20251520134,20251218,Property Damage Only,-92.3396434877,41.3361923215
20251520142,20251213,Property Damage Only,-93.2420192829,42.5151257561
20251520157,20251217,Property Damage Only,-91.3502583781,41.3503384043
20251520158,20251218,Property Damage Only,-91.1210634207,41.4173667383
20251520168,20251218,Property Damage Only,-90.4860730707,42.0694015788
20251520169,20251217,Property Damage Only,-93.0542215547,40.6814465483
20251520209,20251216,Property Damage Only,-96.174700619,43.0054855267
20251520211,20251219,Property Damage Only,-94.9721336797,40.9796952373
20251520216,20251218,Property Damage Only,-93.5449052373,41.5119841121
20251520278,20251217,Property Damage Only,-93.7273071703,41.6147389598
20251520282,20251209,Property Damage Only,-93.570522857,42.286343654
20251520289,20251214,Property Damage Only,-92.9170168572,41.9299407184
20251520298,20251219,Property Damage Only,-90.2523668891,41.949976242
20251520301,20251218,Property Damage Only,-93.503209244,41.6349435588
20251520314,20251215,Property Damage Only,-93.467400012,43.1309972803
20251520325,20251219,Property Damage Only,-93.7535801125,41.5424668067
20251520343,20251219,Property Damage Only,-93.6788841984,41.648595843
20251520356,20251220,Property Damage Only,-93.8528659099,41.627566862
20251520370,20251215,Property Damage Only,-91.5951462369,42.0153039407
20251520371,20251218,Property Damage Only,-91.5980508005,42.0381164956
20251520381,20251219,Property Damage Only,-93.6398272674,41.7318292228
20251520384,20251220,Property Damage Only,-92.3171415097,42.9165856416
20251520408,20251220,Property Damage Only,-90.8984855898,41.9462652557
20251520429,20251220,Property Damage Only,-91.4675743995,42.0505160862
20251520431,20251220,Property Damage Only,-92.5759775504,42.9792881514
20251520433,20251216,Property Damage Only,-92.0765920903,42.4827524919
20251520438,20251219,Property Damage Only,-91.735201606,42.9079608505
20251520441,20251220,Property Damage Only,-91.4310908409,43.2689597166
20251520483,20251219,Property Damage Only,-90.5120254583,41.5432507769
20251520525,20251120,Property Damage Only,-95.9948198207,41.5509000346
20251520531,20251221,Property Damage Only,-91.1708493715,41.4438661995
20251520536,20251220,Property Damage Only,-93.2382019146,43.1916401145
20251520543,20251218,Property Damage Only,-90.5443457904,41.7095261859
20251520547,20251201,Property Damage Only,-92.9873500137,41.3645416041
20251520552,20251219,Property Damage Only,-92.7572245731,42.3611490884
20251520555,20251219,Property Damage Only,-92.5921150871,42.3318610784
20251520558,20251221,Suspected Minor Injury Crash,-91.4334475538,40.7154122974
20251520566,20251221,Property Damage Only,-91.4450545601,40.4438044371
20251520572,20251120,Property Damage Only,-94.4928366327,41.8031894753
20251520575,20251221,Property Damage Only,-93.5649973383,42.0079384152
20251520577,20251222,Property Damage Only,-93.3497291119,42.0082737374
20251520587,20251219,Property Damage Only,-93.6495796691,42.0531181582
20251520610,20251221,Property Damage Only,-93.210608681,43.1985198585
20251520611,20251221,Property Damage Only,-93.2103987498,43.1911543355
20251520613,20251218,Property Damage Only,-90.7127780109,42.5605776275
20251520614,20251218,Property Damage Only,-91.1017622378,42.602616506
20251520615,20251221,Property Damage Only,-90.6654396172,42.4566659339
20251520628,20251221,Property Damage Only,-94.7580139834,41.5223903691
20251520637,20251221,Property Damage Only,-94.7707966141,41.4967046479
20251520638,20251216,Property Damage Only,-91.5539699672,40.9217033611
20251520641,20251222,Property Damage Only,-95.1283306625,43.4223695926
20251520645,20251221,Property Damage Only,-92.6811927767,41.310432886
20251520646,20251221,Property Damage Only,-94.7547587618,42.2351068378
20251520658,20251222,Property Damage Only,-94.9845181642,41.345393258
20251520661,20251222,Property Damage Only,-92.273787413,40.7848546615
20251520663,20251221,Property Damage Only,-91.8078678051,40.9961498458
20251520665,20251221,Property Damage Only,-93.9940388898,41.83479014
20251520666,20251221,Property Damage Only,-93.9940388898,41.83479014
20251520675,20251222,Property Damage Only,-91.6736576544,42.9958193381
20251520689,20251222,Property Damage Only,-90.4371486028,41.7494494802
20251520726,20251222,Property Damage Only,-91.4865350056,41.8648847443
20251520744,20251222,Property Damage Only,-90.6244796133,42.0917139972
20251520756,20251222,Property Damage Only,-90.6392271865,41.5683781136
20251520765,20251222,Property Damage Only,-92.3173061435,42.941620955
20251520766,20251222,Property Damage Only,-91.1739433452,41.5621847589
20251520769,20251221,Property Damage Only,-90.688261278,41.4944768376
20251520775,20251222,Property Damage Only,-90.1988428361,41.9534908699
20251520777,20251220,Property Damage Only,-91.3643216734,40.8143886993
20251520778,20251218,Property Damage Only,-93.4365927928,43.1366839805
20251520784,20251222,Property Damage Only,-91.5787366556,42.1965141138
20251520785,20251222,Property Damage Only,-91.4890609539,41.9667810473
20251520786,20251222,Property Damage Only,-91.3949536084,42.859822941
20251520797,20251222,Property Damage Only,-92.6077625609,42.3257374663
20251520803,20251222,Property Damage Only,-90.9675407193,41.4421640689
20251520808,20251220,Property Damage Only,-92.9624634224,41.3942073556
20251520819,20251221,Property Damage Only,-92.5465641307,41.0064313001
20251520823,20251222,Property Damage Only,-91.3690964098,40.6477341851
20251520824,20251216,Property Damage Only,-91.7198504632,43.4492225015
20251520847,20251222,Property Damage Only,-92.7790547093,43.4564812713
20251520848,20251223,Property Damage Only,-94.3006373833,42.1661267025
20251520858,20251124,Property Damage Only,-95.0331918961,42.6045147123
20251520863,20251219,Property Damage Only,-91.3272195073,41.2051323669
20251520864,20251219,Property Damage Only,-91.3213068882,41.2772762281
20251520865,20251222,Property Damage Only,-95.7454501307,40.7842480806
20251520866,20251223,Property Damage Only,-93.9824892417,41.6138320011
20251520874,20251220,Property Damage Only,-91.1276156634,43.2353093943
20251520904,20251223,Property Damage Only,-95.4056384532,42.0456252765
20251520924,20251223,Property Damage Only,-93.8134662645,42.4770653623
20251520929,20251217,Property Damage Only,-91.8898168797,42.3932435466
20251520930,20251222,Property Damage Only,-91.7083611066,42.4608311838
20251520945,20251222,Property Damage Only,-92.5400897346,42.839469734
20251520949,20251221,Property Damage Only,-92.4006842456,42.7409814313
20251520950,20251222,Property Damage Only,-92.5215349318,42.6938478772
20251520953,20251205,Property Damage Only,-91.9260189554,42.4973895404
20251520980,20251223,Property Damage Only,-93.7705644039,40.7009138944
20251520991,20251222,Property Damage Only,-93.9037610479,42.0346909968
20251520994,20251218,Property Damage Only,-93.0574339754,41.6975857704
20251520996,20251107,Property Damage Only,-91.1600411191,40.8575210641
20251520998,20251223,Property Damage Only,-93.589464766,40.6168394555
20251521000,20251213,Property Damage Only,-94.3768213655,40.8783752783
20251521005,20251223,Property Damage Only,-93.47065355,41.0513670083
20251521007,20251223,Property Damage Only,-91.740057803,42.1468573238
20251521030,20251224,Property Damage Only,-90.1885613566,41.9085445719
20251521039,20251217,Property Damage Only,-93.411900734,41.7271708462
20251521071,20251217,Property Damage Only,-95.1529827612,42.8871529925
20251521122,20251224,Property Damage Only,-92.3925154848,43.3712050209
20251521127,20251223,Property Damage Only,-92.337554855,42.531883547
20251521134,20251224,Property Damage Only,-91.4273471351,40.8907880396
20251521138,20251221,Property Damage Only,-94.4643421029,41.6808395571
20251521143,20251224,Property Damage Only,-90.7335210519,42.164192433
20251521146,20251209,Property Damage Only,-93.9044228674,40.6094873357
20251521153,20251225,Property Damage Only,-93.7558196582,42.166425843
20251521192,20251224,Property Damage Only,-93.5930667804,41.7607944358
20251521196,20251223,Property Damage Only,-95.4981571862,42.349681844
20251521208,20251224,Property Damage Only,-96.2835865196,42.5758422233
20251521214,20251224,Property Damage Only,-95.4096493378,42.0369856116
20251521224,20251111,Property Damage Only,-92.4247790756,42.5540764981
20251521227,20251225,Property Damage Only,-91.3280220799,40.6704508054
20251521230,20251218,Property Damage Only,-92.9083155933,42.06796129
20251521234,20251225,Property Damage Only,-90.779320826,42.5610407038
20251521235,20251223,Suspected Minor Injury Crash,-93.5698542816,41.9283044502
20251521242,20251225,Property Damage Only,-91.8130269715,43.3282636731
20251521245,20251224,Property Damage Only,-90.7255710457,42.4161628144
20251521246,20251226,Property Damage Only,-90.6679928754,42.477970352
20251521249,20251225,Property Damage Only,-93.4195796794,41.3723526918
20251521251,20251223,Property Damage Only,-91.5196173279,42.4987226407
20251521261,20251225,Property Damage Only,-93.5555719079,41.5737684342
20251521283,20251226,Property Damage Only,-95.0912210061,43.1270116201
20251521290,20251225,Property Damage Only,-95.6445513318,42.2258247812
20251521292,20251226,Property Damage Only,-96.6437001508,40.2330912513
20251521293,20251225,Property Damage Only,-92.7153627515,41.6956083399
20251521295,20251220,Property Damage Only,-91.4072521258,42.8389949254
20251521296,20251223,Property Damage Only,-95.5855095747,40.6869915914
20251521298,20251220,Property Damage Only,-91.5853349104,41.7604243907
20251521299,20251222,Property Damage Only,-91.1710720422,42.6018441133
20251521309,20251223,Property Damage Only,-91.4807215449,42.4494840197
20251521310,20251225,Property Damage Only,-91.5467365242,42.1960320564
20251521311,20251226,Property Damage Only,-91.485682654,42.2020957944
20251521318,20251226,Property Damage Only,-94.3672678668,41.8955756633
20251521322,20251226,Suspected Minor Injury Crash,-93.700566463,40.7059542955
20251521334,20251218,Property Damage Only,-92.1607724171,42.5839309319
20251521343,20251223,Property Damage Only,-93.1232506806,43.2324961704
20251521347,20251222,Property Damage Only,-91.5818579638,41.6899304849
20251521349,20251227,Property Damage Only,-93.6170483838,42.8178293819
20251521350,20251227,Property Damage Only,-93.8610354916,41.2840359287
20251521372,20251227,Property Damage Only,-94.6164428981,42.3990197294
20251521391,20251227,Property Damage Only,-91.4622122118,42.0503903126
20251521392,20251227,Property Damage Only,-92.6725327978,43.0861526074
20251521394,20251227,Property Damage Only,-93.8978761651,41.8884788641
20251521400,20251226,Property Damage Only,-93.1097107827,41.3134163169
20251521401,20251224,Property Damage Only,-90.9291738304,41.506220174
20251521402,20251226,Property Damage Only,-91.0056318049,41.4424526913
20251521403,20251227,Property Damage Only,-91.5970071505,41.7083192488
20251521413,20251227,Property Damage Only,-91.0220492825,42.6874113794
20251521417,20251225,Property Damage Only,-91.1563718691,40.7467198394
20251521422,20251227,Property Damage Only,-93.2219629398,42.8253284173
20251521431,20251227,Property Damage Only,-90.6156951395,42.0557338846
20251521440,20251228,Property Damage Only,-91.4284820979,40.5371065211
20251521446,20251228,Property Damage Only,-93.9177270281,40.5943649087
20251521492,20251226,Property Damage Only,-91.1319911516,41.5673110139
20251521499,20251227,Property Damage Only,-94.6201645247,43.4482052609
20251521508,20251227,Property Damage Only,-96.4732168145,42.5937460573
20251521551,20251225,Property Damage Only,-93.6968858353,41.65198288
20251521553,20251227,Property Damage Only,-91.6295650022,40.9708552749
20251521554,20251228,Property Damage Only,-92.8177881601,41.7171362388
20251521557,20251224,Property Damage Only,-90.9235390318,42.0677262894
20251521565,20251224,Property Damage Only,-93.1741348472,41.7755685668
20251521566,20251224,Property Damage Only,-93.1793006909,41.6904887241
20251521572,20251223,Property Damage Only,-91.1305044779,42.4712591923
20251521576,20251227,Property Damage Only,-92.4955959991,43.3753889375
20251521577,20251227,Property Damage Only,-92.47459234,41.4911866666
20251521579,20251219,Property Damage Only,-93.192607684,41.7765388617
20251521581,20251225,Property Damage Only,-94.6303360236,42.4653387064
20251521585,20251228,Property Damage Only,-92.3326922665,40.9985633922
20251521587,20251226,Property Damage Only,-91.9672546638,41.0898936868
20251521594,20251226,Property Damage Only,-91.2413883672,42.3418746685
20251521608,20251222,Property Damage Only,-93.6212010361,41.4263329189
20251521612,20251221,Property Damage Only,-93.9686019728,41.8347102519
20251521613,20251219,Property Damage Only,-91.1980565421,41.2067501408
20251521614,20251219,Suspected Minor Injury Crash,-91.1974777705,41.223485662
20251521620,20251226,Property Damage Only,-93.0633079229,42.4489092258
20251521626,20251227,Property Damage Only,-91.2704840958,42.1045162684
20251521641,20251224,Property Damage Only,-91.128499209,40.8076147172
20251521642,20251226,Property Damage Only,-90.7735952393,42.3833537705
20251521647,20251227,Property Damage Only,-95.7060800246,40.8147489348
20251521650,20251224,Property Damage Only,-95.4627151654,40.7715913081
20251521652,20251209,Property Damage Only,-91.889786885,42.4218188803
20251521667,20251222,Property Damage Only,-92.0559291499,42.3736219851
20251521709,20251229,Property Damage Only,-93.919533433,41.3551487918
20251521712,20251222,Property Damage Only,-95.1384530085,41.4986684397
20251521737,20251219,Property Damage Only,-93.8536996101,41.5724367522
20251521748,20251101,Property Damage Only,-96.2986988402,43.433014357
20251521749,20251106,Property Damage Only,-95.9298285282,43.4326344287
20251521761,20251111,Property Damage Only,-95.998668886,43.3327792951
20251521763,20251226,Property Damage Only,-96.2362732804,43.2641889351
20251521792,20251229,Property Damage Only,-91.7389137348,41.9859735805
20251521808,20251229,Property Damage Only,-91.425099951,40.6330175071
20251521836,20251229,Property Damage Only,-90.7187110379,42.4273731752
20251521844,20251221,Property Damage Only,-93.2995835569,41.6015171038
20251521869,20251226,Property Damage Only,-92.1719596721,42.3300920426
20251521870,20251229,Property Damage Only,-93.8481700625,41.7609597405
20251521885,20251229,Suspected Minor Injury Crash,-93.3601919325,42.4482256999
20251521886,20251226,Property Damage Only,-92.3371150668,42.7205129225
20251521891,20251226,Property Damage Only,-92.4871703069,42.7737308939
20251521892,20251227,Property Damage Only,-92.1800952495,42.6670304587
20251521895,20251217,Property Damage Only,-92.3396837311,42.680975543
20251521901,20251227,Property Damage Only,-91.710807888,40.9843315981
20251521910,20251230,Property Damage Only,-95.8353006483,41.2805197138
20251521953,20251230,Property Damage Only,-93.857459286,42.471800467
20251521954,20251209,Property Damage Only,-92.9630660924,41.4072595775
20251521955,20251216,Property Damage Only,-91.6790860874,43.2765411016
20251521963,20251230,Property Damage Only,-95.5540433285,42.7786639838
20251521964,20251230,Property Damage Only,-93.2087301795,43.1890592766
20251521973,20251126,Property Damage Only,-93.6362299213,42.8632371936
20251521978,20251218,Property Damage Only,-92.1172183615,42.6132141489
20251521988,20251230,Property Damage Only,-94.8467112822,43.4303904846
20251521989,20251227,Property Damage Only,-92.4556633735,42.595455589
20251521993,20251223,Property Damage Only,-91.6079232291,41.7132256354
20251522001,20251223,Property Damage Only,-92.8305794784,40.8256890969
20251522012,20251230,Property Damage Only,-91.1402349855,41.416003033
20251522013,20251231,Property Damage Only,-91.4095298873,40.9096223756
20251522016,20251230,Property Damage Only,-94.0127860397,41.5979236979
20251522024,20251231,Property Damage Only,-96.4195177565,42.5188077453
20251522028,20251231,Property Damage Only,-94.0166222854,41.3877767952
20251522037,20251230,Property Damage Only,-92.8627437578,40.732529062
20251522039,20251201,Property Damage Only,-92.0015959474,43.3063924947
20251522042,20251230,Property Damage Only,-94.1446901914,41.5970552275
20251522043,20251228,Property Damage Only,-92.6468835144,42.4637199091
20251522049,20251218,Property Damage Only,-92.0672983014,42.8474818386
20251522051,20251231,Property Damage Only,-92.0729402945,42.8474736307
20251522054,20251230,Property Damage Only,-95.0133021683,42.3322357208
20251522068,20251226,Property Damage Only,-93.2006725216,42.0776666294
20251522072,20251231,Property Damage Only,-94.6254929739,41.2630066234
20251522086,20251227,Property Damage Only,-90.6823876634,42.0776609897
20251522093,20251231,Property Damage Only,-91.4336130405,42.7981512595
20251522096,20251231,Property Damage Only,-94.954910431,42.3996177566
20251522100,20251231,Property Damage Only,-90.2985844723,41.7780639065
20251522148,20251230,Property Damage Only,-93.6170434593,42.8173341149
20251522226,20251231,Property Damage Only,-93.3216785962,40.8154556948
20251522236,20251226,Property Damage Only,-93.2280395407,41.2116525471
20251522238,20251230,Property Damage Only,-93.0745403246,41.3151559364
20251522243,20251231,Property Damage Only,-91.0924268231,41.6446681571
20251522254,20251231,Property Damage Only,-96.5741965754,42.6907903632
20251522274,20251231,Property Damage Only,-93.5058907072,41.5032450193
20251522281,20251224,Property Damage Only,-93.8826624255,41.5791806211
20251522284,20251231,Property Damage Only,-94.0127765522,41.5950144775
20251522289,20251231,Property Damage Only,-93.626183361,41.4628312147
20251522293,20251229,Property Damage Only,-92.5994804691,42.7343385969
20251522299,20251229,Property Damage Only,-93.5590142068,41.4051238855
20251522306,20251221,Property Damage Only,-92.5214910516,40.6773687083
20251522322,20251219,Property Damage Only,-92.5238362461,40.6088128045
20251522340,20251231,Property Damage Only,-92.2978015939,43.1002432794
20251522341,20251212,Property Damage Only,-91.346290514,43.2616238923
20251522346,20251218,Property Damage Only,-92.7603952799,42.4630047385
20251522365,20251230,Property Damage Only,-95.8414567471,41.3930543991
20251522377,20251230,Property Damage Only,-95.1503855384,43.1840471339
20251522440,20251223,Property Damage Only,-91.2494051745,41.7113934972
20251522464,20251222,Property Damage Only,-91.1727580028,42.8235152983
20251522514,20251120,Property Damage Only,-90.6750651671,41.588670708
20251522519,20251223,Property Damage Only,-90.5796466656,41.5976072005
20251522564,20251118,Property Damage Only,-92.217422095,42.3392913186
20251522565,20251216,Property Damage Only,-92.2037881282,42.32497688
20251522578,20251222,Property Damage Only,-92.1820785222,41.9637415982
20251522579,20251222,Property Damage Only,-91.8379442566,42.1572841363
20251522594,20251224,Property Damage Only,-92.2212021459,41.9637434719
20251522596,20251230,Property Damage Only,-91.9041337893,42.1381667619
20251522668,20251231,Property Damage Only,-93.1891994699,42.0776050585
20251522685,20251231,Property Damage Only,-92.9080659534,42.0734280693
20251522686,20251231,Property Damage Only,-92.9080552816,42.0724463466
20251522692,20251231,Property Damage Only,-93.9547943591,41.6004195604
20251522712,20251223,Property Damage Only,-91.805187407,42.8279725976
20251523275,20251203,Property Damage Only,-95.0133769524,43.0245764976
20251523355,20251229,Property Damage Only,-93.5951343819,42.7457761277
20251523385,20251216,Property Damage Only,-92.6557829956,41.369333019
20251523404,20251212,Property Damage Only,-91.1980565421,41.2067501408
20251523685,20251115,Property Damage Only,-93.2218495172,43.1042178645
20251523712,20251230,Property Damage Only,-93.5643812934,42.0229464365
20251523878,20251113,Property Damage Only,-93.7150101234,41.6293626958
20251523988,20251011,Property Damage Only,-96.4443208744,43.5003927568
20251524197,20251223,Property Damage Only,-95.1273356555,43.3967804841
20251524322,20251230,Property Damage Only,-91.4835208912,41.7077150501
20251524785,20251204,Property Damage Only,-91.3243737568,40.6380134576
20251524820,20251223,Property Damage Only,-91.2268019673,40.7184756281
20251524955,20251029,Property Damage Only,-90.6795774267,41.7561082417
20251524979,20251115,Property Damage Only,-91.2782940293,40.6489470076
20251525097,20251027,Property Damage Only,-93.5868648668,41.895875512
20251525433,20250906,Property Damage Only,-92.5069389778,42.8734618357
20251526105,20250115,Property Damage Only,-90.648465871,41.4954889944
20251526144,20251126,Property Damage Only,-91.7921797709,43.2978623988
20251526189,20251219,Property Damage Only,-95.7644615953,41.6452299427
20251526239,20250904,Property Damage Only,-90.348268793,41.6209415199
20251526241,20251011,Property Damage Only,-90.3691364293,41.5870988637
20251526244,20251025,Property Damage Only,-90.3868687485,41.5953659255
20251526245,20251102,Property Damage Only,-90.3883669897,41.5826112054
20251526248,20251130,Property Damage Only,-90.3546218985,41.6123340399
20251526260,20250405,Property Damage Only,-90.3774102562,41.5824426924
20251526263,20250426,Property Damage Only,-90.4310092786,41.5974421215
20251526268,20250620,Property Damage Only,-90.3797942813,41.5943762367
20251526353,20251111,Property Damage Only,-92.424911457,42.556904969
20251526359,20250929,Property Damage Only,-93.8589271212,42.0346299868
20251526410,20250313,Possible/Unknown Injury Crash,-92.5965017059,42.7321488119
20251526752,20250929,Property Damage Only,-95.1358573145,42.947256486
20251527127,20251105,Property Damage Only,-95.0617082203,43.1274933903
20251528234,20251106,Property Damage Only,-92.7488591917,42.6284075855
20251529252,20251222,Property Damage Only,-92.4372589162,42.4257419662
20251529258,20251031,Property Damage Only,-92.4641654803,42.4079940371
20251529260,20251114,Property Damage Only,-92.4315904369,42.4315408495
20251530779,20251111,Property Damage Only,-93.2801906136,41.3817120646
20251532399,20251114,Property Damage Only,-94.6427619044,40.7645997998
20251532400,20251120,Property Damage Only,-94.7918821773,40.7030895666
20251532953,20250905,Suspected Serious Injury Crash,-92.2395424427,41.8989822333
20251532954,20250911,Property Damage Only,-91.8334208204,42.203854298
20251532957,20251004,Property Damage Only,-92.0517150466,42.1810905806
20251534928,20251220,Property Damage Only,-91.3419512023,42.083488414
20251538893,20250924,Property Damage Only,-92.2679871103,42.4747596934
20251542012,20251012,Property Damage Only,-91.8031019295,43.2916110386
20251544145,20250709,Property Damage Only,-90.1936121322,42.0357456119
20251550915,20251004,Property Damage Only,-92.6095775911,41.335686053
20251551230,20251226,Property Damage Only,-92.4536878021,42.6513532638
20251556171,20250928,Property Damage Only,-90.5690324863,41.8394509844
20251556172,20251111,Property Damage Only,-90.5671611703,41.8074669389
20251556195,20251025,Property Damage Only,-90.569604044,41.8329427289
