Case Number,Date of Crash,Crash Severity,Longitude,Latitude
20251461611,20250101,Property Damage Only,-95.41362444,42.03700111
20251461636,20250101,Property Damage Only,-91.74858441,42.15082333
20251461656,20250101,Property Damage Only,-95.50136851,42.35473581
20251461658,20250101,Property Damage Only,-94.35742386,41.67790108
20251461660,20250101,Property Damage Only,-92.58491802,42.98481403
20251461661,20250101,Property Damage Only,-93.67164098,41.73851101
20251461683,20250101,Property Damage Only,-91.17404662,43.02577626
20251461716,20250102,Property Damage Only,-91.67792104,43.24097775
20251461717,20250102,Property Damage Only,-91.90487633,43.20620474
20251461745,20250101,Property Damage Only,-93.36998292,42.7226441
20251461749,20250101,Property Damage Only,-93.73147417,41.29522788
20251461808,20250101,Property Damage Only,-91.75871853,42.01666726
20251461863,20250102,Property Damage Only,-91.57831696,42.01718617
20251461879,20250101,Property Damage Only,-91.70212296,42.01786049
20251461894,20250102,Property Damage Only,-92.64518295,43.06725972
20251461903,20250101,Property Damage Only,-91.55991299,41.97853554
20251462020,20250102,Property Damage Only,-93.11652104,41.68128314
20251462068,20250103,Property Damage Only,-94.17817634,42.53874641
20251462076,20250101,Property Damage Only,-90.80037102,42.47846341
20251462077,20250101,Property Damage Only,-90.820568,42.47804795
20251462079,20250102,Property Damage Only,-90.76113975,42.39407969
20251462143,20250103,Property Damage Only,-92.37715424,42.4876349
20251462152,20250103,Property Damage Only,-91.4520301,43.1476296
20251462157,20250103,Property Damage Only,-90.58757236,41.56005522
20251462161,20250105,Property Damage Only,-92.37979837,42.6495992
20251462165,20250103,Property Damage Only,-92.76868462,42.44150656
20251462203,20250103,Property Damage Only,-90.66879461,42.52580437
20251462204,20250103,Property Damage Only,-94.77651376,40.61911937
20251462259,20250104,Property Damage Only,-91.10511438,41.41733926
20251462273,20250104,Property Damage Only,-93.66613729,41.69466074
20251462277,20250104,Property Damage Only,-91.36877578,41.91061907
20251462289,20250104,Property Damage Only,-92.35779056,41.70057048
20251462295,20250104,Property Damage Only,-96.1920742,43.4331804
20251462305,20250104,Property Damage Only,-90.4242725,41.56863348
20251462317,20250103,Property Damage Only,-91.29075437,40.64730351
20251462326,20250103,Property Damage Only,-91.54065467,41.68142552
20251462329,20250103,Property Damage Only,-92.11668491,41.77721358
20251462336,20250103,Property Damage Only,-91.88644486,41.59440671
20251462339,20250105,Property Damage Only,-92.72600325,43.10489732
20251462340,20250105,Property Damage Only,-93.3558561,43.17458575
20251462341,20250104,Property Damage Only,-91.17786845,41.06456576
20251462343,20250105,Property Damage Only,-94.26613425,42.51574438
20251462356,20250106,Property Damage Only,-91.24949368,41.69439931
20251462368,20250106,Property Damage Only,-95.80083456,41.27946371
20251462374,20250106,Property Damage Only,-91.49402585,41.69432505
20251462376,20250105,Property Damage Only,-91.33536667,42.47026697
20251462386,20250105,Property Damage Only,-96.32165653,42.49683675
20251462391,20250104,Property Damage Only,-91.26749839,42.0933577
20251462401,20250104,Property Damage Only,-91.27927351,42.07734193
20251462407,20250105,Property Damage Only,-93.11337787,41.53317952
20251462410,20250104,Property Damage Only,-93.69498806,41.43362125
20251462415,20250103,Property Damage Only,-91.99063496,42.96475387
20251462416,20250103,Property Damage Only,-91.82401791,42.75167678
20251462417,20250104,Property Damage Only,-92.04310797,42.64858734
20251462418,20250105,Property Damage Only,-91.65174441,42.85608447
20251462423,20250104,Property Damage Only,-92.47906564,41.46066277
20251462430,20250106,Property Damage Only,-94.19511893,42.54402836
20251462434,20250106,Property Damage Only,-92.62197999,41.16018298
20251462469,20250102,Property Damage Only,-94.90753729,43.12602634
20251462470,20250102,Property Damage Only,-92.91333241,41.30657207
20251462472,20250103,Property Damage Only,-96.29614927,43.0841202
20251462473,20250104,Property Damage Only,-96.49200402,43.22755084
20251462474,20250104,Property Damage Only,-95.03932618,40.67410248
20251462488,20250102,Property Damage Only,-93.23754473,41.34614668
20251462500,20250105,Property Damage Only,-93.32792642,43.1031436
20251462510,20250106,Property Damage Only,-90.62599321,42.09003425
20251462530,20250106,Property Damage Only,-91.50005191,42.28226676
20251462531,20250104,Property Damage Only,-92.21916432,42.5336596
20251462534,20250105,Property Damage Only,-90.68803273,41.52479725
20251462535,20250106,Property Damage Only,-90.54221132,41.71412771
20251462554,20250102,Property Damage Only,-92.50537133,42.61378239
20251462567,20250106,Property Damage Only,-93.5540333,42.12761642
20251462568,20250106,Property Damage Only,-91.55243369,42.57277146
20251462575,20250103,Property Damage Only,-94.99398391,42.66165772
20251462576,20250107,Property Damage Only,-92.12023869,43.32582591
20251462577,20250104,Property Damage Only,-92.44303396,42.71868151
20251462580,20250107,Property Damage Only,-92.02255961,43.13435948
20251462586,20250106,Property Damage Only,-92.72634555,41.33456367
20251462588,20250106,Property Damage Only,-92.46585227,42.41544085
20251462615,20250106,Property Damage Only,-91.13272515,41.70236899
20251462635,20250107,Property Damage Only,-91.77546495,41.98860294
20251462638,20250105,Suspected Minor Injury Crash,-91.44891857,41.24913516
20251462651,20250106,Property Damage Only,-94.19740376,41.61078541
20251462667,20250107,Property Damage Only,-95.03016638,40.98184911
20251462671,20250107,Property Damage Only,-93.47797169,43.21752571
20251462682,20250107,Property Damage Only,-91.79512869,42.11401771
20251462684,20250107,Property Damage Only,-91.42633043,42.85531482
20251462693,20250107,Property Damage Only,-93.81989036,41.48062822
20251462695,20250107,Property Damage Only,-91.52936519,42.23794085
20251462696,20250107,Property Damage Only,-91.75171403,42.06601829
20251462700,20250107,Property Damage Only,-92.93192096,42.03560805
20251462704,20250106,Property Damage Only,-92.36441549,42.52837032
20251462709,20250106,Property Damage Only,-94.8979176,42.10025968
20251462729,20250106,Property Damage Only,-90.62599321,42.09003425
20251462733,20250107,Property Damage Only,-93.79567801,42.25174274
20251462739,20250106,Property Damage Only,-92.022297,43.2987644
20251462747,20250106,Property Damage Only,-92.37667571,42.66421633
20251462750,20250108,Property Damage Only,-92.48186512,41.31936449
20251462751,20250108,Possible/Unknown Injury Crash,-95.34352166,41.95480813
20251462753,20250107,Property Damage Only,-92.56581252,41.01971141
20251462762,20250107,Property Damage Only,-92.55428992,43.33352763
20251462774,20250108,Property Damage Only,-92.29654657,43.05957837
20251462780,20250104,Property Damage Only,-91.65708469,41.9443542
20251462790,20250106,Property Damage Only,-91.62955105,42.02220451
20251462798,20250107,Property Damage Only,-93.08566305,41.34223442
20251462800,20250107,Property Damage Only,-94.10848621,41.59688762
20251462848,20250108,Property Damage Only,-93.41828735,43.22907843
20251462856,20250108,Property Damage Only,-90.75904609,41.45625829
20251462857,20250108,Property Damage Only,-90.36167097,41.69749555
20251462860,20250108,Suspected Minor Injury Crash,-95.25596678,43.43044745
20251462865,20250108,Property Damage Only,-93.80932107,41.57544186
20251462871,20250108,Property Damage Only,-94.11588519,41.90564334
20251462882,20250109,Property Damage Only,-90.7286897,42.49096878
20251462884,20250108,Property Damage Only,-94.18700867,42.49776946
20251462891,20250108,Property Damage Only,-96.11564953,42.54749856
20251462894,20250108,Property Damage Only,-90.71041923,42.55812612
20251462895,20250108,Property Damage Only,-90.693307,42.54121324
20251462896,20250109,Property Damage Only,-90.66015688,42.45516234
20251462902,20250108,Property Damage Only,-91.1673478,42.24074181
20251462921,20250107,Property Damage Only,-91.92604017,43.46009731
20251462934,20250101,Property Damage Only,-94.63623499,42.44991807
20251462936,20250108,Property Damage Only,-92.55087252,41.02340156
20251462983,20250107,Property Damage Only,-93.84589728,42.36288774
20251463028,20250109,Property Damage Only,-90.24750198,41.83531618
20251463032,20250109,Property Damage Only,-91.59378444,41.92574541
20251463035,20250109,Property Damage Only,-90.59248651,41.90187947
20251463047,20250109,Property Damage Only,-90.6796298,42.27003805
20251463054,20250109,Property Damage Only,-91.07671525,42.66428079
20251463057,20250110,Property Damage Only,-95.49916421,42.86502405
20251463058,20250109,Property Damage Only,-93.69865815,42.07319358
20251463063,20250109,Property Damage Only,-93.98612965,42.25300117
20251463077,20250110,Property Damage Only,-91.29470289,42.07132205
20251463078,20250109,Property Damage Only,-91.43213893,42.47053323
20251463080,20250109,Property Damage Only,-91.75915098,43.35972953
20251463086,20250110,Property Damage Only,-90.69415431,42.38234109
20251463092,20250104,Property Damage Only,-93.90336691,40.60568493
20251463106,20250109,Property Damage Only,-96.23239143,43.15659478
20251463107,20250109,Property Damage Only,-96.37565725,43.19963311
20251463111,20250109,Property Damage Only,-94.05089546,41.14993799
20251463129,20250108,Property Damage Only,-93.35183544,42.81376433
20251463139,20250102,Property Damage Only,-91.28849436,41.27734241
20251463158,20250109,Property Damage Only,-90.74011535,41.4990655
20251463160,20250107,Property Damage Only,-92.2877051,42.52749591
20251463162,20250110,Property Damage Only,-91.75504183,41.98658195
20251463163,20250110,Property Damage Only,-91.82645215,42.2027385
20251463188,20250110,Property Damage Only,-92.72719584,41.67670401
20251463206,20250111,Property Damage Only,-92.72897846,43.06005073
20251463213,20250110,Property Damage Only,-91.10941133,41.50877596
20251463221,20250110,Property Damage Only,-91.40977714,42.81878658
20251463227,20250111,Property Damage Only,-94.65912924,43.39974403
20251463236,20250111,Property Damage Only,-95.55452987,42.70247267
20251463252,20250108,Property Damage Only,-93.68508528,41.6603584
20251463258,20250111,Property Damage Only,-92.09164193,41.79703156
20251463290,20250111,Property Damage Only,-91.04415818,41.04733983
20251463298,20250111,Property Damage Only,-90.43246543,41.68559093
20251463303,20250110,Property Damage Only,-93.83295454,41.61486867
20251463306,20250111,Property Damage Only,-93.7954508,41.54187854
20251463307,20250111,Property Damage Only,-95.73073922,41.23248694
20251463327,20250111,Property Damage Only,-93.98384559,41.61383841
20251463329,20250110,Property Damage Only,-92.0337586,41.78904755
20251463330,20250112,Property Damage Only,-92.16313428,41.66207362
20251463334,20250109,Property Damage Only,-91.56292202,42.03309775
20251463337,20250110,Property Damage Only,-91.53651127,40.48000614
20251463344,20250111,Property Damage Only,-95.50244044,42.35788227
20251463370,20250112,Property Damage Only,-94.93558415,43.20059864
20251463379,20250103,Property Damage Only,-94.34443139,42.52704608
20251463382,20250112,Property Damage Only,-90.75744482,42.39685315
20251463394,20250111,Property Damage Only,-95.95502505,42.23350443
20251463399,20250111,Property Damage Only,-93.49869696,41.87761213
20251463400,20250111,Property Damage Only,-91.31903618,42.07083456
20251463401,20250111,Property Damage Only,-91.31355483,42.07059201
20251463406,20250112,Property Damage Only,-91.28555311,43.00715966
20251463415,20250112,Property Damage Only,-93.84558922,42.3661772
20251463419,20250112,Property Damage Only,-93.63626127,41.1909069
20251463431,20250109,Property Damage Only,-92.46293407,42.71385054
20251463436,20250111,Property Damage Only,-92.50062728,42.71607433
20251463437,20250110,Property Damage Only,-92.83379964,41.42282767
20251463438,20250111,Property Damage Only,-92.70996927,41.26253358
20251463444,20250112,Property Damage Only,-91.93261654,41.04443031
20251463447,20250113,Property Damage Only,-93.68918226,41.36673925
20251463484,20250112,Property Damage Only,-94.07033686,41.58281974
20251463497,20250112,Property Damage Only,-93.88571579,41.53661598
20251463501,20250111,Property Damage Only,-96.52473961,42.87180354
20251463503,20250111,Property Damage Only,-91.11500806,41.08742406
20251463505,20250111,Property Damage Only,-91.28279843,41.27736566
20251463506,20250111,Property Damage Only,-91.13451945,41.24711742
20251463527,20250110,Property Damage Only,-91.15578159,40.73764842
20251463529,20250104,Property Damage Only,-92.91529485,41.98251178
20251463530,20250109,Property Damage Only,-92.91685503,41.94309949
20251463533,20250106,Property Damage Only,-93.52235504,41.67306656
20251463545,20250110,Property Damage Only,-93.97435498,41.38064827
20251463546,20250113,Property Damage Only,-94.01328265,41.24799096
20251463554,20250113,Property Damage Only,-91.08490427,41.50848744
20251463559,20250112,Property Damage Only,-94.22666572,42.66723293
20251463584,20250113,Property Damage Only,-91.37683823,42.08841832
20251463585,20250114,Property Damage Only,-90.19341071,42.03647913
20251463590,20250114,Property Damage Only,-95.36795344,41.99486006
20251463592,20250110,Property Damage Only,-91.38937503,42.86394093
20251463599,20250113,Property Damage Only,-94.23566946,42.51537451
20251463607,20250114,Property Damage Only,-92.58144908,42.02657004
20251463614,20250113,Property Damage Only,-91.10970584,42.53943131
20251463615,20250113,Property Damage Only,-93.3586842,41.44307893
20251463625,20250114,Property Damage Only,-91.3859783,40.63035129
20251463628,20250114,Property Damage Only,-90.48940318,42.05360653
20251463631,20250113,Property Damage Only,-93.7848867,42.47107763
20251463633,20250110,Property Damage Only,-92.59407269,41.01191422
20251463659,20250113,Property Damage Only,-94.10637584,41.82337815
20251463680,20250114,Property Damage Only,-91.50912603,41.92501945
20251463686,20250109,Property Damage Only,-94.49276309,41.62757662
20251463695,20250111,Property Damage Only,-92.06514408,41.53755104
20251463704,20250113,Property Damage Only,-92.99358187,41.70280607
20251463713,20250113,Property Damage Only,-93.01277021,41.30673009
20251463723,20250114,Suspected Minor Injury Crash,-91.68582901,41.70905425
20251463740,20250114,Property Damage Only,-90.65265615,42.16528529
20251463741,20250111,Property Damage Only,-92.46604465,42.44433285
20251463742,20250114,Property Damage Only,-94.17811506,42.53548699
20251463744,20250114,Property Damage Only,-93.20187642,42.9835696
20251463748,20250114,Property Damage Only,-93.36751499,41.58860174
20251463750,20250114,Property Damage Only,-93.94849558,42.03781553
20251463762,20250111,Property Damage Only,-93.69869197,42.06084547
20251463763,20250114,Property Damage Only,-93.56554112,41.73182255
20251463770,20250114,Property Damage Only,-90.67512533,41.73117004
20251463789,20250114,Property Damage Only,-96.34450772,42.42013688
20251463790,20250113,Property Damage Only,-93.05289456,43.14780626
20251463824,20250114,Property Damage Only,-94.10077235,41.59768231
20251463836,20250115,Property Damage Only,-91.79298384,42.93253821
20251463841,20250115,Property Damage Only,-93.95079392,42.09794146
20251463844,20250107,Property Damage Only,-94.20190014,41.50895804
20251463846,20250113,Property Damage Only,-90.68205164,42.49159246
20251463850,20250103,Property Damage Only,-93.09056306,42.30749562
20251463851,20250109,Property Damage Only,-93.01566759,42.22361008
20251463852,20250109,Property Damage Only,-93.06490482,42.26385087
20251463854,20250115,Property Damage Only,-91.15857089,41.21084516
20251463864,20250111,Property Damage Only,-93.26086677,42.41918933
20251463867,20250114,Property Damage Only,-93.70370064,41.75609893
20251463944,20250115,Property Damage Only,-90.18198896,42.01502717
20251463949,20250115,Property Damage Only,-95.76264196,41.07025537
20251463950,20250110,Property Damage Only,-93.76370442,41.51949443
20251463955,20250115,Property Damage Only,-92.92742609,42.58536041
20251463977,20250115,Property Damage Only,-90.47756522,42.18670156
20251463979,20250116,Property Damage Only,-90.24405954,41.83724186
20251463992,20250115,Property Damage Only,-93.50875991,41.48557782
20251464001,20250115,Property Damage Only,-93.65564683,42.03202637
20251464005,20250115,Property Damage Only,-93.88541766,41.59646224
20251464009,20250116,Property Damage Only,-93.75538608,41.03059316
20251464011,20250115,Property Damage Only,-92.17482585,42.71481183
20251464022,20250115,Property Damage Only,-92.25745945,41.00216598
20251464023,20250115,Property Damage Only,-92.44962942,41.04730254
20251464033,20250115,Property Damage Only,-93.9253092,41.51791136
20251464040,20250116,Property Damage Only,-95.26809869,41.79186355
20251464042,20250116,Property Damage Only,-96.11990632,42.86233202
20251464044,20250115,Property Damage Only,-95.75778163,42.50055924
20251464048,20250108,Property Damage Only,-92.08176761,42.61289947
20251464081,20250115,Property Damage Only,-93.01050115,41.31087389
20251464089,20250116,Property Damage Only,-93.68899457,41.75320675
20251464091,20250101,Property Damage Only,-91.20013003,41.30896079
20251464107,20250113,Property Damage Only,-92.98916912,41.35416495
20251464120,20250108,Property Damage Only,-92.90269985,42.58453156
20251464121,20250110,Property Damage Only,-93.70457671,41.42600565
20251464128,20250115,Property Damage Only,-93.79412847,41.60719912
20251464130,20250115,Property Damage Only,-92.34069699,42.67864894
20251464139,20250116,Property Damage Only,-95.01307684,42.3651101
20251464148,20250116,Property Damage Only,-93.72499208,41.60092753
20251464160,20250116,Property Damage Only,-93.80797585,41.54352962
20251464165,20250116,Property Damage Only,-91.19985824,41.33793255
20251464178,20250116,Property Damage Only,-91.37185593,40.81610772
20251464197,20250116,Property Damage Only,-93.58143606,42.08513249
20251464198,20250117,Property Damage Only,-93.56509566,42.09402246
20251464211,20250115,Property Damage Only,-93.26051155,43.18516207
20251464213,20250117,Property Damage Only,-91.18810653,41.44702161
20251464218,20250111,Property Damage Only,-92.77760951,41.73525983
20251464224,20250115,Property Damage Only,-91.20730461,41.73628694
20251464250,20250116,Property Damage Only,-90.496729,42.05475727
20251464251,20250103,Property Damage Only,-93.95079122,42.03377064
20251464274,20250117,Property Damage Only,-91.77357597,42.31174404
20251464276,20250116,Property Damage Only,-91.14016469,40.75197258
20251464289,20250115,Property Damage Only,-95.50403607,42.3625932
20251464328,20250117,Property Damage Only,-93.82637274,41.55995422
20251464330,20250117,Property Damage Only,-92.3117017,43.46414978
20251464334,20250118,Property Damage Only,-90.64615574,42.53018613
20251464342,20250116,Property Damage Only,-95.15108128,42.87260998
20251464346,20250117,Property Damage Only,-93.10611393,40.6379432
20251464360,20250117,Property Damage Only,-92.96154662,41.40726809
20251464387,20250118,Property Damage Only,-96.3472933,43.19971112
20251464393,20250114,Property Damage Only,-92.1511694,42.63510218
20251464412,20250118,Property Damage Only,-92.73196374,42.79128854
20251464416,20250118,Property Damage Only,-91.08775365,41.4083332
20251464420,20250117,Property Damage Only,-91.26682894,41.40827066
20251464422,20250118,Property Damage Only,-91.70528891,40.9820718
20251464460,20250117,Property Damage Only,-92.55468259,40.65951109
20251464473,20250112,Property Damage Only,-91.43200872,42.79824637
20251464475,20250119,Property Damage Only,-92.65017308,43.02773411
20251464486,20250113,Property Damage Only,-92.33149591,41.74679774
20251464508,20250118,Property Damage Only,-92.397866,42.77338621
20251464509,20250117,Property Damage Only,-92.47542235,42.68830569
20251464511,20250119,Property Damage Only,-91.8775415,42.4493565
20251464519,20250119,Property Damage Only,-91.80504929,42.82625116
20251464520,20250120,Property Damage Only,-91.85449791,42.84686521
20251464522,20250118,Property Damage Only,-91.46380778,40.43373136
20251464528,20250117,Property Damage Only,-91.38207286,41.28099279
20251464529,20250117,Property Damage Only,-91.20042184,41.3348249
20251464531,20250120,Property Damage Only,-93.3591294,43.29631917
20251464536,20250119,Property Damage Only,-91.56485889,40.8723315
20251464550,20250102,Property Damage Only,-91.42641317,40.40586018
20251464568,20250120,Property Damage Only,-93.81225752,41.62692424
20251464575,20250117,Property Damage Only,-92.23194454,42.52715376
20251464584,20250118,Property Damage Only,-92.97507829,41.4072538
20251464614,20250120,Property Damage Only,-93.46367455,41.82083544
20251464624,20250119,Property Damage Only,-93.58143153,42.08596111
20251464625,20250119,Property Damage Only,-93.3859833,42.14015726
20251464648,20250119,Property Damage Only,-91.11582032,42.4624004
20251464653,20250119,Property Damage Only,-93.70395959,41.42648682
20251464660,20250110,Property Damage Only,-91.49862676,42.78772081
20251464661,20250118,Property Damage Only,-95.1530772,42.8831801
20251464663,20250107,Property Damage Only,-93.91069448,42.60013564
20251464666,20250110,Property Damage Only,-92.47582689,42.54126301
20251464668,20250119,Property Damage Only,-95.229439,42.52070724
20251464685,20250117,Property Damage Only,-94.02308108,41.65105541
20251464691,20250117,Property Damage Only,-91.64729653,42.6174725
20251464712,20250121,Property Damage Only,-91.13968282,42.81891228
20251464714,20250108,Property Damage Only,-90.68897615,42.06666276
20251464717,20250118,Property Damage Only,-92.49909446,42.71685112
20251464760,20250116,Property Damage Only,-95.16829811,43.18395202
20251464790,20250121,Property Damage Only,-91.1401396,41.67028165
20251464791,20250119,Property Damage Only,-96.27276601,42.62303843
20251464792,20250121,Property Damage Only,-96.50176639,42.67079892
20251464793,20250121,Property Damage Only,-93.95419011,40.72833329
20251464796,20250121,Property Damage Only,-93.73444791,42.8532838
20251464800,20250121,Property Damage Only,-92.72721142,41.60752861
20251464813,20250121,Property Damage Only,-95.82195206,41.27746156
20251464827,20250121,Property Damage Only,-93.79470512,42.38747113
20251464830,20250116,Property Damage Only,-94.66932656,42.46652441
20251464837,20250122,Property Damage Only,-96.5016936,42.67362847
20251464978,20250121,Property Damage Only,-90.54432679,41.56747914
20251464980,20250109,Property Damage Only,-91.40963171,43.17447604
20251464984,20250122,Property Damage Only,-95.3986105,42.33767033
20251465062,20250119,Property Damage Only,-91.3830056,40.62418407
20251465081,20250122,Property Damage Only,-93.62084107,42.05796061
20251465082,20250122,Property Damage Only,-93.40084462,42.00774636
20251465086,20250122,Property Damage Only,-91.40753198,42.44504118
20251465091,20250123,Property Damage Only,-93.64721708,41.41650644
20251465099,20250123,Property Damage Only,-94.14847182,42.60498707
20251465110,20250103,Property Damage Only,-91.68295541,40.62763465
20251465118,20250122,Property Damage Only,-96.41442153,43.19957091
20251465126,20250118,Property Damage Only,-93.80866298,41.35294574
20251465146,20250122,Property Damage Only,-93.29135607,41.41009432
20251465147,20250123,Property Damage Only,-93.01188366,41.22679479
20251465163,20250109,Property Damage Only,-91.84061615,42.21179864
20251465247,20250121,Property Damage Only,-90.67629214,42.13996544
20251465262,20250123,Property Damage Only,-91.31455973,40.97712856
20251465281,20250123,Property Damage Only,-92.72830307,43.06004012
20251465282,20250123,Property Damage Only,-91.17493839,40.84815548
20251465290,20250123,Property Damage Only,-91.79464668,42.10243055
20251465337,20250123,Property Damage Only,-93.21067716,43.2005368
20251465338,20250123,Property Damage Only,-90.79542156,42.49988194
20251465368,20250123,Property Damage Only,-96.34427203,42.41250785
20251465372,20250124,Property Damage Only,-93.83807946,41.47280483
20251465374,20250123,Property Damage Only,-91.13674219,42.01426144
20251465375,20250123,Property Damage Only,-91.19673018,42.26783791
20251465378,20250122,Property Damage Only,-91.69928646,43.34237912
20251465380,20250123,Property Damage Only,-92.05896154,43.40978176
20251465381,20250123,Property Damage Only,-93.20029095,42.77435277
20251465387,20250123,Property Damage Only,-94.98460472,41.33368265
20251465389,20250122,Property Damage Only,-96.49659666,42.59841866
20251465406,20250118,Property Damage Only,-91.8899791,42.53344718
20251465422,20250123,Property Damage Only,-92.79826503,42.74470424
20251465428,20250124,Property Damage Only,-95.55454403,42.6897215
20251465458,20250124,Property Damage Only,-93.58798436,41.50385445
20251465467,20250117,Property Damage Only,-91.30132982,40.66166549
20251465470,20250123,Property Damage Only,-96.10706284,42.96822938
20251465473,20250121,Property Damage Only,-94.22674402,42.69354594
20251465485,20250124,Property Damage Only,-93.07058765,42.3799099
20251465487,20250127,Property Damage Only,-90.25345769,41.83037059
20251465490,20250122,Property Damage Only,-91.17915432,42.97628643
20251465496,20250124,Property Damage Only,-94.54116362,42.8081561
20251465509,20250124,Property Damage Only,-95.65220932,41.87666358
20251465527,20250124,Property Damage Only,-91.56464678,41.9961663
20251465545,20250125,Property Damage Only,-90.29962176,41.77714269
20251465562,20250108,Property Damage Only,-91.90940376,42.64723031
20251465577,20250125,Property Damage Only,-91.49525043,41.97094225
20251465584,20250125,Property Damage Only,-93.20205414,42.97791407
20251465589,20250125,Property Damage Only,-92.83428574,40.73259081
20251465603,20250125,Property Damage Only,-94.04147155,41.21632063
20251465604,20250125,Property Damage Only,-91.56867308,42.01960609
20251465613,20250109,Property Damage Only,-91.79284339,43.29173734
20251465614,20250115,Property Damage Only,-91.78771838,43.32694467
20251465615,20250116,Property Damage Only,-91.79761792,43.29153551
20251465617,20250121,Property Damage Only,-91.81370158,43.32212063
20251465620,20250102,Property Damage Only,-91.81314859,43.32708535
20251465621,20250110,Property Damage Only,-91.80319274,43.28572304
20251465650,20250121,Property Damage Only,-95.55420385,42.81792093
20251465653,20250125,Property Damage Only,-91.20122393,42.83198062
20251465669,20250126,Property Damage Only,-91.1514916,40.76768425
20251465680,20250125,Property Damage Only,-92.3653913,41.96462205
20251465686,20250125,Property Damage Only,-92.23406185,42.46443343
20251465702,20250111,Property Damage Only,-92.7323105,43.16911695
20251465708,20250125,Property Damage Only,-91.31354324,41.40150715
20251465711,20250126,Property Damage Only,-93.77917402,42.50773428
20251465726,20250126,Property Damage Only,-90.98257491,42.04125734
20251465737,20250125,Property Damage Only,-91.40337532,40.90584408
20251465740,20250124,Property Damage Only,-93.95469311,41.59517824
20251465741,20250125,Property Damage Only,-91.29989785,40.63513333
20251465744,20250127,Property Damage Only,-90.93749112,41.50275799
20251465756,20250126,Property Damage Only,-91.8387886,43.06893289
20251465765,20250125,Property Damage Only,-92.49744013,42.84753935
20251465795,20250126,Property Damage Only,-95.95807479,42.70161518
20251465800,20250124,Property Damage Only,-92.61534394,41.27370523
20251465809,20250124,Property Damage Only,-91.71534812,41.30974042
20251465810,20250124,Property Damage Only,-92.4658801,42.4207545
20251465816,20250125,Property Damage Only,-91.56485615,40.88015043
20251465819,20250125,Property Damage Only,-91.15867043,41.31520432
20251465820,20250120,Property Damage Only,-91.48336673,42.78327824
20251465823,20250126,Property Damage Only,-94.93799791,41.25899766
20251465826,20250126,Property Damage Only,-92.29840521,43.21299606
20251465830,20250118,Property Damage Only,-91.19661411,41.22929985
20251465832,20250124,Suspected Minor Injury Crash,-93.830131,42.44925287
20251465833,20250125,Property Damage Only,-91.19897178,41.2146909
20251465839,20250125,Property Damage Only,-91.98255219,41.02825328
20251465841,20250127,Property Damage Only,-93.08411063,42.89843764
20251465846,20250128,Property Damage Only,-93.43862154,41.44245964
20251465857,20250126,Property Damage Only,-94.07996319,41.5298306
20251465862,20250127,Property Damage Only,-93.97914092,42.03821564
20251465863,20250127,Property Damage Only,-91.50934766,41.92482419
20251465876,20250127,Property Damage Only,-93.64740893,41.64737232
20251465877,20250127,Property Damage Only,-92.59862176,43.06724096
20251465878,20250127,Property Damage Only,-92.34771812,42.26127586
20251465888,20250126,Property Damage Only,-91.36384627,42.78159657
20251465893,20250115,Property Damage Only,-91.52725588,41.62830325
20251465894,20250128,Property Damage Only,-91.23560076,41.73532002
20251465902,20250128,Property Damage Only,-94.04225185,41.23315795
20251465905,20250127,Property Damage Only,-93.35105209,42.07753032
20251465906,20250127,Property Damage Only,-93.58166693,42.05613036
20251465909,20250127,Property Damage Only,-93.51345924,41.5679113
20251465912,20250127,Property Damage Only,-93.61686764,42.83656143
20251465914,20250127,Property Damage Only,-91.81065942,43.34150262
20251465915,20250128,Property Damage Only,-93.26052183,43.1846848
20251465936,20250127,Property Damage Only,-91.44476836,40.46951101
20251465937,20250121,Property Damage Only,-95.23816005,42.87995381
20251465939,20250127,Property Damage Only,-95.03319131,42.60449671
20251465940,20250128,Property Damage Only,-94.02177793,42.24596152
20251465944,20250124,Property Damage Only,-91.82540447,42.47566222
20251465946,20250127,Property Damage Only,-95.24976911,42.13877411
20251465956,20250127,Property Damage Only,-90.8450379,42.57561476
20251465958,20250127,Property Damage Only,-90.73910537,42.53349946
20251465969,20250121,Property Damage Only,-95.67087436,40.84498696
20251465971,20250127,Property Damage Only,-93.25146012,41.16301499
20251465981,20250128,Property Damage Only,-91.91030347,41.67034862
20251465983,20250128,Property Damage Only,-92.37693448,42.49383873
20251465984,20250128,Property Damage Only,-92.37693448,42.49383873
20251465989,20250124,Property Damage Only,-95.38467659,40.84154327
20251465992,20250128,Property Damage Only,-90.95647673,42.00473533
20251465996,20250125,Property Damage Only,-91.71403861,41.29856555
20251466003,20250126,Property Damage Only,-92.09308688,41.8541552
20251466010,20250127,Property Damage Only,-94.47149948,40.76494732
20251466024,20250128,Property Damage Only,-93.79631482,41.29214033
20251466027,20250125,Property Damage Only,-92.53503521,43.06754958
20251466031,20250128,Property Damage Only,-93.99957261,41.5176231
20251466041,20250128,Property Damage Only,-91.48160594,41.90157521
20251466043,20250128,Property Damage Only,-91.80901595,42.08359528
20251466050,20250128,Property Damage Only,-90.87491723,41.96792315
20251466057,20250127,Property Damage Only,-90.66885043,41.51497099
20251466060,20250128,Property Damage Only,-91.26187378,41.48234167
20251466068,20250129,Property Damage Only,-90.39180272,42.07605896
20251466084,20250128,Property Damage Only,-96.37610259,42.53783525
20251466087,20250121,Property Damage Only,-92.2388628,42.37026331
20251466092,20250127,Property Damage Only,-91.27160984,40.66368355
20251466113,20250129,Property Damage Only,-96.41729695,42.52919316
20251466115,20250128,Property Damage Only,-95.04560771,42.25380083
20251466132,20250129,Property Damage Only,-93.15268213,43.16261963
20251466142,20250113,Property Damage Only,-94.75761684,43.24557701
20251466156,20250124,Property Damage Only,-95.18004315,43.3628684
20251466158,20250128,Property Damage Only,-92.20261975,42.77305767
20251466160,20250128,Property Damage Only,-92.23891029,42.37035368
20251466171,20250129,Property Damage Only,-92.03821203,42.17479987
20251466178,20250129,Property Damage Only,-93.57601767,41.62980995
20251466180,20250122,Possible/Unknown Injury Crash,-94.61411259,41.27204802
20251466199,20250129,Property Damage Only,-95.93799407,43.43261383
20251466229,20250129,Property Damage Only,-96.29673912,42.5475412
20251466236,20250128,Property Damage Only,-90.54690293,41.53838055
20251466242,20250129,Property Damage Only,-93.73266779,41.78691976
20251466251,20250126,Property Damage Only,-92.89313804,42.00038956
20251466253,20250129,Property Damage Only,-93.66161323,41.19089916
20251466264,20250110,Property Damage Only,-92.05501043,42.38062105
20251466265,20250130,Property Damage Only,-95.5541459,42.8073057
20251466269,20250128,Property Damage Only,-91.69562835,41.29339526
20251466274,20250130,Property Damage Only,-94.19367018,42.73164599
20251466281,20250111,Property Damage Only,-91.88924493,42.35607958
20251466282,20250129,Property Damage Only,-91.91412667,42.49752963
20251466284,20250114,Property Damage Only,-92.95932755,42.00750233
20251466295,20250125,Property Damage Only,-96.45090962,43.24269206
20251466298,20250129,Property Damage Only,-95.12840006,43.40108264
20251466301,20250129,Possible/Unknown Injury Crash,-91.36164968,41.28404559
20251466339,20250130,Property Damage Only,-91.56662092,43.19290337
20251466350,20250130,Property Damage Only,-94.3119525,42.51623757
20251466363,20250130,Property Damage Only,-91.3003999,42.88331183
20251466364,20250128,Property Damage Only,-93.33627089,43.14804474
20251466367,20250130,Property Damage Only,-91.50930583,41.92506682
20251466372,20250130,Property Damage Only,-90.55639913,41.69497711
20251466390,20250130,Property Damage Only,-91.31596341,42.20425024
20251466395,20250130,Property Damage Only,-93.56346803,41.25710626
20251466397,20250128,Property Damage Only,-93.20423074,41.68525901
20251466401,20250130,Property Damage Only,-91.36586018,40.62379855
20251466404,20250131,Property Damage Only,-90.74084961,42.50098895
20251466408,20250129,Property Damage Only,-93.83354757,41.62923078
20251466427,20250131,Property Damage Only,-93.54801549,41.67305516
20251466438,20250106,Property Damage Only,-93.65902793,42.01550698
20251466476,20250201,Property Damage Only,-91.35672223,42.96094643
20251466486,20250131,Property Damage Only,-92.19071149,42.9859114
20251466487,20250131,Property Damage Only,-91.12155833,41.0124807
20251466498,20250131,Property Damage Only,-93.63268435,40.75553313
20251466503,20250131,Property Damage Only,-93.1839106,43.2841106
20251466506,20250130,Property Damage Only,-95.84275536,41.31470387
20251466517,20250131,Property Damage Only,-92.29773526,41.93742428
20251466518,20250131,Property Damage Only,-90.6400396,42.00365236
20251466526,20250115,Property Damage Only,-92.59468835,42.46402454
20251466550,20250131,Property Damage Only,-93.26237422,42.50955137
20251466559,20250130,Property Damage Only,-92.16881092,42.46857178
20251466560,20250131,Property Damage Only,-92.29866448,42.38024514
20251466564,20250131,Property Damage Only,-90.2618798,41.87370939
20251466579,20250201,Property Damage Only,-91.18097843,41.35415466
20251466581,20250201,Property Damage Only,-91.15868441,40.85510334
20251466595,20250201,Property Damage Only,-93.78174758,41.11202995
20251466599,20250201,Property Damage Only,-94.17804817,42.51702605
20251466606,20250201,Property Damage Only,-95.23297575,41.03216818
20251466625,20250202,Property Damage Only,-90.73916704,42.48858252
20251466643,20250202,Property Damage Only,-94.01331617,41.2555661
20251466651,20250129,Property Damage Only,-92.06439899,41.81803301
20251466656,20250201,Property Damage Only,-90.56747799,41.7943248
20251466659,20250201,Property Damage Only,-92.40855303,42.45476766
20251466660,20250202,Property Damage Only,-95.14193439,43.3579702
20251466674,20250201,Property Damage Only,-91.16560648,41.41453702
20251466684,20250131,Property Damage Only,-92.2751753,42.50546123
20251466692,20250130,Property Damage Only,-91.5779648,42.01727187
20251466694,20250203,Property Damage Only,-92.27624482,43.18385377
20251466696,20250131,Property Damage Only,-93.39766854,42.00773939
20251466698,20250201,Property Damage Only,-91.29916121,40.63620347
20251466699,20250201,Property Damage Only,-93.58151625,42.08994154
20251466724,20250201,Property Damage Only,-91.80037249,43.25925617
20251466729,20250201,Property Damage Only,-91.58813561,42.50296449
20251466731,20250131,Property Damage Only,-90.68163588,42.55187384
20251466733,20250202,Property Damage Only,-90.76589955,42.46942141
20251466734,20250131,Property Damage Only,-92.6502428,43.03275012
20251466736,20250201,Property Damage Only,-93.2322276,41.66194933
20251466746,20250203,Property Damage Only,-91.56893632,43.15437452
20251466754,20250202,Property Damage Only,-91.80978547,43.41333949
20251466763,20250202,Property Damage Only,-92.6408074,41.21783085
20251466773,20250201,Property Damage Only,-93.71897218,41.41500852
20251466775,20250131,Property Damage Only,-94.21441127,41.51799591
20251466795,20250203,Property Damage Only,-91.44333096,40.45769046
20251466804,20250130,Property Damage Only,-91.19693759,41.24748159
20251466805,20250131,Property Damage Only,-93.50872906,42.44795089
20251466808,20250202,Property Damage Only,-91.28354313,40.64810634
20251466814,20250203,Property Damage Only,-93.41878371,41.60011787
20251466816,20250130,Property Damage Only,-91.34654034,41.74553574
20251466817,20250203,Property Damage Only,-91.24962699,41.72580747
20251466820,20250201,Property Damage Only,-91.37175849,40.90533886
20251466836,20250201,Property Damage Only,-92.54435378,42.87699383
20251466837,20250201,Property Damage Only,-92.16240586,42.68212181
20251466847,20250203,Property Damage Only,-95.80311468,41.04638231
20251466859,20250202,Property Damage Only,-93.11623698,40.65843746
20251466877,20250131,Property Damage Only,-92.94164255,41.38875807
20251466880,20250124,Property Damage Only,-94.54982358,42.51694129
20251466883,20250129,Property Damage Only,-91.8957984,41.76618788
20251466886,20250203,Property Damage Only,-91.62601186,42.93625673
20251466888,20250201,Property Damage Only,-94.82722758,40.97990404
20251466889,20250131,Property Damage Only,-93.09203663,40.74651936
20251466901,20250204,Property Damage Only,-91.15887975,40.7987535
20251466911,20250203,Property Damage Only,-93.55906156,41.43994673
20251466923,20250203,Property Damage Only,-96.26792756,42.68149834
20251466930,20250203,Property Damage Only,-92.48345816,41.31886722
20251466933,20250201,Property Damage Only,-92.31038195,41.00243169
20251466934,20250202,Property Damage Only,-92.6178476,41.14519809
20251466943,20250110,Property Damage Only,-93.62039112,41.67380415
20251466963,20250204,Property Damage Only,-96.05675852,43.01872993
20251466972,20250203,Property Damage Only,-91.25680984,40.83286562
20251466973,20250204,Property Damage Only,-91.03163074,40.98700164
20251466976,20250124,Property Damage Only,-93.91805511,41.83298179
20251466983,20250204,Property Damage Only,-91.14801343,40.81440633
20251466985,20250203,Property Damage Only,-91.8416072,41.59636853
20251466987,20250129,Property Damage Only,-94.62144321,42.04704118
20251467001,20250204,Property Damage Only,-91.9785785,41.23644327
20251467004,20250204,Property Damage Only,-90.60893806,42.04870382
20251467026,20250202,Property Damage Only,-92.04491628,40.9880796
20251467027,20250204,Property Damage Only,-91.5448879,41.04160977
20251467034,20250204,Property Damage Only,-90.58175999,42.13247245
20251467047,20250204,Property Damage Only,-93.67866543,42.06654067
20251467063,20250203,Property Damage Only,-91.41825602,40.63191502
20251467090,20250131,Property Damage Only,-93.05141502,42.41932152
20251467096,20250204,Property Damage Only,-91.3818119,40.62416735
20251467139,20250116,Property Damage Only,-93.39413089,42.44810502
20251467142,20250119,Property Damage Only,-93.25384872,42.36072884
20251467154,20250205,Property Damage Only,-91.18069273,41.10240578
20251467155,20250202,Property Damage Only,-95.34505096,42.07629277
20251467158,20250131,Possible/Unknown Injury Crash,-92.4048367,41.72469248
20251467197,20250203,Property Damage Only,-92.45714773,42.49877668
20251467273,20250203,Property Damage Only,-90.44975209,41.5495501
20251467284,20250130,Property Damage Only,-93.17472944,42.24516523
20251467295,20250204,Property Damage Only,-91.52644426,40.72124935
20251467300,20250206,Property Damage Only,-93.83532822,42.39466629
20251467328,20250205,Property Damage Only,-92.37667626,42.66049703
20251467342,20250201,Property Damage Only,-91.33099919,41.27785854
20251467370,20250201,Property Damage Only,-92.959995,41.38164088
20251467371,20250204,Property Damage Only,-92.99195836,41.22592136
20251467379,20250204,Property Damage Only,-91.87159927,41.82757718
20251467398,20250130,Property Damage Only,-91.56308869,40.66785087
20251467445,20250205,Property Damage Only,-91.21649877,43.01777431
20251467487,20250206,Property Damage Only,-93.58147383,42.07205487
20251467496,20250207,Property Damage Only,-93.08357637,43.22737233
20251467501,20250206,Property Damage Only,-93.71923553,41.26402124
20251467506,20250207,Property Damage Only,-94.67859707,43.00138783
20251467510,20250207,Property Damage Only,-90.35093048,41.75213079
20251467523,20250206,Property Damage Only,-94.05724623,41.68844955
20251467534,20250131,Property Damage Only,-94.55815662,43.1119589
20251467546,20250207,Property Damage Only,-94.38356214,41.68892898
20251467608,20250206,Property Damage Only,-92.985586,40.73949238
20251467617,20250207,Property Damage Only,-93.99826785,40.7245823
20251467622,20250207,Property Damage Only,-91.48666121,42.01969773
20251467623,20250207,Property Damage Only,-94.69876689,43.11924111
20251467626,20250207,Property Damage Only,-90.77008728,41.82932073
20251467637,20250201,Property Damage Only,-94.96129209,40.72750261
20251467643,20250207,Property Damage Only,-93.418131,43.24223488
20251467644,20250130,Property Damage Only,-94.61852411,40.79935309
20251467648,20250206,Property Damage Only,-93.1813873,43.11907522
20251467664,20250206,Property Damage Only,-91.27160984,40.66689045
20251467666,20250207,Property Damage Only,-91.44391187,40.48872368
20251467685,20250206,Property Damage Only,-91.11432008,41.01484855
20251467691,20250208,Property Damage Only,-90.23275854,41.85104592
20251467699,20250208,Property Damage Only,-90.76551015,42.12062902
20251467708,20250208,Property Damage Only,-94.27978638,42.51603399
20251467710,20250205,Property Damage Only,-91.46918071,43.24037341
20251467717,20250208,Possible/Unknown Injury Crash,-93.31570791,43.13364152
20251467738,20250209,Property Damage Only,-93.38639547,41.64424965
20251467749,20250209,Property Damage Only,-96.58133611,42.69671691
20251467770,20250208,Property Damage Only,-91.50180705,41.92186198
20251467775,20250203,Property Damage Only,-92.80999712,42.99133432
20251467776,20250209,Property Damage Only,-91.40873097,40.90827819
20251467777,20250209,Property Damage Only,-90.73309382,42.24150649
20251467780,20250209,Property Damage Only,-94.44137744,42.03464695
20251467781,20250209,Property Damage Only,-91.42716517,40.92551999
20251467783,20250209,Property Damage Only,-92.16078117,42.5796443
20251467796,20250210,Property Damage Only,-91.03354707,41.46419862
20251467799,20250209,Property Damage Only,-90.7272856,42.4158006
20251467829,20250207,Property Damage Only,-91.2455069,42.47079946
20251467830,20250208,Property Damage Only,-91.47010517,42.56876579
20251467835,20250210,Property Damage Only,-93.60063752,41.692815
20251467837,20250207,Property Damage Only,-91.73582927,42.90841804
20251467838,20250208,Property Damage Only,-91.64649312,43.00829725
20251467840,20250207,Property Damage Only,-93.03718811,41.6426863
20251467858,20250208,Property Damage Only,-93.88226447,41.57638244
20251467860,20250207,Property Damage Only,-93.43484536,41.39321168
20251467873,20250209,Property Damage Only,-96.18284425,42.79325488
20251467876,20250210,Property Damage Only,-93.8408192,41.5096429
20251467879,20250130,Property Damage Only,-91.42602172,40.4256918
20251467888,20250203,Property Damage Only,-93.91814726,42.31075437
20251467889,20250210,Property Damage Only,-91.1421138,41.23264853
20251467894,20250208,Property Damage Only,-94.26551319,42.51573323
20251467895,20250208,Property Damage Only,-96.39277446,43.19959439
20251467896,20250210,Property Damage Only,-92.33285615,43.47512536
20251467906,20250209,Property Damage Only,-93.92212258,42.36859517
20251467922,20250207,Property Damage Only,-92.02665353,41.01332055
20251467924,20250208,Property Damage Only,-91.23175336,42.23899731
20251467957,20250210,Property Damage Only,-94.01328423,41.38308633
20251467975,20250210,Property Damage Only,-90.23283888,41.85085874
20251468003,20250128,Property Damage Only,-93.15620546,42.16053231
20251468009,20250210,Property Damage Only,-93.7144171,41.03059317
20251468017,20250203,Property Damage Only,-95.17120526,42.62337758
20251468027,20250211,Property Damage Only,-91.61749032,42.0197092
20251468036,20250210,Property Damage Only,-92.43779817,42.71557604
20251468040,20250210,Property Damage Only,-92.37992313,41.02480663
20251468042,20250207,Property Damage Only,-91.79073474,40.99292667
20251468052,20250211,Property Damage Only,-92.39902832,40.80163703
20251468070,20250210,Property Damage Only,-92.32958957,42.89284948
20251468071,20250208,Property Damage Only,-92.33715179,42.694109
20251468072,20250209,Property Damage Only,-92.39568247,42.64956702
20251468081,20250201,Property Damage Only,-95.24299143,42.65567299
20251468089,20250211,Property Damage Only,-92.39936404,40.85641907
20251468107,20250208,Property Damage Only,-92.09079118,43.09088839
20251468114,20250207,Property Damage Only,-94.31807994,41.32352212
20251468122,20250211,Property Damage Only,-95.2327887,40.9931884
20251468127,20250211,Property Damage Only,-95.60443042,42.79352975
20251468130,20250210,Property Damage Only,-92.0651492,41.53802847
20251468163,20250207,Property Damage Only,-93.55011736,42.02310575
20251468177,20250211,Property Damage Only,-96.26870699,42.27288294
20251468192,20250102,Property Damage Only,-93.5893456,42.86330802
20251468221,20250207,Property Damage Only,-92.91688031,41.93292186
20251468297,20250127,Property Damage Only,-91.53439917,42.69497085
20251468334,20250207,Property Damage Only,-92.4266243,42.56540597
20251468394,20250213,Property Damage Only,-93.98698224,42.51537283
20251468418,20250212,Property Damage Only,-96.37639275,42.44990671
20251468428,20250211,Property Damage Only,-93.03663542,41.642101
20251468430,20250213,Property Damage Only,-93.68855039,41.77691574
20251468432,20250212,Property Damage Only,-91.09772163,42.06287549
20251468475,20250211,Property Damage Only,-90.58572782,42.39449837
20251468476,20250211,Property Damage Only,-90.58428275,42.39353136
20251468502,20250211,Property Damage Only,-91.40888333,40.90885679
20251468532,20250212,Property Damage Only,-96.47127689,43.22855157
20251468621,20250203,Property Damage Only,-90.61110295,41.524467
20251468634,20250212,Property Damage Only,-94.50224558,41.66319228
20251468647,20250213,Property Damage Only,-95.4974169,42.74873912
20251468669,20250213,Property Damage Only,-94.18120726,42.71023436
20251468703,20250212,Property Damage Only,-92.77441465,40.65380726
20251468715,20250214,Property Damage Only,-95.16087387,43.1189275
20251468731,20250214,Property Damage Only,-91.16863281,42.24994829
20251468739,20250127,Property Damage Only,-91.80917913,43.29603266
20251468741,20250131,Property Damage Only,-91.81317886,43.32679752
20251468770,20250214,Property Damage Only,-91.30987995,42.42333489
20251468774,20250211,Property Damage Only,-92.90835421,42.07472524
20251468782,20250214,Property Damage Only,-93.80742376,42.43382588
20251468800,20250211,Property Damage Only,-91.26731126,40.73965633
20251468887,20250214,Suspected Minor Injury Crash,-95.80592707,41.28156419
20251468901,20250213,Property Damage Only,-93.20224484,42.78126551
20251468905,20250207,Property Damage Only,-91.59720048,41.75855239
20251468917,20250214,Property Damage Only,-91.57501142,41.97643636
20251468958,20250123,Property Damage Only,-93.65892633,42.00566336
20251468962,20250213,Property Damage Only,-95.6849907,42.63326552
20251468963,20250214,Property Damage Only,-95.55806533,42.63394769
20251468970,20250214,Property Damage Only,-91.21550018,42.87242035
20251468978,20250215,Property Damage Only,-92.73234824,43.14356131
20251469019,20250211,Property Damage Only,-92.42163325,42.52010887
20251469038,20250211,Property Damage Only,-91.32988535,40.69249371
20251469077,20250215,Property Damage Only,-90.55135393,41.59065829
20251469081,20250214,Property Damage Only,-92.08030481,43.38278914
20251469103,20250215,Property Damage Only,-92.06513232,41.52338253
20251469108,20250215,Property Damage Only,-91.40006451,41.90386325
20251469176,20250213,Property Damage Only,-91.13685674,40.85590573
20251469184,20250216,Property Damage Only,-92.04552213,41.58301135
20251469212,20250211,Property Damage Only,-91.07456188,42.66091267
20251469224,20250217,Property Damage Only,-91.17508125,41.52386977
20251469251,20250216,Property Damage Only,-94.21761314,41.04598553
20251469253,20250214,Property Damage Only,-91.41072413,40.63041531
20251469275,20250216,Property Damage Only,-94.75813346,41.42224006
20251469321,20250208,Property Damage Only,-93.34856917,43.31660317
20251469343,20250213,Property Damage Only,-92.06489305,42.2637856
20251469369,20250217,Property Damage Only,-95.31716255,41.97985757
20251469388,20250217,Property Damage Only,-90.49872323,42.2154604
20251469405,20250215,Property Damage Only,-91.07349404,42.32939568
20251469447,20250218,Property Damage Only,-93.46971418,41.48955405
20251469456,20250218,Property Damage Only,-91.13254528,41.73680713
20251469481,20250210,Property Damage Only,-91.85677395,42.84687896
20251469482,20250213,Property Damage Only,-91.83879361,43.0673661
20251469497,20250214,Property Damage Only,-91.87873927,42.46878471
20251469501,20250217,Property Damage Only,-91.28565178,41.72878252
20251469561,20250217,Property Damage Only,-92.98167478,41.30724278
20251469565,20250213,Property Damage Only,-92.44403,42.74117304
20251469607,20250218,Property Damage Only,-92.00923369,42.15569412
20251469613,20250210,Property Damage Only,-93.89242855,42.03466259
20251469636,20250218,Property Damage Only,-92.631842,42.456702
20251469659,20250218,Property Damage Only,-96.3226661,42.48787494
20251469660,20250211,Property Damage Only,-91.80554172,43.34894097
20251469664,20250217,Property Damage Only,-91.91410726,41.76913651
20251469735,20250219,Property Damage Only,-95.82791343,41.21699029
20251469746,20250219,Property Damage Only,-94.18979497,41.56309986
20251469774,20250219,Property Damage Only,-90.19888258,41.94817854
20251469804,20250219,Property Damage Only,-91.69679345,42.14502306
20251469807,20250219,Property Damage Only,-93.07399232,41.70593492
20251469808,20250218,Property Damage Only,-91.31453772,40.94577228
20251469820,20250219,Property Damage Only,-90.63409445,42.43518468
20251469821,20250219,Property Damage Only,-90.73608058,42.41118386
20251469859,20250220,Suspected Minor Injury Crash,-93.64340925,42.78947952
20251469875,20250219,Property Damage Only,-91.9632822,40.97133095
20251469891,20250219,Property Damage Only,-93.48375464,41.63917039
20251469910,20250220,Property Damage Only,-94.24238356,42.06643359
20251469944,20250220,Property Damage Only,-93.66298752,41.72261884
20251469945,20250220,Property Damage Only,-91.34755507,41.58944537
20251469950,20250220,Property Damage Only,-91.19629153,42.7840682
20251469952,20250217,Property Damage Only,-92.43580416,43.23243196
20251469953,20250220,Property Damage Only,-91.16069026,42.71675585
20251469955,20250220,Property Damage Only,-93.85066862,42.0014754
20251469956,20250220,Property Damage Only,-93.94522966,42.03429392
20251469969,20250219,Property Damage Only,-94.01357069,41.60359127
20251469974,20250215,Property Damage Only,-91.35481471,41.76954011
20251469982,20250221,Property Damage Only,-90.78913259,42.48599164
20251469983,20250221,Property Damage Only,-90.82497215,42.62950057
20251469985,20250213,Property Damage Only,-94.02806137,41.73007429
20251470028,20250220,Property Damage Only,-92.47435918,42.77378988
20251470076,20250221,Property Damage Only,-90.19887928,41.94329743
20251470090,20250221,Property Damage Only,-92.31727107,42.95477723
20251470097,20250221,Property Damage Only,-91.22264307,41.41498217
20251470125,20250221,Property Damage Only,-90.2786123,41.78687725
20251470136,20250222,Property Damage Only,-96.03711963,42.99748113
20251470143,20250222,Property Damage Only,-90.56702341,41.68154023
20251470150,20250221,Property Damage Only,-93.62576797,41.45574461
20251470156,20250222,Property Damage Only,-90.35903758,42.18478888
20251470176,20250221,Property Damage Only,-92.06536824,41.75713648
20251470182,20250223,Property Damage Only,-93.689804,41.51933093
20251470192,20250222,Property Damage Only,-94.21606795,42.50519166
20251470218,20250223,Property Damage Only,-93.68333989,41.77688381
20251470226,20250223,Property Damage Only,-93.5289202,41.52535363
20251470228,20250223,Property Damage Only,-94.35338535,41.64225435
20251470236,20250222,Property Damage Only,-92.1170605,41.45317542
20251470237,20250223,Property Damage Only,-91.41540275,40.89986662
20251470241,20250222,Property Damage Only,-92.21879243,41.36623239
20251470250,20250223,Property Damage Only,-93.81591844,41.25706223
20251470264,20250223,Property Damage Only,-92.90834504,42.07269876
20251470270,20250223,Property Damage Only,-90.66854022,41.46718498
20251470273,20250223,Property Damage Only,-93.70596194,41.53829238
20251470281,20250221,Property Damage Only,-90.69249047,42.4111698
20251470284,20250223,Property Damage Only,-90.95026045,42.31545185
20251470287,20250223,Property Damage Only,-93.55716177,42.10769704
20251470288,20250224,Property Damage Only,-93.6785506,42.00123487
20251470291,20250220,Property Damage Only,-91.38209555,40.62417132
20251470323,20250223,Property Damage Only,-91.19959508,42.13507279
20251470324,20250223,Property Damage Only,-91.32591448,42.15536727
20251470328,20250221,Property Damage Only,-91.36140732,41.28609581
20251470329,20250222,Property Damage Only,-91.39191894,41.28119383
20251470335,20250223,Property Damage Only,-92.57249396,41.48155792
20251470355,20250219,Property Damage Only,-94.28577059,42.77165009
20251470361,20250219,Property Damage Only,-93.41234885,42.44836515
20251470386,20250223,Property Damage Only,-91.18487887,42.24096663
20251470398,20250222,Property Damage Only,-95.1164167,43.1254136
20251470444,20250224,Property Damage Only,-90.41663099,41.71378512
20251470458,20250224,Property Damage Only,-91.15833902,40.85515187
20251470466,20250224,Property Damage Only,-91.8134209,42.19225634
20251470475,20250223,Property Damage Only,-90.84754162,42.5166234
20251470477,20250221,Property Damage Only,-93.58772024,42.16596013
20251470481,20250221,Property Damage Only,-93.12728701,43.28425966
20251470487,20250225,Property Damage Only,-91.27729683,42.07846505
20251470509,20250221,Property Damage Only,-91.23717748,42.08617726
20251470510,20250225,Property Damage Only,-92.61428734,41.57602198
20251470524,20250225,Property Damage Only,-93.77066974,41.81378185
20251470533,20250214,Property Damage Only,-96.06197969,41.80936645
20251470538,20250223,Property Damage Only,-93.56612956,41.65362001
20251470549,20250223,Property Damage Only,-92.44311058,42.41972754
20251470566,20250218,Property Damage Only,-91.39379086,40.62800999
20251470567,20250218,Property Damage Only,-91.40857133,40.62995326
20251470568,20250224,Property Damage Only,-91.38889093,40.62920288
20251470605,20250221,Property Damage Only,-90.64528338,41.5019896
20251470609,20250225,Property Damage Only,-93.78047547,41.41800356
20251470614,20250222,Property Damage Only,-92.22350879,42.34579904
20251470617,20250225,Property Damage Only,-90.43295244,41.5895871
20251470628,20250225,Property Damage Only,-92.42430065,43.1985259
20251470632,20250225,Property Damage Only,-93.80914603,41.57679417
20251470645,20250226,Property Damage Only,-91.71708577,42.12477164
20251470647,20250226,Property Damage Only,-94.15488494,41.33026564
20251470649,20250225,Property Damage Only,-91.53342298,42.6991008
20251470653,20250224,Property Damage Only,-91.56680774,43.18334281
20251470660,20250226,Property Damage Only,-90.19300253,42.03779295
20251470672,20250225,Property Damage Only,-93.79619398,42.32644499
20251470673,20250226,Property Damage Only,-91.21505712,41.37083816
20251470681,20250221,Property Damage Only,-92.45528734,42.72524241
20251470699,20250226,Suspected Minor Injury Crash,-93.92424925,42.04876708
20251470707,20250223,Property Damage Only,-91.46706752,41.61602345
20251470708,20250217,Property Damage Only,-94.22656181,42.67622147
20251470709,20250218,Property Damage Only,-94.13120242,42.80295381
20251470715,20250223,Property Damage Only,-93.22185046,43.10447901
20251470723,20250223,Property Damage Only,-91.98016192,41.77496587
20251470737,20250215,Property Damage Only,-96.15244412,42.05151015
20251470740,20250226,Property Damage Only,-93.23854639,41.24714028
20251470742,20250226,Property Damage Only,-93.65936507,42.06799515
20251470760,20250226,Property Damage Only,-91.72684703,42.59936462
20251470771,20250225,Property Damage Only,-91.17417208,41.53616769
20251470773,20250226,Property Damage Only,-95.1499779,43.33414725
20251470778,20250226,Property Damage Only,-95.38216858,41.49754218
20251470780,20250224,Property Damage Only,-93.79985429,41.60050311
20251470783,20250226,Property Damage Only,-91.07446876,42.66076703
20251470785,20250226,Property Damage Only,-90.53798991,41.72741141
20251470786,20250226,Property Damage Only,-91.549931,41.98384973
20251470788,20250226,Property Damage Only,-90.765727,41.47786016
20251470791,20250226,Property Damage Only,-95.87910958,41.22330403
20251470814,20250226,Property Damage Only,-93.05157465,42.43612663
20251470815,20250226,Property Damage Only,-96.1550864,42.59008176
20251470817,20250226,Property Damage Only,-92.1491099,43.37105775
20251470824,20250226,Property Damage Only,-92.64635727,41.32797725
20251470843,20250227,Property Damage Only,-90.86384342,41.91251926
20251470860,20250226,Property Damage Only,-92.86254664,42.09283669
20251470865,20250201,Property Damage Only,-94.69875803,43.10514897
20251470873,20250201,Property Damage Only,-94.69874217,43.09657677
20251470878,20250225,Property Damage Only,-91.60212738,42.04449767
20251470905,20250215,Property Damage Only,-96.16682616,42.06907909
20251470908,20250225,Property Damage Only,-91.32989398,40.6916741
20251470914,20250225,Possible/Unknown Injury Crash,-90.66846895,41.53827207
20251470919,20250214,Property Damage Only,-93.20224658,42.7742863
20251470921,20250227,Property Damage Only,-91.74227793,41.75876426
20251470951,20250227,Property Damage Only,-93.2011913,43.12309432
20251470952,20250227,Property Damage Only,-92.04539354,41.78923489
20251470957,20250227,Property Damage Only,-91.21826323,43.01701839
20251470958,20250227,Property Damage Only,-91.38285941,42.73637252
20251470960,20250227,Property Damage Only,-91.10975573,40.85063652
20251470961,20250228,Property Damage Only,-93.20115387,40.7465159
20251470962,20250227,Property Damage Only,-95.28218349,41.02971765
20251470967,20250228,Property Damage Only,-95.83266133,41.14927993
20251470980,20250225,Property Damage Only,-92.95847639,42.05358889
20251470985,20250227,Property Damage Only,-91.29439519,42.41881879
20251470997,20250225,Property Damage Only,-95.42707245,40.77180643
20251471003,20250228,Property Damage Only,-93.91275671,41.82708853
20251471033,20250225,Property Damage Only,-92.08176683,42.7472255
20251471040,20250224,Property Damage Only,-92.21066943,42.84756945
20251471041,20250225,Property Damage Only,-92.39521698,42.76548351
20251471044,20250223,Property Damage Only,-94.62205441,40.67496458
20251471050,20250224,Property Damage Only,-91.16359388,40.87149471
20251471051,20250227,Property Damage Only,-91.16598678,40.87379375
20251471064,20250228,Property Damage Only,-91.45726281,41.11903472
20251471069,20250228,Property Damage Only,-91.71027805,42.09178642
20251471097,20250221,Property Damage Only,-92.95033279,42.74489816
20251471108,20250223,Property Damage Only,-95.37312294,41.31811027
20251471110,20250301,Property Damage Only,-90.23532089,41.87375707
20251471111,20250228,Property Damage Only,-93.4320683,43.21353009
20251471129,20250228,Property Damage Only,-91.07535867,42.70308829
20251471172,20250227,Property Damage Only,-95.80113542,43.02897802
20251471206,20250301,Property Damage Only,-94.2272745,42.61317548
20251471209,20250301,Property Damage Only,-94.88666293,40.61431824
20251471218,20250228,Property Damage Only,-91.69935101,41.5908749
20251471227,20250228,Property Damage Only,-91.24260293,40.83237978
20251471232,20250228,Property Damage Only,-93.57758262,41.35381504
20251471257,20250228,Property Damage Only,-94.45214139,43.48713699
20251471284,20250301,Property Damage Only,-93.28506247,41.82711894
20251471289,20250228,Property Damage Only,-92.09052025,41.86270033
20251471304,20250226,Property Damage Only,-91.53849195,41.17563495
20251471324,20250302,Property Damage Only,-92.16906078,40.88778918
20251471333,20250302,Property Damage Only,-94.38464836,41.68859165
20251471340,20250302,Property Damage Only,-95.7830952,41.28288438
20251471345,20250221,Property Damage Only,-92.65272647,43.03855692
20251471349,20250302,Property Damage Only,-92.8931376,42.00065076
20251471376,20250301,Property Damage Only,-95.36587129,40.87435711
20251471380,20250219,Property Damage Only,-92.79622036,41.70222926
20251471388,20250303,Property Damage Only,-92.90265759,41.75911338
20251471390,20250217,Property Damage Only,-91.80728189,43.28146159
20251471391,20250228,Property Damage Only,-91.82525518,43.38557697
20251471396,20250221,Property Damage Only,-93.20224097,42.79134259
20251471420,20250301,Property Damage Only,-93.91440649,41.51898937
20251471426,20250303,Property Damage Only,-93.23540299,42.29570781
20251471428,20250222,Property Damage Only,-96.13723244,43.1425889
20251471430,20250301,Suspected Minor Injury Crash,-96.39358386,43.22637453
20251471448,20250226,Property Damage Only,-91.35556323,41.3157545
20251471449,20250225,Property Damage Only,-92.03359037,42.71487788
20251471452,20250225,Possible/Unknown Injury Crash,-93.81571657,41.86458448
20251471454,20250302,Property Damage Only,-95.24254736,42.65553761
20251471456,20250223,Property Damage Only,-93.59982886,42.00578023
20251471457,20250223,Property Damage Only,-93.597922,42.00589826
20251471463,20250227,Property Damage Only,-94.18905297,42.731658
20251471478,20250225,Property Damage Only,-91.93030293,43.14731141
20251471479,20250215,Property Damage Only,-91.50227256,41.55832075
20251471480,20250219,Property Damage Only,-91.30666806,43.16327317
20251471487,20250303,Property Damage Only,-90.57961548,42.18524511
20251471493,20250303,Property Damage Only,-90.50999112,42.09292379
20251471495,20250302,Property Damage Only,-90.96993069,41.4568784
20251471516,20250303,Property Damage Only,-91.48172271,41.91801355
20251471517,20250303,Property Damage Only,-91.47330015,41.91773973
20251471518,20250303,Property Damage Only,-91.46576349,42.05044686
20251471520,20250303,Property Damage Only,-91.2427689,40.8323823
20251471522,20250303,Property Damage Only,-94.92484274,43.1815374
20251471532,20250303,Property Damage Only,-93.67864309,42.05990301
20251471536,20250303,Property Damage Only,-93.65712344,42.0522286
20251471541,20250301,Property Damage Only,-93.052236,41.31718595
20251471542,20250303,Property Damage Only,-93.02835705,41.24551026
20251471543,20250303,Property Damage Only,-91.44181531,40.5099825
20251471544,20250303,Property Damage Only,-91.33026341,40.64415231
20251471545,20250303,Property Damage Only,-91.44311332,40.4563903
20251471552,20250303,Property Damage Only,-90.57391943,42.38502752
20251471553,20250304,Property Damage Only,-93.56464823,41.48510086
20251471556,20250304,Property Damage Only,-92.66514811,43.03892713
20251471558,20250224,Property Damage Only,-92.49712799,42.71839145
20251471559,20250303,Property Damage Only,-92.47563291,42.71696225
20251471566,20250304,Property Damage Only,-92.57660821,42.54236413
20251471572,20250304,Property Damage Only,-94.62350039,40.63213716
20251471573,20250302,Property Damage Only,-92.29768342,43.25442216
20251471576,20250304,Property Damage Only,-94.85626277,43.28433996
20251471582,20250226,Property Damage Only,-90.59107163,42.39994199
20251471583,20250304,Suspected Minor Injury Crash,-93.29019866,42.33263359
20251471590,20250304,Property Damage Only,-96.17343759,43.0264461
20251471595,20250302,Property Damage Only,-94.02767955,41.72120587
20251471625,20250303,Property Damage Only,-93.6836991,41.45622556
20251471635,20250224,Property Damage Only,-90.98959789,41.48411826
20251471636,20250303,Property Damage Only,-93.44712772,43.13462621
20251471658,20250303,Property Damage Only,-90.5497301,41.61105899
20251471677,20250304,Property Damage Only,-90.53355793,42.24580718
20251471682,20250303,Property Damage Only,-91.0755346,42.66260399
20251471684,20250303,Property Damage Only,-92.88934297,40.69638776
20251471685,20250305,Property Damage Only,-91.48776888,41.91781415
20251471691,20250223,Property Damage Only,-91.58244201,42.01634557
20251471715,20250305,Property Damage Only,-91.14130714,40.83080979
20251471738,20250304,Property Damage Only,-92.35777354,41.70348868
20251471739,20250224,Property Damage Only,-92.73294117,42.35737558
20251471791,20250228,Property Damage Only,-91.13268106,41.71551787
20251471815,20250305,Property Damage Only,-91.64505844,41.61451261
20251471830,20250301,Property Damage Only,-92.54731855,43.29887767
20251471833,20250110,Property Damage Only,-93.7244138,41.56745129
20251471834,20250116,Property Damage Only,-93.72360492,41.56805086
20251471840,20250303,Property Damage Only,-91.11379177,40.85848531
20251471841,20250303,Property Damage Only,-91.1467361,40.78063337
20251471857,20250306,Property Damage Only,-93.6170086,42.82244033
20251471871,20250305,Property Damage Only,-91.27736294,40.67042656
20251471887,20250305,Property Damage Only,-90.9386254,42.51052707
20251471888,20250305,Property Damage Only,-90.72570008,42.41629145
20251471962,20250302,Property Damage Only,-92.81056123,40.7380676
20251471970,20250306,Property Damage Only,-91.34657331,41.6931444
20251471971,20250306,Property Damage Only,-91.63376958,41.78231157
20251471972,20250305,Property Damage Only,-91.52538394,41.62510882
20251471994,20250306,Property Damage Only,-90.53452417,41.7642531
20251472003,20250306,Property Damage Only,-90.48899198,41.58979874
20251472004,20250306,Property Damage Only,-91.09972731,41.48550474
20251472011,20250306,Property Damage Only,-90.50517399,42.25344192
20251472015,20250307,Property Damage Only,-90.71199296,42.51972341
20251472036,20250306,Property Damage Only,-93.63440676,41.95034759
20251472047,20250306,Property Damage Only,-93.10303276,41.69917522
20251472060,20250307,Property Damage Only,-93.69880038,41.4609718
20251472071,20250307,Property Damage Only,-92.51754797,42.84752678
20251472136,20250215,Property Damage Only,-96.15682259,42.0564776
20251472142,20250306,Property Damage Only,-92.90554469,43.11918
20251472190,20250306,Property Damage Only,-93.10967648,41.35708573
20251472192,20250306,Property Damage Only,-91.8416649,43.2842462
20251472222,20250306,Property Damage Only,-92.27713136,41.73198532
20251472225,20250307,Property Damage Only,-93.84823589,42.03467347
20251472226,20250306,Property Damage Only,-91.85622327,41.7591176
20251472254,20250305,Property Damage Only,-90.73832195,42.4100214
20251472264,20250307,Property Damage Only,-91.24561061,40.69518
20251472283,20250307,Property Damage Only,-91.8999452,41.76711033
20251472294,20250307,Property Damage Only,-91.85038854,41.75914943
20251472304,20250308,Property Damage Only,-92.59565806,42.99301109
20251472309,20250308,Property Damage Only,-92.34457444,41.96458616
20251472310,20250305,Property Damage Only,-92.44585652,42.49984838
20251472313,20250308,Property Damage Only,-92.29888588,42.22362994
20251472320,20250308,Property Damage Only,-90.72713719,42.52441047
20251472323,20250308,Property Damage Only,-91.5549645,41.95876733
20251472324,20250308,Property Damage Only,-91.55465127,41.95874537
20251472328,20250309,Property Damage Only,-95.86454215,42.19920456
20251472329,20250307,Property Damage Only,-91.57911586,42.017106
20251472331,20250308,Property Damage Only,-93.73164089,41.49785106
20251472333,20250309,Property Damage Only,-90.96866791,41.49846745
20251472339,20250308,Property Damage Only,-90.67510845,41.7346371
20251472341,20250308,Property Damage Only,-94.07705191,41.04633111
20251472345,20250303,Property Damage Only,-92.64563386,41.28503515
20251472351,20250309,Property Damage Only,-94.36730987,41.87154564
20251472375,20250308,Property Damage Only,-90.55135495,41.59063129
20251472385,20250309,Property Damage Only,-91.91033039,42.66123367
20251472387,20250225,Property Damage Only,-92.49511008,42.54218714
20251472395,20250308,Property Damage Only,-91.47368061,43.24661064
20251472412,20250309,Property Damage Only,-91.12678246,41.41696464
20251472415,20250309,Property Damage Only,-93.91499614,41.956281
20251472418,20250309,Property Damage Only,-92.24619926,42.96504733
20251472420,20250309,Property Damage Only,-90.67581009,42.1180808
20251472424,20250309,Property Damage Only,-91.24269581,40.82706654
20251472429,20250309,Property Damage Only,-93.30558784,42.98011587
20251472431,20250309,Property Damage Only,-92.13130978,41.33714137
20251472438,20250310,Property Damage Only,-91.42194209,40.92042223
20251472444,20250310,Property Damage Only,-92.25873989,42.52227798
20251472445,20250308,Property Damage Only,-92.44945359,42.73990245
20251472448,20250310,Property Damage Only,-90.6837887,42.52692803
20251472449,20250307,Property Damage Only,-93.44248841,41.25890487
20251472458,20250307,Property Damage Only,-92.85719963,41.709635
20251472459,20250307,Property Damage Only,-92.85719963,41.709635
20251472460,20250309,Property Damage Only,-91.25366911,42.09894794
20251472461,20250310,Property Damage Only,-90.92497815,42.06695981
20251472486,20250309,Property Damage Only,-91.93743671,43.2840955
20251472488,20250309,Property Damage Only,-93.47777753,41.49134934
20251472492,20250310,Property Damage Only,-92.59276897,42.99024529
20251472497,20250307,Property Damage Only,-92.23698257,41.03112842
20251472498,20250307,Property Damage Only,-92.40448138,40.95791525
20251472504,20250310,Property Damage Only,-94.67875186,43.1775172
20251472506,20250307,Property Damage Only,-91.26737192,42.09800294
20251472517,20250302,Property Damage Only,-92.29861889,42.36360174
20251472518,20250308,Property Damage Only,-92.21238827,41.82674488
20251472538,20250307,Property Damage Only,-91.280083,41.08941264
20251472544,20250308,Property Damage Only,-92.00369384,42.96473321
20251472549,20250310,Property Damage Only,-91.32258907,41.78642969
20251472551,20250309,Property Damage Only,-92.76085124,41.29121423
20251472552,20250309,Property Damage Only,-92.65145074,41.45955779
20251472567,20250310,Property Damage Only,-91.85618719,41.75911724
20251472574,20250306,Property Damage Only,-92.29780247,41.93459659
20251472577,20250310,Property Damage Only,-96.19264388,42.77222682
20251472580,20250308,Property Damage Only,-93.94372401,41.38041717
20251472581,20250310,Property Damage Only,-91.22287031,41.41498568
20251472587,20250302,Property Damage Only,-93.01704354,42.0228736
20251472588,20250309,Property Damage Only,-93.60520886,41.35633933
20251472599,20250310,Property Damage Only,-93.35605792,43.17755671
20251472600,20250310,Property Damage Only,-93.35605792,43.17755671
20251472609,20250309,Property Damage Only,-93.21082887,43.21242281
20251472620,20250308,Property Damage Only,-92.9223957,41.47058943
20251472621,20250308,Property Damage Only,-92.96230415,41.42142827
20251472623,20250310,Property Damage Only,-95.81960241,41.0975697
20251472628,20250304,Property Damage Only,-91.96975807,42.14699758
20251472633,20250302,Property Damage Only,-91.86555066,43.09761161
20251472645,20250308,Property Damage Only,-95.07348514,41.66772374
20251472654,20250309,Suspected Minor Injury Crash,-91.17011519,41.02354868
20251472659,20250310,Suspected Minor Injury Crash,-91.52942053,42.22772875
20251472663,20250310,Property Damage Only,-91.60452343,42.89300675
20251472664,20250305,Property Damage Only,-90.38357871,42.20539768
20251472671,20250310,Property Damage Only,-92.83007406,40.87964005
20251472672,20250310,Property Damage Only,-95.20057544,41.17376278
20251472675,20250310,Property Damage Only,-90.96806322,41.59701695
20251472676,20250311,Property Damage Only,-91.03830776,41.53420875
20251472679,20250310,Property Damage Only,-93.78969777,41.62963947
20251472681,20250311,Property Damage Only,-92.34759908,42.24106524
20251472686,20250306,Property Damage Only,-90.87586862,42.48318407
20251472689,20250310,Property Damage Only,-91.07122468,42.46423395
20251472690,20250310,Property Damage Only,-91.11692098,42.44434443
20251472692,20250311,Property Damage Only,-93.6101642,41.98160602
20251472696,20250311,Property Damage Only,-90.60247417,42.01817437
20251472699,20250309,Property Damage Only,-91.83869674,43.28412606
20251472700,20250311,Property Damage Only,-92.05271466,43.34776176
20251472702,20250311,Property Damage Only,-93.80003414,41.35702342
20251472711,20250310,Property Damage Only,-95.05315409,42.32567515
20251472712,20250311,Property Damage Only,-93.88245884,41.57744379
20251472714,20250311,Property Damage Only,-90.43246207,41.69171501
20251472715,20250311,Property Damage Only,-90.69833404,41.53813548
20251472716,20250308,Property Damage Only,-94.93640132,41.49727736
20251472719,20250228,Property Damage Only,-96.15438057,43.4329579
20251472722,20250311,Property Damage Only,-91.11891609,41.44159637
20251472723,20250311,Property Damage Only,-93.61029731,42.74576837
20251472737,20250310,Property Damage Only,-95.15173087,42.64493424
20251472739,20250309,Suspected Minor Injury Crash,-92.54578334,42.88575262
20251472740,20250311,Property Damage Only,-91.03832571,41.53321832
20251472748,20250309,Property Damage Only,-91.27747679,41.08982407
20251472806,20250306,Property Damage Only,-93.12239755,43.08289968
20251472812,20250310,Property Damage Only,-92.35783083,41.71343279
20251472816,20250311,Property Damage Only,-90.42031645,41.75473734
20251472830,20250310,Property Damage Only,-90.7429467,41.47721706
20251472836,20250311,Property Damage Only,-91.81306084,42.1920815
20251472837,20250311,Property Damage Only,-91.27998426,42.93363258
20251472838,20250311,Property Damage Only,-90.72879179,42.05504798
20251472843,20250311,Property Damage Only,-91.48851629,41.91782399
20251472844,20250311,Property Damage Only,-92.83007933,40.87293778
20251472845,20250311,Property Damage Only,-92.83840822,40.63407719
20251472860,20250312,Property Damage Only,-91.07519056,42.70971325
20251472873,20250310,Property Damage Only,-94.43800359,42.80301459
20251472874,20250312,Property Damage Only,-93.91881118,42.05461091
20251472878,20250311,Property Damage Only,-93.60992449,41.92736905
20251472879,20250311,Property Damage Only,-93.65939881,42.07475883
20251472882,20250311,Property Damage Only,-93.91499393,42.04966984
20251472889,20250311,Property Damage Only,-91.55013671,42.06568379
20251472898,20250311,Property Damage Only,-93.20186471,42.98374072
20251472900,20250306,Property Damage Only,-92.23538949,42.36323352
20251472904,20250312,Property Damage Only,-90.62135128,42.01200208
20251472915,20250312,Property Damage Only,-91.5914939,41.679511
20251472922,20250306,Property Damage Only,-92.27924972,42.22525544
20251472947,20250311,Property Damage Only,-95.86028993,41.57067386
20251472954,20250310,Property Damage Only,-96.33475534,43.38949755
20251472970,20250310,Property Damage Only,-91.63627932,41.1488838
20251472972,20250312,Property Damage Only,-91.46761064,42.05051657
20251472975,20250311,Possible/Unknown Injury Crash,-94.76592397,40.85649868
20251472979,20250312,Property Damage Only,-91.38403485,42.86874639
20251472984,20250312,Property Damage Only,-90.99375286,41.46397055
20251473001,20250313,Property Damage Only,-93.30937151,42.16780492
20251473003,20250312,Property Damage Only,-95.00266446,42.39398422
20251473004,20250311,Property Damage Only,-91.09487826,42.46955568
20251473005,20250312,Property Damage Only,-90.79196156,42.43599453
20251473006,20250312,Property Damage Only,-93.42802839,41.47356637
20251473011,20250313,Property Damage Only,-91.25010068,43.01123341
20251473012,20250312,Property Damage Only,-92.53447263,42.82484939
20251473014,20250313,Possible/Unknown Injury Crash,-93.6257506,41.49876416
20251473017,20250310,Property Damage Only,-91.35415418,41.32902005
20251473019,20250310,Property Damage Only,-91.19915626,41.28531068
20251473020,20250311,Property Damage Only,-91.26136121,41.09234727
20251473060,20250216,Property Damage Only,-92.67873996,42.00001679
20251473092,20250313,Property Damage Only,-92.46902187,40.74028087
20251473099,20250313,Suspected Minor Injury Crash,-95.97122819,43.34574129
20251473100,20250313,Property Damage Only,-92.19068963,42.97635688
20251473104,20250312,Property Damage Only,-91.15995674,40.85499754
20251473106,20250313,Property Damage Only,-96.49794625,43.39023513
20251473107,20250309,Property Damage Only,-92.8876859,40.69638616
20251473108,20250313,Property Damage Only,-92.85821878,40.77208046
20251473109,20250313,Property Damage Only,-93.38874395,43.00952641
20251473110,20250313,Property Damage Only,-92.31607998,42.46557359
20251473113,20250311,Property Damage Only,-93.61702555,42.82168379
20251473115,20250313,Property Damage Only,-90.87572188,41.51984473
20251473117,20250314,Property Damage Only,-92.29775079,42.46652544
20251473118,20250314,Property Damage Only,-93.77447885,41.70311481
20251473119,20250314,Property Damage Only,-91.59625147,40.98602904
20251473134,20250314,Property Damage Only,-96.41632676,42.52457583
20251473141,20250314,Property Damage Only,-93.73581125,41.36863938
20251473145,20250312,Possible/Unknown Injury Crash,-96.56844712,42.6858825
20251473147,20250314,Property Damage Only,-93.36417539,41.57717309
20251473148,20250313,Property Damage Only,-94.669397,42.45452793
20251473151,20250313,Suspected Serious Injury Crash,-92.83059668,40.95391478
20251473153,20250314,Property Damage Only,-93.36791766,41.62147697
20251473159,20250313,Property Damage Only,-91.13258355,41.72843167
20251473163,20250314,Property Damage Only,-92.13194202,43.44360314
20251473176,20250313,Property Damage Only,-96.19717792,42.76747196
20251473183,20250310,Property Damage Only,-93.07942019,41.29983048
20251473184,20250313,Property Damage Only,-93.00579858,41.22602058
20251473186,20250314,Property Damage Only,-90.67654222,42.11261114
20251473198,20250312,Property Damage Only,-91.80504521,42.82582787
20251473216,20250314,Property Damage Only,-92.29857653,43.44354013
20251473224,20250314,Property Damage Only,-90.26063292,41.88822387
20251473226,20250311,Property Damage Only,-91.47145803,41.87718607
20251473227,20250314,Property Damage Only,-91.58579734,41.97664181
20251473257,20250314,Possible/Unknown Injury Crash,-94.8900353,43.39927537
20251473267,20250314,Property Damage Only,-92.35455443,41.96460667
20251473270,20250314,Property Damage Only,-91.47653778,41.9179989
20251473271,20250314,Property Damage Only,-91.70059318,42.07161112
20251473307,20250314,Property Damage Only,-91.88430089,41.80345506
20251473309,20250315,Property Damage Only,-95.83198766,41.23400229
20251473312,20250315,Property Damage Only,-90.42923931,41.75778336
20251473324,20250314,Property Damage Only,-91.03021992,41.45702627
20251473349,20250316,Property Damage Only,-90.80667527,42.51667669
20251473356,20250313,Property Damage Only,-90.75051039,42.40186832
20251473359,20250315,Property Damage Only,-90.98961937,42.38984166
20251473379,20250314,Property Damage Only,-93.96624496,41.51769178
20251473381,20250316,Property Damage Only,-90.48586512,41.80799393
20251473399,20250119,Property Damage Only,-95.451365,43.43066443
20251473403,20250313,Property Damage Only,-91.16995005,40.92418292
20251473423,20250316,Property Damage Only,-91.96701069,41.77421789
20251473436,20250316,Property Damage Only,-94.64281388,40.81142275
20251473460,20250317,Property Damage Only,-91.20027715,41.33617371
20251473461,20250316,Property Damage Only,-90.56577784,41.7097843
20251473469,20250317,Property Damage Only,-91.15438669,42.51498972
20251473496,20250315,Property Damage Only,-92.61058398,43.0013115
20251473499,20250227,Property Damage Only,-91.3001255,40.73977508
20251473501,20250304,Property Damage Only,-91.31929402,40.6590188
20251473502,20250305,Property Damage Only,-91.4106414,40.62193737
20251473512,20250313,Property Damage Only,-90.96554094,41.8405518
20251473513,20250314,Property Damage Only,-90.98041615,41.87496619
20251473514,20250314,Property Damage Only,-92.5943803,41.46961222
20251473515,20250315,Property Damage Only,-91.55215571,41.34308495
20251473523,20250308,Property Damage Only,-92.53458778,42.80786575
20251473524,20250312,Suspected Minor Injury Crash,-95.85432443,41.044602
20251473526,20250314,Suspected Minor Injury Crash,-91.92379917,42.27080692
20251473527,20250316,Property Damage Only,-91.87324151,42.13197741
20251473534,20250316,Property Damage Only,-95.80339182,40.86575373
20251473537,20250316,Property Damage Only,-92.04288788,42.843192
20251473538,20250309,Property Damage Only,-95.24605567,42.63336139
20251473547,20250315,Property Damage Only,-93.70149096,41.17650281
20251473549,20250314,Property Damage Only,-92.94209761,43.48808721
20251473553,20250306,Property Damage Only,-91.19674102,42.26788311
20251473555,20250312,Property Damage Only,-96.29476237,43.18548098
20251473561,20250201,Property Damage Only,-91.86920839,42.93533377
20251473563,20250316,Property Damage Only,-91.88724988,42.44842451
20251473575,20250311,Property Damage Only,-91.73909178,43.27770463
20251473599,20250310,Property Damage Only,-93.14388353,41.68327875
20251473602,20250317,Property Damage Only,-91.712255,42.11778271
20251473608,20250303,Property Damage Only,-93.32333293,41.79848358
20251473648,20250313,Property Damage Only,-93.90161638,42.14609014
20251473655,20250317,Property Damage Only,-91.72877968,42.04144936
20251473656,20250317,Property Damage Only,-91.28301697,41.40823421
20251473658,20250317,Property Damage Only,-91.08842792,41.42287262
20251473660,20250317,Property Damage Only,-90.54857392,41.84568035
20251473661,20250317,Property Damage Only,-94.01086914,41.4302164
20251473665,20250318,Property Damage Only,-90.82051985,41.92532198
20251473668,20250317,Property Damage Only,-90.80862035,41.75833695
20251473672,20250317,Property Damage Only,-93.76766925,40.91839639
20251473688,20250318,Property Damage Only,-93.46336016,41.92243383
20251473691,20250318,Property Damage Only,-93.14436415,41.32182733
20251473693,20250313,Property Damage Only,-92.33703379,42.81982406
20251473694,20250314,Property Damage Only,-92.46590035,42.72681432
20251473695,20250314,Property Damage Only,-92.33764543,42.68901473
20251473699,20250314,Property Damage Only,-95.37020714,40.59703533
20251473703,20250318,Property Damage Only,-96.43876706,43.38991621
20251473704,20250317,Property Damage Only,-93.2999865,42.39739815
20251473706,20250315,Property Damage Only,-91.51655301,40.97302337
20251473708,20250318,Property Damage Only,-93.81351231,42.49564404
20251473711,20250315,Property Damage Only,-91.81161022,43.21735806
20251473715,20250318,Property Damage Only,-94.31826417,41.53612746
20251473718,20250318,Property Damage Only,-91.13245287,41.69184488
20251473781,20250318,Property Damage Only,-90.3346513,41.99777418
20251473788,20250318,Property Damage Only,-96.17444478,42.15972065
20251473797,20250318,Property Damage Only,-93.54121635,41.82060434
20251473798,20250317,Property Damage Only,-90.55709977,42.3745842
20251473804,20250318,Property Damage Only,-91.38985062,42.7253766
20251473810,20250318,Property Damage Only,-91.14915788,41.51587159
20251473830,20250318,Property Damage Only,-92.91908219,40.73984328
20251473831,20250318,Property Damage Only,-93.76957926,41.00415959
20251473841,20250318,Property Damage Only,-93.31012841,41.80843665
20251473842,20250304,Property Damage Only,-91.75476474,41.16229611
20251473852,20250317,Property Damage Only,-91.90162614,42.59629266
20251473869,20250318,Property Damage Only,-91.28422138,41.14721243
20251473893,20250313,Property Damage Only,-93.18190602,42.42653762
20251473895,20250316,Property Damage Only,-91.158606,41.24190277
20251473906,20250318,Property Damage Only,-91.8732119,42.12545657
20251473923,20250319,Property Damage Only,-90.61173695,42.10746151
20251473924,20250319,Property Damage Only,-92.42232779,41.96464345
20251473930,20250309,Property Damage Only,-91.22226854,41.52423082
20251473934,20250311,Property Damage Only,-92.21917221,42.55257171
20251473938,20250301,Property Damage Only,-90.66962721,42.19100035
20251473941,20250314,Property Damage Only,-90.7361424,42.56056457
20251473944,20250211,Property Damage Only,-91.28817113,40.64749944
20251473946,20250319,Property Damage Only,-91.4172792,40.61469578
20251473956,20250320,Property Damage Only,-91.47544942,42.46529999
20251473968,20250320,Property Damage Only,-93.92214496,41.35468653
20251473976,20250320,Property Damage Only,-93.26343022,42.36078828
20251474001,20250319,Property Damage Only,-92.54574474,42.90102535
20251474060,20250316,Property Damage Only,-93.34061752,43.00929253
20251474088,20250320,Property Damage Only,-91.76562232,42.01128382
20251474090,20250320,Property Damage Only,-91.78472336,42.16857584
20251474091,20250320,Property Damage Only,-93.1481833,41.19310958
20251474103,20250320,Property Damage Only,-92.3544723,41.36671317
20251474107,20250319,Property Damage Only,-92.63667103,41.30340104
20251474123,20250320,Property Damage Only,-91.09236813,42.57011333
20251474132,20250318,Property Damage Only,-92.42599553,42.6140336
20251474162,20250321,Property Damage Only,-91.90221854,43.15876054
20251474165,20250320,Property Damage Only,-94.1437925,41.83513469
20251474175,20250318,Property Damage Only,-91.94646537,41.77168052
20251474176,20250320,Property Damage Only,-92.00408057,41.5724457
20251474182,20250318,Property Damage Only,-91.13232781,41.84377325
20251474247,20250321,Property Damage Only,-90.19598347,42.05927186
20251474248,20250321,Property Damage Only,-93.27200332,43.19862449
20251474260,20250321,Property Damage Only,-91.78747868,42.06986021
20251474261,20250321,Property Damage Only,-96.58210841,43.44779672
20251474263,20250322,Property Damage Only,-93.42584925,41.73646933
20251474267,20250322,Property Damage Only,-93.62976434,40.7561797
20251474268,20250321,Property Damage Only,-93.61686399,42.83373378
20251474269,20250322,Property Damage Only,-90.97183929,41.4540299
20251474272,20250322,Property Damage Only,-93.36579679,41.04320782
20251474313,20250321,Property Damage Only,-91.52645636,42.97487416
20251474328,20250321,Property Damage Only,-93.02624704,40.74203073
20251474338,20250323,Property Damage Only,-95.74640659,41.23254636
20251474339,20250322,Property Damage Only,-91.34999421,41.37735618
20251474348,20250323,Property Damage Only,-91.69198046,40.97702123
20251474349,20250321,Property Damage Only,-91.84864452,41.59468285
20251474356,20250321,Property Damage Only,-91.43597406,40.38686459
20251474358,20250323,Property Damage Only,-91.43430319,40.50870083
20251474366,20250322,Property Damage Only,-94.28574945,42.03456875
20251474387,20250321,Property Damage Only,-94.0480995,42.31877229
20251474389,20250322,Property Damage Only,-91.37170351,40.87805321
20251474399,20250322,Property Damage Only,-94.10949898,41.88497192
20251474400,20250306,Property Damage Only,-90.7560493,41.45601971
20251474403,20250322,Property Damage Only,-92.4778232,41.09625749
20251474418,20250323,Property Damage Only,-92.06532597,41.56820411
20251474419,20250322,Property Damage Only,-93.57129466,42.00316977
20251474421,20250324,Property Damage Only,-90.67050124,42.5296753
20251474424,20250323,Property Damage Only,-93.84565288,40.70803652
20251474436,20250323,Property Damage Only,-91.29804339,42.41919723
20251474437,20250324,Property Damage Only,-90.87710665,41.44848312
20251474444,20250323,Property Damage Only,-90.37118805,41.5885688
20251474445,20250322,Property Damage Only,-91.70445384,42.82015014
20251474454,20250315,Property Damage Only,-92.05563918,42.4569512
20251474455,20250317,Property Damage Only,-91.8682315,42.44976027
20251474457,20250322,Property Damage Only,-91.90482521,42.57021603
20251474477,20250322,Property Damage Only,-93.68789091,41.36673797
20251474492,20250324,Property Damage Only,-93.95535511,41.98274682
20251474494,20250319,Property Damage Only,-92.4754723,41.06245757
20251474503,20250321,Property Damage Only,-95.04421798,40.98153765
20251474504,20250321,Property Damage Only,-93.00953053,41.69940115
20251474505,20250318,Property Damage Only,-92.32820487,40.99669966
20251474518,20250323,Property Damage Only,-92.55433399,43.32918761
20251474532,20250324,Property Damage Only,-90.56869316,41.83950684
20251474533,20250323,Property Damage Only,-94.40826457,41.6849631
20251474537,20250315,Suspected Minor Injury Crash,-91.63153341,41.6944328
20251474564,20250323,Property Damage Only,-93.34265109,43.04400088
20251474585,20250324,Property Damage Only,-92.62871052,43.01061094
20251474592,20250312,Property Damage Only,-95.9178197,43.4326356
20251474593,20250324,Property Damage Only,-93.17545078,41.32483776
20251474595,20250324,Property Damage Only,-90.75294476,41.7203173
20251474606,20250325,Property Damage Only,-91.70018581,42.06550923
20251474608,20250324,Property Damage Only,-90.72567954,42.57863775
20251474613,20250312,Property Damage Only,-90.48961978,42.25746095
20251474614,20250325,Property Damage Only,-90.19886019,41.93877616
20251474623,20250321,Property Damage Only,-92.96739737,42.04898941
20251474626,20250321,Property Damage Only,-93.06925079,41.71170244
20251474638,20250325,Property Damage Only,-90.68296593,42.07970798
20251474650,20250325,Property Damage Only,-92.98045716,41.70283161
20251474655,20250325,Property Damage Only,-96.47362713,42.51075836
20251474661,20250321,Property Damage Only,-92.39891159,42.74109822
20251474676,20250324,Property Damage Only,-91.56318327,40.59174022
20251474681,20250325,Property Damage Only,-90.54260729,41.71319954
20251474682,20250325,Property Damage Only,-90.55868174,41.69498962
20251474691,20250325,Property Damage Only,-93.85284704,41.66619847
20251474693,20250324,Suspected Minor Injury Crash,-91.5588156,41.66334381
20251474699,20250325,Property Damage Only,-92.4499763,43.06676715
20251474704,20250325,Property Damage Only,-94.57168285,42.09153972
20251474735,20250325,Property Damage Only,-91.50699656,41.92428027
20251474739,20250325,Property Damage Only,-90.74580942,41.50897646
20251474745,20250325,Property Damage Only,-94.02786131,42.11279493
20251474756,20250319,Property Damage Only,-95.94337358,41.69798913
20251474771,20250324,Possible/Unknown Injury Crash,-93.27201562,43.19862446
20251474781,20250318,Property Damage Only,-92.29880974,43.29475174
20251474783,20250326,Property Damage Only,-95.58551062,42.63407859
20251474784,20250326,Property Damage Only,-91.85381987,42.49050322
20251474794,20250326,Property Damage Only,-95.76575251,41.04566449
20251474806,20250326,Property Damage Only,-96.30428074,42.59601998
20251474809,20250326,Property Damage Only,-96.61257772,42.73211113
20251474819,20250326,Property Damage Only,-91.48446517,41.9177976
20251474840,20250318,Property Damage Only,-91.19659075,41.22928147
20251474841,20250318,Property Damage Only,-91.19693808,41.24746359
20251474845,20250325,Property Damage Only,-91.19693759,41.24748159
20251474848,20250326,Property Damage Only,-92.1455961,42.63506075
20251474851,20250306,Property Damage Only,-90.7560493,41.45601971
20251474860,20250311,Property Damage Only,-91.54228059,41.79820954
20251474874,20250325,Property Damage Only,-91.55739479,41.64305151
20251474876,20250326,Property Damage Only,-93.34910958,43.24723882
20251474892,20250326,Property Damage Only,-90.59824636,41.82569227
20251474893,20250326,Property Damage Only,-91.17094641,40.89622977
20251474898,20250323,Property Damage Only,-93.81569615,41.91319401
20251474907,20250327,Property Damage Only,-90.70515839,42.41869154
20251474910,20250325,Property Damage Only,-93.56963474,41.94294146
20251474911,20250326,Property Damage Only,-93.65750285,42.00697748
20251474920,20250326,Property Damage Only,-93.73152498,41.35319169
20251474921,20250326,Property Damage Only,-93.41323146,41.46508139
20251474937,20250327,Property Damage Only,-93.53159005,41.85339831
20251474947,20250327,Property Damage Only,-90.43246076,41.69023798
20251474980,20250326,Suspected Minor Injury Crash,-93.51164097,41.56547843
20251475004,20250328,Property Damage Only,-92.31653327,43.18379539
20251475005,20250328,Property Damage Only,-95.16134871,43.04614398
20251475008,20250326,Property Damage Only,-90.40541222,41.57572036
20251475009,20250327,Property Damage Only,-91.50649311,41.68213045
20251475011,20250327,Property Damage Only,-94.3779865,42.04291891
20251475059,20250327,Property Damage Only,-92.65017313,43.0277251
20251475064,20250327,Property Damage Only,-93.2524121,41.38576673
20251475065,20250327,Property Damage Only,-93.11137292,41.40545512
20251475066,20250327,Property Damage Only,-91.48950923,41.86291545
20251475078,20250328,Property Damage Only,-94.24178468,42.26786355
20251475080,20250327,Property Damage Only,-91.36923286,40.65233031
20251475085,20250326,Property Damage Only,-94.8846275,42.25312882
20251475096,20250327,Property Damage Only,-92.22710945,40.93742294
20251475097,20250325,Property Damage Only,-90.64381253,41.50587729
20251475103,20250327,Property Damage Only,-93.44108677,43.13580228
20251475117,20250328,Property Damage Only,-91.32271252,42.7606317
20251475140,20250327,Property Damage Only,-94.7802936,43.27686773
20251475198,20250328,Possible/Unknown Injury Crash,-91.46275532,42.10750595
20251475202,20250328,Property Damage Only,-91.35364054,42.90867361
20251475213,20250329,Property Damage Only,-94.62780732,41.49309837
20251475220,20250329,Property Damage Only,-91.59529843,40.98612552
20251475226,20250328,Property Damage Only,-90.74170039,41.47930914
20251475247,20250214,Property Damage Only,-95.80592707,41.28156419
20251475279,20250329,Property Damage Only,-90.67758285,42.49003409
20251475280,20250329,Property Damage Only,-92.71701259,43.0743847
20251475292,20250329,Property Damage Only,-94.22700127,42.93547748
20251475306,20250329,Property Damage Only,-91.79269266,42.07091489
20251475313,20250326,Property Damage Only,-95.55247456,41.2325984
20251475325,20250329,Property Damage Only,-91.53532645,41.92634743
20251475344,20250329,Fatal Crash,-92.55440577,43.30586605
20251475380,20250330,Property Damage Only,-93.58139063,41.52621725
20251475389,20250330,Property Damage Only,-90.68334218,42.54427198
20251475402,20250326,Property Damage Only,-91.35166186,42.87719073
20251475421,20250329,Property Damage Only,-96.48843278,42.99283184
20251475423,20250331,Property Damage Only,-93.67854884,42.00334243
20251475438,20250330,Property Damage Only,-90.71902711,42.56625844
20251475444,20250328,Property Damage Only,-91.42237147,40.60727055
20251475447,20250331,Property Damage Only,-92.4152713,41.02111788
20251475451,20250330,Property Damage Only,-92.54470846,42.87871524
20251475457,20250325,Property Damage Only,-92.53398857,42.74916601
20251475459,20250329,Property Damage Only,-93.63267093,41.35527286
20251475460,20250329,Property Damage Only,-94.02811893,41.68842561
20251475464,20250320,Property Damage Only,-92.24731859,42.77332417
20251475466,20250318,Property Damage Only,-92.32705025,42.71495188
20251475493,20250327,Property Damage Only,-92.44179424,42.46944287
20251475495,20250329,Property Damage Only,-92.48193279,42.54219136
20251475532,20250221,Property Damage Only,-96.03709602,42.99749977
20251475583,20250326,Property Damage Only,-96.1859986,43.43253067
20251475594,20250331,Property Damage Only,-90.28272314,41.81545108
20251475597,20250331,Property Damage Only,-95.82368857,41.16813488
20251475598,20250331,Property Damage Only,-91.83273108,42.06611447
20251475599,20250321,Property Damage Only,-91.48464479,41.62910036
20251475633,20250330,Property Damage Only,-90.53939974,41.72071404
20251475636,20250331,Property Damage Only,-91.43404574,42.85562775
20251475643,20250401,Property Damage Only,-90.74081224,42.49729606
20251475647,20250331,Property Damage Only,-94.20159572,42.5013458
20251475657,20250331,Property Damage Only,-96.41395466,42.52639346
20251475658,20250331,Property Damage Only,-96.37113031,42.54091726
20251475665,20250331,Property Damage Only,-93.40106923,41.89919662
20251475666,20250331,Possible/Unknown Injury Crash,-93.30900034,42.16616676
20251475689,20250401,Property Damage Only,-91.18069273,41.10240578
20251475693,20250121,Property Damage Only,-93.20461515,41.6852313
20251475723,20250324,Property Damage Only,-93.67903152,41.65118903
20251475726,20250328,Property Damage Only,-93.45188034,41.67074417
20251475729,20250331,Property Damage Only,-93.35910043,42.00829884
20251475739,20250331,Property Damage Only,-93.80884077,41.32287714
20251475761,20250327,Property Damage Only,-94.49325148,42.0345961
20251475810,20250326,Property Damage Only,-93.79844793,41.8779548
20251475839,20250401,Property Damage Only,-93.35794314,41.52599487
20251475850,20250401,Property Damage Only,-90.38527092,41.98544863
20251475851,20250331,Property Damage Only,-93.29410113,41.41387952
20251475873,20250401,Property Damage Only,-93.77996314,41.33210209
20251475880,20250326,Property Damage Only,-94.77867483,42.39899432
20251475881,20250331,Property Damage Only,-92.53873007,40.98732084
20251475896,20250401,Property Damage Only,-94.22206014,41.83627399
20251475897,20250401,Property Damage Only,-94.07362583,41.52062151
20251475904,20250402,Property Damage Only,-95.42061557,42.03690783
20251475924,20250402,Property Damage Only,-93.38707991,41.64424735
20251475925,20250402,Property Damage Only,-91.19690155,41.24749004
20251475929,20250401,Property Damage Only,-91.5545441,40.72601875
20251475948,20250329,Property Damage Only,-96.49213126,43.39023299
20251475949,20250331,Property Damage Only,-96.15251487,43.43295537
20251475960,20250330,Property Damage Only,-92.63377635,43.1429641
20251475961,20250402,Property Damage Only,-92.65016326,43.02730184
20251475983,20250403,Property Damage Only,-91.55451365,40.94361747
20251476001,20250402,Property Damage Only,-92.80964424,41.48208677
20251476002,20250402,Property Damage Only,-92.22702153,40.94292637
20251476015,20250401,Property Damage Only,-94.85529082,42.5470728
20251476056,20250319,Property Damage Only,-91.98257869,41.00643611
20251476094,20250403,Property Damage Only,-91.73234146,42.04218225
20251476095,20250403,Property Damage Only,-91.56579615,42.09381797
20251476097,20250403,Property Damage Only,-91.13244502,41.69543838
20251476103,20250403,Property Damage Only,-93.93144968,42.19815126
20251476107,20250404,Property Damage Only,-90.56610221,41.71010639
20251476108,20250313,Property Damage Only,-92.4534613,42.49445437
20251476112,20250404,Property Damage Only,-93.37322677,42.00780345
20251476116,20250404,Property Damage Only,-94.35468436,42.03462232
20251476160,20250403,Property Damage Only,-92.15629134,42.68207694
20251476172,20250404,Property Damage Only,-93.8979164,41.89135169
20251476173,20250402,Property Damage Only,-92.28111093,41.74280968
20251476175,20250404,Property Damage Only,-91.81127302,42.19118939
20251476176,20250404,Property Damage Only,-92.0213949,42.17869244
20251476179,20250403,Property Damage Only,-91.80579323,42.83018519
20251476180,20250403,Property Damage Only,-92.04273811,42.88457869
20251476183,20250324,Property Damage Only,-91.83267348,43.26845087
20251476193,20250322,Property Damage Only,-91.56668566,43.17225659
20251476195,20250405,Property Damage Only,-91.57893841,41.69428074
20251476196,20250324,Property Damage Only,-91.65884566,41.60829737
20251476219,20250404,Property Damage Only,-91.41818116,42.6799346
20251476221,20250404,Property Damage Only,-90.24516,42.06977538
20251476222,20250404,Property Damage Only,-94.25752294,41.51324512
20251476233,20250404,Property Damage Only,-92.34802964,42.54213815
20251476237,20250404,Property Damage Only,-92.88139189,40.79478118
20251476240,20250404,Property Damage Only,-92.63351616,43.07324727
20251476241,20250404,Property Damage Only,-92.59110492,43.15589459
20251476243,20250405,Property Damage Only,-91.27904725,43.00814257
20251476247,20250404,Property Damage Only,-93.68936167,41.55556101
20251476252,20250404,Property Damage Only,-91.43113253,40.55660073
20251476289,20250404,Property Damage Only,-91.29110928,41.58256743
20251476314,20250405,Property Damage Only,-95.79902384,41.99732796
20251476315,20250405,Property Damage Only,-91.58840676,40.93802917
20251476318,20250405,Property Damage Only,-91.49653645,42.74576511
20251476331,20250405,Property Damage Only,-91.52957309,42.26186341
20251476377,20250405,Property Damage Only,-92.29835249,43.18429766
20251476385,20250405,Property Damage Only,-90.84432885,41.69445518
20251476389,20250406,Property Damage Only,-92.32565954,43.02744376
20251476402,20250402,Possible/Unknown Injury Crash,-91.3732764,42.02004681
20251476405,20250407,Property Damage Only,-96.00052293,42.15848912
20251476432,20250406,Suspected Minor Injury Crash,-96.27960208,42.47516854
20251476438,20250404,Property Damage Only,-90.81160753,42.44018974
20251476443,20250405,Property Damage Only,-93.35426961,42.0082418
20251476464,20250406,Property Damage Only,-91.81428883,42.9277721
20251476468,20250403,Property Damage Only,-91.90484974,42.57020726
20251476478,20250406,Property Damage Only,-92.29802515,41.91538663
20251476482,20250405,Property Damage Only,-92.56884405,41.48647137
20251476494,20250405,Property Damage Only,-91.93092731,40.98851105
20251476496,20250404,Property Damage Only,-93.72676771,41.19500134
20251476499,20250328,Property Damage Only,-92.62507357,41.46971636
20251476506,20250406,Property Damage Only,-92.07835382,41.01052068
20251476512,20250407,Property Damage Only,-95.15094787,42.53255511
20251476545,20250405,Property Damage Only,-92.46586557,42.41673777
20251476550,20250404,Property Damage Only,-91.06805224,40.89206537
20251476551,20250328,Property Damage Only,-92.96797409,42.00745102
20251476552,20250405,Property Damage Only,-92.98939362,42.02871067
20251476577,20250330,Property Damage Only,-92.13543047,43.07417011
20251476590,20250407,Property Damage Only,-91.61363976,42.01793353
20251476591,20250406,Property Damage Only,-90.56872469,41.74223287
20251476594,20250407,Property Damage Only,-92.94343022,43.05225316
20251476609,20250407,Property Damage Only,-91.76977729,43.35662977
20251476617,20250325,Property Damage Only,-91.85481271,43.28443263
20251476619,20250407,Property Damage Only,-93.78060723,41.39502454
20251476621,20250401,Property Damage Only,-92.0676839,42.44927776
20251476622,20250406,Property Damage Only,-92.26381812,42.52734494
20251476628,20250408,Property Damage Only,-93.05126135,42.24528686
20251476632,20250405,Property Damage Only,-91.14133534,40.82088363
20251476677,20250406,Property Damage Only,-94.17034939,42.44495095
20251476684,20250408,Property Damage Only,-91.24288523,42.7558864
20251476704,20250408,Property Damage Only,-91.78817791,42.22223505
20251476711,20250406,Property Damage Only,-93.72741599,41.61481033
20251476725,20250409,Property Damage Only,-94.49414561,42.03460247
20251476736,20250408,Property Damage Only,-92.2866349,41.00365641
20251476745,20250404,Property Damage Only,-90.69763398,42.45291389
20251476753,20250409,Property Damage Only,-91.24954845,41.27727008
20251476757,20250409,Property Damage Only,-93.46139894,41.4876511
20251476793,20250409,Property Damage Only,-91.48977268,42.78479474
20251476815,20250408,Property Damage Only,-91.1709775,40.89165433
20251476824,20250410,Property Damage Only,-96.21752761,42.14793842
20251476829,20250410,Property Damage Only,-90.65665244,42.04248383
20251476832,20250409,Property Damage Only,-92.9320682,42.46281176
20251476843,20250409,Property Damage Only,-93.64056979,42.27685054
20251476854,20250408,Property Damage Only,-91.39317995,42.86260763
20251476863,20250409,Property Damage Only,-90.48348712,41.57246731
20251476872,20250410,Property Damage Only,-91.27163997,40.66709809
20251476882,20250410,Property Damage Only,-92.32094761,42.45299429
20251476899,20250410,Property Damage Only,-92.70828156,42.13580634
20251476918,20250410,Property Damage Only,-90.29046495,41.77973678
20251476954,20250409,Property Damage Only,-91.37620232,41.90731993
20251476955,20250410,Property Damage Only,-91.55137381,41.97079066
20251476957,20250410,Property Damage Only,-91.3750387,42.88313511
20251476966,20250410,Property Damage Only,-93.55929197,41.31465902
20251476973,20250410,Property Damage Only,-91.27549329,41.00170909
20251476977,20250410,Property Damage Only,-91.17100056,40.88823175
20251476980,20250409,Property Damage Only,-92.88322526,40.74965901
20251476984,20250410,Property Damage Only,-91.42308679,42.2058903
20251476990,20250411,Property Damage Only,-94.67533008,43.48836097
20251476995,20250411,Property Damage Only,-91.35554356,42.4225313
20251476998,20250409,Property Damage Only,-91.74363745,43.19988308
20251476999,20250409,Property Damage Only,-91.71354458,43.24080767
20251477000,20250409,Property Damage Only,-91.92799504,43.28411545
20251477001,20250410,Property Damage Only,-91.71774175,43.46362367
20251477006,20250408,Property Damage Only,-91.98139279,40.98228407
20251477009,20250408,Property Damage Only,-92.41637426,42.61417411
20251477017,20250409,Property Damage Only,-94.22744245,43.00699936
20251477021,20250409,Possible/Unknown Injury Crash,-91.17950382,41.10966501
20251477022,20250410,Property Damage Only,-92.53393337,42.70595741
20251477029,20250408,Property Damage Only,-95.35337494,42.05588631
20251477052,20250410,Property Damage Only,-92.42678818,42.61401956
20251477065,20250411,Possible/Unknown Injury Crash,-90.23767438,41.84205954
20251477072,20250412,Property Damage Only,-92.16756795,42.68219547
20251477163,20250411,Property Damage Only,-93.55776513,42.71790315
20251477202,20250410,Property Damage Only,-92.93689022,41.30608296
20251477206,20250412,Property Damage Only,-91.20676374,40.72708391
20251477212,20250412,Property Damage Only,-92.41557201,41.9643931
20251477219,20250412,Property Damage Only,-93.79550292,42.13349153
20251477236,20250407,Property Damage Only,-91.40111226,40.77685457
20251477237,20250412,Property Damage Only,-91.24700909,42.47319991
20251477260,20250413,Property Damage Only,-91.56851181,41.9254871
20251477290,20250413,Property Damage Only,-91.49159255,42.04713275
20251477309,20250414,Property Damage Only,-91.63109838,41.68207921
20251477315,20250414,Property Damage Only,-92.31783456,43.03910388
20251477316,20250413,Property Damage Only,-91.02041125,41.49332646
20251477317,20250321,Property Damage Only,-93.67375964,41.73181541
20251477322,20250413,Property Damage Only,-93.56992568,41.9376801
20251477323,20250411,Property Damage Only,-93.74878041,41.61480826
20251477327,20250406,Property Damage Only,-96.31084706,42.54742215
20251477335,20250408,Property Damage Only,-92.79271178,41.69445884
20251477346,20250412,Property Damage Only,-94.95586323,40.59978976
20251477347,20250411,Property Damage Only,-91.90853861,43.20585254
20251477351,20250413,Property Damage Only,-92.34816146,41.00094899
20251477364,20250411,Property Damage Only,-90.7792298,42.43745948
20251477365,20250412,Property Damage Only,-90.69567465,42.45096537
20251477366,20250411,Property Damage Only,-90.7786351,42.52955417
20251477370,20250413,Property Damage Only,-93.72707549,41.23788555
20251477380,20250411,Property Damage Only,-95.55450932,42.67964585
20251477383,20250410,Property Damage Only,-92.63219138,41.17358384
20251477384,20250414,Property Damage Only,-92.60517931,41.29612718
20251477385,20250414,Property Damage Only,-92.6096468,41.29605234
20251477387,20250414,Property Damage Only,-90.35953272,41.72917458
20251477402,20250412,Property Damage Only,-91.78481197,43.05630589
20251477408,20250413,Property Damage Only,-93.68775103,41.75277286
20251477412,20250413,Property Damage Only,-95.14517777,43.42194662
20251477413,20250413,Property Damage Only,-91.15880131,41.27276463
20251477421,20250414,Property Damage Only,-90.94228322,41.60178207
20251477427,20250412,Property Damage Only,-94.03379956,41.51759072
20251477428,20250413,Property Damage Only,-94.17088441,41.59574659
20251477435,20250405,Property Damage Only,-92.60923444,40.72547202
20251477437,20250411,Property Damage Only,-92.63641477,40.79858442
20251477440,20250410,Property Damage Only,-95.84544769,41.79202841
20251477446,20250410,Property Damage Only,-92.47564917,42.81647231
20251477461,20250414,Property Damage Only,-95.62407346,43.03433929
20251477462,20250413,Property Damage Only,-96.11699088,42.86471661
20251477467,20250411,Property Damage Only,-96.17183646,43.01109353
20251477471,20250410,Property Damage Only,-90.1949079,41.99201055
20251477499,20250413,Property Damage Only,-92.84956319,42.51427391
20251477502,20250330,Property Damage Only,-92.47310786,42.46482698
20251477516,20250317,Property Damage Only,-94.1082293,41.884732
20251477517,20250407,Property Damage Only,-93.97362051,42.03669548
20251477533,20250414,Property Damage Only,-91.23580166,43.13551255
20251477555,20250413,Property Damage Only,-95.04882247,40.98130275
20251477562,20250415,Property Damage Only,-92.66930673,40.83278957
20251477573,20250327,Property Damage Only,-92.63111882,41.99557747
20251477575,20250414,Property Damage Only,-93.33473477,43.14825635
20251477597,20250415,Property Damage Only,-90.30579403,41.81532847
20251477652,20250415,Property Damage Only,-93.63845695,41.50429692
20251477658,20250415,Property Damage Only,-94.01278888,41.58659269
20251477659,20250415,Property Damage Only,-91.824688,42.19792915
20251477663,20250415,Property Damage Only,-93.3722367,42.00783369
20251477665,20250415,Property Damage Only,-90.60496219,42.12036046
20251477667,20250416,Property Damage Only,-91.69758156,40.59596455
20251477673,20250416,Property Damage Only,-91.28483966,40.69812977
20251477678,20250416,Property Damage Only,-92.27344881,42.57042683
20251477680,20250415,Property Damage Only,-90.98785522,42.58498481
20251477681,20250416,Property Damage Only,-90.77510345,42.38226639
20251477706,20250408,Property Damage Only,-91.88942833,42.30357645
20251477707,20250410,Property Damage Only,-91.889801,42.39276608
20251477708,20250413,Property Damage Only,-91.92690406,42.44773996
20251477728,20250416,Property Damage Only,-91.55147295,41.9738721
20251477729,20250416,Property Damage Only,-91.48801408,41.70010951
20251477760,20250416,Property Damage Only,-93.76355538,41.01899997
20251477763,20250415,Property Damage Only,-95.96928104,43.01168855
20251477793,20250416,Property Damage Only,-93.3789959,43.19396178
20251477794,20250416,Property Damage Only,-90.75150787,42.07873056
20251477810,20250414,Property Damage Only,-91.36613179,40.62381141
20251477812,20250416,Property Damage Only,-93.36772687,43.06748911
20251477813,20250417,Property Damage Only,-94.8061624,43.36430816
20251477819,20250416,Property Damage Only,-93.55404555,42.12763437
20251477821,20250416,Property Damage Only,-91.16449957,42.27793527
20251477824,20250417,Property Damage Only,-91.67416471,41.48949152
20251477832,20250416,Suspected Minor Injury Crash,-96.48451166,42.60069619
20251477835,20250412,Property Damage Only,-92.1199024,43.34655167
20251477848,20250417,Property Damage Only,-96.43039936,42.54124534
20251477866,20250414,Property Damage Only,-92.02810282,42.14311161
20251477900,20250417,Property Damage Only,-96.19345145,42.4750555
20251477932,20250417,Property Damage Only,-95.14775227,43.16579968
20251477947,20250417,Property Damage Only,-91.42722783,41.98087396
20251477948,20250418,Property Damage Only,-91.53154679,41.92602895
20251477954,20250414,Property Damage Only,-92.95650293,41.41731876
20251477958,20250417,Property Damage Only,-93.118398,41.40007958
20251477966,20250417,Property Damage Only,-92.70389856,42.35152234
20251477974,20250418,Possible/Unknown Injury Crash,-93.40751706,41.60031148
20251477982,20250417,Property Damage Only,-93.67369206,41.38236904
20251477985,20250417,Property Damage Only,-92.72445075,41.33328005
20251477994,20250417,Property Damage Only,-95.1703526,43.18394006
20251478015,20250417,Property Damage Only,-94.60802828,42.7326286
20251478019,20250418,Property Damage Only,-90.65472097,41.9846178
20251478042,20250324,Property Damage Only,-91.3990177,41.76173452
20251478043,20250419,Property Damage Only,-91.90308325,42.58966049
20251478070,20250418,Property Damage Only,-91.70206142,42.10158266
20251478072,20250418,Property Damage Only,-92.3415458,42.66414587
20251478089,20250419,Property Damage Only,-90.82686174,41.46148693
20251478096,20250406,Property Damage Only,-94.53430065,43.01152697
20251478098,20250412,Property Damage Only,-94.75758297,43.17067818
20251478144,20250420,Property Damage Only,-91.55160231,41.97615236
20251478147,20250420,Property Damage Only,-91.24974627,41.61500898
20251478157,20250420,Property Damage Only,-93.3555053,43.169256
20251478158,20250420,Property Damage Only,-92.08852435,41.7970429
20251478203,20250416,Property Damage Only,-93.89208239,42.09970985
20251478211,20250420,Property Damage Only,-95.79991219,40.95875277
20251478212,20250418,Property Damage Only,-92.69033297,41.99975143
20251478219,20250420,Property Damage Only,-94.17819498,42.59411271
20251478221,20250420,Property Damage Only,-96.11157408,41.99470487
20251478222,20250416,Property Damage Only,-92.45336749,42.49544456
20251478233,20250420,Property Damage Only,-91.57432944,41.64013744
20251478236,20250420,Property Damage Only,-91.55285525,41.96612602
20251478250,20250419,Property Damage Only,-93.67556984,42.05159912
20251478281,20250421,Property Damage Only,-93.37923062,42.9949701
20251478282,20250419,Property Damage Only,-90.96126316,42.31591824
20251478283,20250420,Property Damage Only,-90.70180184,42.5333874
20251478306,20250420,Property Damage Only,-93.37047219,41.37088187
20251478326,20250412,Property Damage Only,-93.76467455,41.05302504
20251478342,20250419,Property Damage Only,-92.26259746,42.46027974
20251478373,20250416,Property Damage Only,-93.77965004,41.45402994
20251478375,20250412,Property Damage Only,-91.25785677,40.67713312
20251478378,20250420,Property Damage Only,-92.14823351,43.37106023
20251478382,20250418,Property Damage Only,-95.14805012,42.44689674
20251478417,20250421,Property Damage Only,-93.63760609,41.50428362
20251478420,20250421,Property Damage Only,-93.79056465,41.55314431
20251478423,20250421,Property Damage Only,-93.02373799,40.88058254
20251478441,20250421,Property Damage Only,-91.72054892,42.02954153
20251478444,20250421,Property Damage Only,-91.56289252,42.03601542
20251478445,20250421,Property Damage Only,-92.88512691,42.22452631
20251478447,20250422,Property Damage Only,-91.70482493,41.15614254
20251478452,20250419,Property Damage Only,-93.69873249,42.03477134
20251478460,20250417,Property Damage Only,-93.18283233,41.8975718
20251478462,20250422,Property Damage Only,-93.41081179,41.46496395
20251478467,20250419,Property Damage Only,-93.11529101,42.73806076
20251478515,20250422,Property Damage Only,-91.55408784,40.89940112
20251478557,20250326,Property Damage Only,-96.50683648,43.40201823
20251478592,20250421,Property Damage Only,-91.17012221,40.965702
20251478595,20250422,Property Damage Only,-91.54511003,40.91523229
20251478609,20250423,Property Damage Only,-90.35471228,41.88822467
20251478615,20250422,Property Damage Only,-91.3449253,40.6705773
20251478616,20250422,Property Damage Only,-91.45392636,40.80906664
20251478617,20250423,Property Damage Only,-94.67878138,40.85641297
20251478644,20250421,Possible/Unknown Injury Crash,-96.40703645,42.49633559
20251478660,20250423,Property Damage Only,-92.58883525,41.38429113
20251478661,20250423,Property Damage Only,-93.43666564,42.70103017
20251478669,20250418,Property Damage Only,-95.7953625,41.66262003
20251478717,20250423,Property Damage Only,-93.42439467,40.93375522
20251478721,20250420,Property Damage Only,-91.84821139,42.21717077
20251478742,20250423,Property Damage Only,-91.55104627,41.42432555
20251478752,20250413,Property Damage Only,-94.22809302,42.58533057
20251478768,20250423,Property Damage Only,-92.14088888,43.16608753
20251478772,20250412,Property Damage Only,-93.57408128,41.65105856
20251478779,20250423,Property Damage Only,-91.54844942,43.00489841
20251478784,20250423,Property Damage Only,-90.55461401,42.04239829
20251478803,20250424,Property Damage Only,-90.74990374,42.4914955
20251478819,20250418,Property Damage Only,-91.85474224,42.45194076
20251478828,20250423,Property Damage Only,-94.01251376,41.52133797
20251478834,20250423,Property Damage Only,-95.1687324,42.87567164
20251478845,20250313,Property Damage Only,-93.45267799,43.42290572
20251478851,20250423,Property Damage Only,-95.83674261,41.59162924
20251478854,20250424,Property Damage Only,-96.35342136,43.19969353
20251478876,20250424,Property Damage Only,-91.16132462,40.86516212
20251478877,20250424,Property Damage Only,-91.16995388,40.99113684
20251478893,20250423,Property Damage Only,-96.45795988,43.39004809
20251478894,20250422,Property Damage Only,-92.39913534,40.83314014
20251478896,20250423,Property Damage Only,-95.42243272,41.63681287
20251478926,20250421,Property Damage Only,-93.39523239,42.74818938
20251478927,20250320,Property Damage Only,-91.16455768,40.73676144
20251478930,20250424,Property Damage Only,-93.20171187,42.98951326
20251478970,20250424,Property Damage Only,-91.54754145,41.94876657
20251478973,20250423,Property Damage Only,-92.62267568,41.99412697
20251478984,20250425,Property Damage Only,-92.46343601,42.25666102
20251478994,20250425,Property Damage Only,-91.33723553,42.94427606
20251479021,20250422,Property Damage Only,-91.03572275,41.61954806
20251479096,20250424,Property Damage Only,-91.38346901,42.73594888
20251479097,20250424,Property Damage Only,-92.66806781,41.99965318
20251479100,20250425,Property Damage Only,-93.5635148,42.14217864
20251479116,20250426,Property Damage Only,-93.73651588,41.62448014
20251479117,20250425,Property Damage Only,-92.32140342,43.01714389
20251479136,20250425,Property Damage Only,-93.72513166,42.02323233
20251479138,20250425,Property Damage Only,-93.56568679,41.5369963
20251479151,20250425,Property Damage Only,-94.28670399,42.03457606
20251479157,20250426,Property Damage Only,-91.47841485,42.8700759
20251479165,20250425,Property Damage Only,-91.33307139,41.58722771
20251479184,20250422,Property Damage Only,-91.44199134,40.51206583
20251479203,20250425,Property Damage Only,-93.69568694,41.51358484
20251479205,20250425,Property Damage Only,-91.50670955,41.68679879
20251479222,20250425,Property Damage Only,-92.75273329,42.46278133
20251479223,20250426,Property Damage Only,-92.27627557,42.96517841
20251479232,20250426,Property Damage Only,-93.20128277,43.10599384
20251479236,20250426,Property Damage Only,-91.52738797,43.19948261
20251479237,20250426,Property Damage Only,-95.01139996,42.4532855
20251479240,20250427,Property Damage Only,-93.72669488,43.10484491
20251479243,20250426,Property Damage Only,-91.06444366,41.45279774
20251479250,20250426,Property Damage Only,-96.48467879,42.57397528
20251479251,20250424,Property Damage Only,-93.23833747,43.19168486
20251479256,20250425,Property Damage Only,-93.56681378,41.53700876
20251479272,20250426,Property Damage Only,-92.06510522,41.76862714
20251479283,20250422,Property Damage Only,-91.35566548,42.90715387
20251479287,20250425,Property Damage Only,-91.91164305,41.66641625
20251479289,20250422,Property Damage Only,-91.29066659,42.84111352
20251479304,20250427,Property Damage Only,-93.65407963,41.6669521
20251479305,20250417,Property Damage Only,-92.69591624,41.28872801
20251479308,20250427,Property Damage Only,-90.85617801,42.15675282
20251479315,20250421,Property Damage Only,-93.24686295,41.27192128
20251479324,20250428,Property Damage Only,-92.41574684,42.46979037
20251479337,20250428,Property Damage Only,-91.55430719,40.90459246
20251479338,20250427,Property Damage Only,-94.11689398,42.45032045
20251479359,20250407,Property Damage Only,-95.77521362,41.13959229
20251479370,20250427,Property Damage Only,-94.71924872,42.44930605
20251479374,20250425,Property Damage Only,-91.11979902,42.41885197
20251479376,20250426,Property Damage Only,-90.71645073,42.5290157
20251479377,20250427,Property Damage Only,-91.81062829,42.87024553
20251479388,20250428,Property Damage Only,-95.78134734,41.04788282
20251479391,20250418,Property Damage Only,-92.51902005,42.69384635
20251479423,20250425,Property Damage Only,-96.00488563,43.07019499
20251479438,20250428,Property Damage Only,-92.06644691,42.77312717
20251479441,20250425,Property Damage Only,-91.17996856,41.66955045
20251479461,20250428,Property Damage Only,-95.23240656,40.92546069
20251479465,20250427,Property Damage Only,-93.34262249,43.05650891
20251479467,20250428,Property Damage Only,-94.18067513,42.03423881
20251479495,20250424,Property Damage Only,-92.6513731,43.03474368
20251479517,20250428,Property Damage Only,-93.69868824,42.10348212
20251479519,20250419,Property Damage Only,-94.78387251,42.09956813
20251479529,20250429,Property Damage Only,-96.10307359,41.95865285
20251479549,20250425,Property Damage Only,-91.68704623,42.46868512
20251479550,20250426,Property Damage Only,-91.90874098,42.43488826
20251479561,20250426,Property Damage Only,-92.29804632,41.91675578
20251479570,20250321,Property Damage Only,-90.5987314,42.16743774
20251479584,20250419,Property Damage Only,-93.78399866,41.1690617
20251479630,20250429,Property Damage Only,-94.192228,41.92702321
20251479640,20250429,Property Damage Only,-92.63037658,42.19441155
20251479649,20250430,Property Damage Only,-90.56911535,41.7306052
20251479653,20250417,Property Damage Only,-92.45343147,42.49508463
20251479665,20250428,Property Damage Only,-95.73361972,41.33838843
20251479670,20250429,Property Damage Only,-91.30490884,42.41971324
20251479677,20250430,Property Damage Only,-93.55873049,41.43763342
20251479680,20250426,Property Damage Only,-91.68208094,42.26373563
20251479688,20250430,Property Damage Only,-94.39954993,41.68812289
20251479691,20250424,Property Damage Only,-93.55851175,41.39255177
20251479713,20250423,Property Damage Only,-93.46263498,41.36826033
20251479760,20250110,Property Damage Only,-93.57638198,41.71914981
20251479811,20250317,Property Damage Only,-92.20394373,43.06684197
20251479826,20250430,Property Damage Only,-95.73634342,42.13206768
20251479828,20250414,Property Damage Only,-94.02779015,42.13758097
20251479845,20250430,Property Damage Only,-92.73235507,43.20679309
20251479886,20250501,Property Damage Only,-96.4103009,42.53217517
20251479896,20250427,Property Damage Only,-90.71205178,42.45871397
20251479897,20250429,Property Damage Only,-90.79203295,42.48655187
20251479898,20250430,Property Damage Only,-90.9279705,42.47307964
20251479937,20250501,Property Damage Only,-93.5740032,41.56643604
20251479971,20250412,Property Damage Only,-91.35300798,41.33277768
20251479972,20250426,Property Damage Only,-91.77321274,42.29858241
20251480031,20250501,Property Damage Only,-92.58622842,42.17417664
20251480032,20250501,Property Damage Only,-90.97789635,41.44480549
20251480042,20250501,Property Damage Only,-91.07555887,42.70372202
20251480049,20250501,Property Damage Only,-93.9118108,42.59894703
20251480062,20250429,Property Damage Only,-92.96452286,41.30247367
20251480088,20250501,Property Damage Only,-91.31846312,42.1172437
20251480093,20250429,Property Damage Only,-91.26296442,43.14975931
20251480095,20250429,Property Damage Only,-92.01769338,41.81339186
20251480153,20250502,Property Damage Only,-93.29019657,42.33746088
20251480155,20250428,Property Damage Only,-92.86199525,42.00685015
20251480167,20250430,Property Damage Only,-92.99567674,42.0074374
20251480201,20250505,Property Damage Only,-92.2973916,41.98519348
20251480220,20250501,Possible/Unknown Injury Crash,-91.15298775,40.84920221
20251480230,20250502,Property Damage Only,-90.47124842,41.68097563
20251480237,20250503,Property Damage Only,-92.72803356,43.11265539
20251480240,20250502,Property Damage Only,-95.38438763,41.99688823
20251480262,20250502,Property Damage Only,-93.72073059,41.65252938
20251480268,20250501,Property Damage Only,-92.73453187,42.35737928
20251480269,20250502,Property Damage Only,-92.62323944,42.54250892
20251480284,20250426,Property Damage Only,-92.52731642,42.6139831
20251480297,20250502,Property Damage Only,-92.21390575,40.68378295
20251480300,20250502,Property Damage Only,-93.57785218,41.73698537
20251480331,20250503,Property Damage Only,-92.86745353,42.00689261
20251480332,20250501,Property Damage Only,-94.39804926,42.73233201
20251480334,20250503,Property Damage Only,-92.34356554,42.96538598
20251480335,20250502,Property Damage Only,-91.15864983,40.85506675
20251480339,20250503,Property Damage Only,-91.59041414,42.81985647
20251480353,20250504,Property Damage Only,-93.56972882,42.0550194
20251480354,20250503,Possible/Unknown Injury Crash,-92.47225493,41.96441547
20251480359,20250417,Property Damage Only,-92.22123541,41.17704214
20251480363,20250503,Property Damage Only,-91.42640898,40.4060403
20251480378,20250504,Property Damage Only,-90.654707,42.06186057
20251480392,20250504,Property Damage Only,-91.52360567,42.46420144
20251480397,20250502,Property Damage Only,-92.9356284,41.41077848
20251480400,20250502,Property Damage Only,-94.12896933,42.44963477
20251480401,20250502,Property Damage Only,-92.08322916,42.96509173
20251480405,20250503,Property Damage Only,-90.73931942,42.48840543
20251480413,20250504,Property Damage Only,-90.38304473,42.18694238
20251480416,20250505,Property Damage Only,-92.42576928,41.96440853
20251480418,20250504,Property Damage Only,-92.67194593,43.03955015
20251480426,20250504,Property Damage Only,-91.39934736,40.61020569
20251480431,20250504,Property Damage Only,-96.35541559,42.44393204
20251480446,20250504,Property Damage Only,-93.44540362,42.00572675
20251480447,20250426,Property Damage Only,-93.65680757,42.03446952
20251480459,20250504,Property Damage Only,-91.34129333,42.54058709
20251480460,20250505,Possible/Unknown Injury Crash,-91.19838279,42.47078864
20251480481,20250504,Property Damage Only,-93.79664999,40.97015912
20251480484,20250503,Property Damage Only,-91.27301148,42.08135463
20251480488,20250427,Property Damage Only,-92.0415335,41.01479645
20251480492,20250503,Property Damage Only,-93.65486068,41.22527562
20251480494,20250503,Property Damage Only,-93.78779766,41.14984
20251480495,20250502,Property Damage Only,-94.91957703,41.25889203
20251480500,20250503,Property Damage Only,-92.6588602,41.27230207
20251480501,20250504,Property Damage Only,-92.69910409,41.32009235
20251480505,20250503,Property Damage Only,-92.114133,41.00993645
20251480511,20250427,Property Damage Only,-91.72228636,43.43272692
20251480515,20250502,Property Damage Only,-96.39938386,42.56385334
20251480521,20250502,Property Damage Only,-92.2309886,42.46409764
20251480541,20250504,Property Damage Only,-93.05155274,42.42422973
20251480556,20250505,Property Damage Only,-93.25097304,42.74134694
20251480559,20250501,Property Damage Only,-91.20078094,41.33480349
20251480564,20250427,Property Damage Only,-91.88529788,42.67937296
20251480565,20250430,Property Damage Only,-91.98194336,42.69106131
20251480566,20250502,Property Damage Only,-91.72547468,42.77880892
20251480567,20250503,Property Damage Only,-91.66668976,42.76781947
20251480568,20250502,Property Damage Only,-92.16651527,42.84742764
20251480569,20250502,Property Damage Only,-92.33626777,42.7553051
20251480574,20250503,Property Damage Only,-92.33749376,42.57221092
20251480580,20250505,Property Damage Only,-90.2467338,41.87370725
20251480590,20250505,Property Damage Only,0,0
20251480632,20250505,Property Damage Only,-90.66520156,42.48367685
20251480635,20250505,Property Damage Only,-92.99363278,43.11646331
20251480638,20250503,Property Damage Only,-93.02580038,40.81214468
20251480642,20250505,Property Damage Only,-90.52181617,41.69873922
20251480643,20250505,Property Damage Only,-90.64053106,41.96355929
20251480648,20250505,Property Damage Only,-91.52944283,42.21632741
20251480682,20250502,Property Damage Only,-91.37358982,43.15151179
20251480683,20250505,Property Damage Only,-91.15431374,40.85015125
20251480684,20250505,Property Damage Only,-91.53375171,41.28328621
20251480693,20250505,Property Damage Only,-90.82492321,42.62845505
20251480694,20250506,Property Damage Only,-90.69415262,42.40660152
20251480703,20250426,Property Damage Only,-94.06355249,41.6036261
20251480714,20250502,Property Damage Only,-91.30728178,41.76264391
20251480716,20250503,Property Damage Only,-92.47701141,42.46494392
20251480721,20250502,Property Damage Only,-90.7745391,42.45765751
20251480768,20250504,Property Damage Only,-92.99597865,42.00744641
20251480772,20250502,Property Damage Only,-91.59264442,41.65317099
20251480793,20250426,Property Damage Only,-93.58181555,41.65109173
20251480804,20250505,Property Damage Only,-90.52387008,41.59251902
20251480805,20250504,Property Damage Only,-91.48748116,41.6864392
20251480808,20250424,Property Damage Only,-91.44194687,41.35457089
20251480834,20250506,Property Damage Only,-93.57693527,41.72724437
20251480847,20250507,Property Damage Only,-93.53767947,41.90439357
20251480850,20250506,Property Damage Only,-91.56172695,41.99071691
20251480861,20250507,Property Damage Only,-91.55409637,40.89846439
20251480862,20250507,Property Damage Only,-91.61197582,41.02525052
20251480866,20250507,Possible/Unknown Injury Crash,-93.57016047,42.16126636
20251480868,20250506,Property Damage Only,-91.37973755,40.63808305
20251480875,20250507,Property Damage Only,-93.91204854,42.56341783
20251480882,20250507,Suspected Minor Injury Crash,-93.72676103,41.19439786
20251480891,20250502,Property Damage Only,-90.56779801,41.815766
20251480924,20250506,Property Damage Only,-92.55594044,41.50786896
20251480946,20250430,Property Damage Only,-91.98380969,42.56820608
20251480947,20250506,Property Damage Only,-92.01818938,42.33634443
20251480957,20250506,Property Damage Only,-92.64027127,41.1828515
20251480958,20250507,Property Damage Only,-91.52831431,41.20263605
20251480961,20250506,Property Damage Only,-92.33702576,42.80912568
20251480975,20250503,Property Damage Only,-92.45341836,42.49519264
20251480982,20250505,Property Damage Only,-92.46458221,42.5075113
20251480998,20250507,Property Damage Only,-92.74927625,43.1388721
20251481014,20250507,Property Damage Only,-91.56497393,41.84921164
20251481027,20250507,Property Damage Only,-95.06480436,43.43053994
20251481054,20250501,Property Damage Only,-92.09261032,42.36683048
20251481056,20250325,Property Damage Only,-92.23363567,42.35965542
20251481061,20250507,Property Damage Only,-93.87305363,41.78448852
20251481095,20250508,Property Damage Only,-90.4260771,41.56818758
20251481118,20250507,Property Damage Only,-90.76264019,41.45653544
20251481127,20250508,Property Damage Only,-94.45619327,40.97890173
20251481163,20250509,Property Damage Only,-90.67968996,42.49063511
20251481165,20250507,Property Damage Only,-92.89400712,40.63617759
20251481166,20250508,Property Damage Only,-91.05544546,40.90586933
20251481175,20250505,Property Damage Only,-91.03810382,41.55879366
20251481204,20250508,Property Damage Only,-91.93095759,40.98884463
20251481206,20250508,Property Damage Only,-91.56262759,40.66398055
20251481207,20250507,Property Damage Only,-91.45526806,40.63129911
20251481221,20250508,Property Damage Only,-91.83817692,41.00206231
20251481224,20250508,Property Damage Only,-91.18814212,41.65436829
20251481227,20250509,Property Damage Only,-90.6741261,41.51889662
20251481233,20250503,Property Damage Only,-94.13677823,42.4477204
20251481239,20250326,Property Damage Only,-94.83806054,40.74153001
20251481274,20250509,Property Damage Only,-95.3057659,42.47497148
20251481280,20250509,Property Damage Only,-94.8871281,41.49730405
20251481294,20250510,Property Damage Only,-94.05411018,41.21444012
20251481301,20250509,Property Damage Only,-92.81017812,43.17137976
20251481334,20250509,Property Damage Only,-94.31311481,42.44961814
20251481335,20250509,Property Damage Only,-92.37344029,41.96465726
20251481337,20250510,Possible/Unknown Injury Crash,-93.92545434,41.40515596
20251481338,20250510,Property Damage Only,-92.21061094,41.69580773
20251481343,20250430,Property Damage Only,-93.10405722,41.34936236
20251481345,20250505,Property Damage Only,-93.04057356,41.46893306
20251481346,20250506,Property Damage Only,-93.24736583,41.27546027
20251481365,20250510,Property Damage Only,-91.42799332,40.53781154
20251481418,20250509,Property Damage Only,-91.00140089,41.46407672
20251481419,20250510,Suspected Minor Injury Crash,-91.42769122,41.83822733
20251481430,20250510,Property Damage Only,-92.33900569,40.70013388
20251481432,20250510,Property Damage Only,-90.59554248,41.91199417
20251481440,20250428,Property Damage Only,-93.0343197,41.41861896
20251481456,20250511,Property Damage Only,-95.80912974,41.04599256
20251481459,20250510,Property Damage Only,-91.60914764,40.67229757
20251481498,20250510,Property Damage Only,-94.24322534,40.74520198
20251481500,20250510,Property Damage Only,-95.59727348,41.46127982
20251481509,20250510,Property Damage Only,-95.6814003,41.37045571
20251481537,20250511,Property Damage Only,-90.46043965,42.20462263
20251481544,20250511,Property Damage Only,-93.61713453,42.88057777
20251481545,20250511,Property Damage Only,-93.7469227,42.16652014
20251481554,20250512,Property Damage Only,-93.50735615,40.61630143
20251481565,20250511,Property Damage Only,-92.59473636,43.03805109
20251481572,20250511,Property Damage Only,-91.36024965,40.66658016
20251481581,20250512,Property Damage Only,-91.29434872,42.56648187
20251481613,20250511,Property Damage Only,-93.4102897,42.00798319
20251481615,20250510,Property Damage Only,-93.57032685,42.26595462
20251481616,20250512,Property Damage Only,-95.83741175,41.22645638
20251481635,20250507,Property Damage Only,-93.65379317,42.00674648
20251481640,20250511,Property Damage Only,-93.26852076,43.1482418
20251481648,20250508,Property Damage Only,-93.60636107,41.64965883
20251481657,20250508,Property Damage Only,-90.64423381,42.44263387
20251481658,20250509,Property Damage Only,-90.81555102,42.44006687
20251481662,20250511,Property Damage Only,-90.98161347,42.44060903
20251481663,20250511,Property Damage Only,-90.72632837,42.56212617
20251481664,20250511,Property Damage Only,-90.69518916,42.53871167
20251481665,20250511,Property Damage Only,-90.7835748,42.37591061
20251481668,20250511,Property Damage Only,-90.53897739,41.59591474
20251481669,20250511,Property Damage Only,-93.80363347,40.85208456
20251481670,20250512,Property Damage Only,-93.5700732,41.96777973
20251481671,20250510,Property Damage Only,-92.53407452,42.80780963
20251481682,20250509,Property Damage Only,-93.57783951,41.73691338
20251481689,20250511,Property Damage Only,-95.36810628,42.63425213
20251481694,20250509,Property Damage Only,-92.91656143,41.42540355
20251481698,20250509,Property Damage Only,-92.10774234,41.00940072
20251481701,20250509,Property Damage Only,-93.48715505,41.2842976
20251481707,20250505,Property Damage Only,-94.54130301,43.18426035
20251481709,20250512,Property Damage Only,-91.4428849,40.50150191
20251481712,20250427,Property Damage Only,-94.02688158,42.24599699
20251481714,20250510,Property Damage Only,-92.29885912,43.28079492
20251481719,20250508,Property Damage Only,-92.03220144,42.34162401
20251481720,20250509,Property Damage Only,-91.86406325,42.45027739
20251481723,20250512,Property Damage Only,-90.98558436,41.44470625
20251481727,20250506,Property Damage Only,-92.94301418,41.4069001
20251481734,20250510,Property Damage Only,-92.03662559,41.01535007
20251481736,20250510,Property Damage Only,-92.03616104,41.01540023
20251481754,20250503,Suspected Minor Injury Crash,-91.11873822,41.27054948
20251481758,20250509,Property Damage Only,-93.07015346,42.36088031
20251481769,20250511,Property Damage Only,-95.80439569,40.86058638
20251481773,20250512,Property Damage Only,-90.84036914,41.8223065
20251481808,20250512,Property Damage Only,-92.67294458,42.56509497
20251481811,20250510,Property Damage Only,-94.22714982,42.76246856
20251481817,20250512,Property Damage Only,-92.85561441,40.73256541
20251481826,20250511,Property Damage Only,-90.5659211,41.69961935
20251481827,20250513,Property Damage Only,-90.34803469,41.63572414
20251481830,20250512,Property Damage Only,-90.56749124,41.78411219
20251481832,20250512,Property Damage Only,-92.5599719,43.06699081
20251481833,20250512,Property Damage Only,-92.72912421,43.11339638
20251481872,20250511,Property Damage Only,-93.33165962,43.10263757
20251481884,20250509,Property Damage Only,-92.54676305,42.89243839
20251481885,20250510,Property Damage Only,-92.47495768,42.67825335
20251481886,20250512,Property Damage Only,-93.8429713,42.26747188
20251481892,20250512,Property Damage Only,-93.68316285,41.75112494
20251481915,20250420,Property Damage Only,-92.43391792,42.5375514
20251481923,20250512,Property Damage Only,-91.90869097,41.76856278
20251481954,20250501,Property Damage Only,-91.86337585,42.22687757
20251481955,20250502,Property Damage Only,-92.04472905,42.18103262
20251481959,20250510,Property Damage Only,-92.15486639,42.13780197
20251481960,20250512,Property Damage Only,-91.89073325,42.25479423
20251481981,20250426,Property Damage Only,-91.48799363,43.23666168
20251481982,20250514,Property Damage Only,-91.55397463,41.61986979
20251482009,20250512,Property Damage Only,-90.99443319,42.4404559
20251482013,20250510,Property Damage Only,-91.07475804,42.71066953
20251482014,20250512,Property Damage Only,-91.1089568,42.82728773
20251482016,20250513,Property Damage Only,-91.47745778,41.6253666
20251482023,20250513,Property Damage Only,-90.59800747,41.61820271
20251482025,20250509,Property Damage Only,-93.34059532,43.00971583
20251482026,20250513,Property Damage Only,-93.56599888,41.48751722
20251482032,20250512,Property Damage Only,-91.54179428,41.9261956
20251482039,20250513,Property Damage Only,-91.03805207,41.5648633
20251482040,20250514,Property Damage Only,-90.79084492,41.97898887
20251482045,20250514,Property Damage Only,-93.29012152,43.13369124
20251482059,20250507,Property Damage Only,-91.31951103,40.64188837
20251482061,20250512,Property Damage Only,-92.99989175,41.74778771
20251482063,20250513,Property Damage Only,-91.57810829,42.3092254
20251482074,20250513,Property Damage Only,-91.74252361,43.37965468
20251482085,20250514,Property Damage Only,-95.44405132,43.18463072
20251482086,20250506,Suspected Minor Injury Crash,-93.98589723,41.04150803
20251482089,20250513,Property Damage Only,-95.88526136,42.12913723
20251482091,20250514,Property Damage Only,-93.50322925,41.59891456
20251482099,20250514,Property Damage Only,-93.7347061,41.7925811
20251482101,20250514,Property Damage Only,-93.57039566,41.91190048
20251482127,20250514,Property Damage Only,-93.55856949,41.40348667
20251482134,20250514,Property Damage Only,-90.58668511,41.89043714
20251482151,20250510,Property Damage Only,-93.3290652,41.68124042
20251482152,20250512,Property Damage Only,-95.7593105,41.3148627
20251482169,20250509,Property Damage Only,-93.57023486,41.92363707
20251482193,20250514,Property Damage Only,-92.94985105,42.88761522
20251482197,20250514,Property Damage Only,-90.58120651,41.72782542
20251482207,20250514,Property Damage Only,-94.44303799,42.15168901
20251482209,20250512,Property Damage Only,-91.70123903,42.08736145
20251482211,20250510,Property Damage Only,-94.01779658,42.02951234
20251482212,20250514,Property Damage Only,-92.06322587,41.25515145
20251482213,20250514,Property Damage Only,-91.45395212,42.95052285
20251482214,20250513,Property Damage Only,-92.50911405,42.61849044
20251482216,20250515,Property Damage Only,-91.70165865,42.09050038
20251482228,20250513,Property Damage Only,-91.07799834,42.46625694
20251482238,20250515,Property Damage Only,-94.37723743,41.9936721
20251482275,20250513,Property Damage Only,-95.09891074,42.89451491
20251482281,20250514,Property Damage Only,-94.19462997,41.53259658
20251482283,20250508,Property Damage Only,-92.06251435,42.54549834
20251482287,20250515,Property Damage Only,-92.70144882,41.69507764
20251482288,20250513,Property Damage Only,-92.46575075,42.76842784
20251482296,20250305,Property Damage Only,-95.80125213,43.40373335
20251482310,20250412,Property Damage Only,-95.79269347,43.43271906
20251482311,20250420,Property Damage Only,-95.76200476,43.37325618
20251482342,20250514,Property Damage Only,-91.34272248,40.8561565
20251482373,20250515,Property Damage Only,-92.47917219,40.74027306
20251482391,20250515,Property Damage Only,-92.55222402,41.61930213
20251482428,20250509,Property Damage Only,-92.17849439,42.44990941
20251482433,20250515,Property Damage Only,-90.70256813,42.53274539
20251482434,20250515,Property Damage Only,-90.70312686,42.53245042
20251482436,20250514,Property Damage Only,-91.30072555,42.56718901
20251482449,20250515,Property Damage Only,-93.80037622,42.42457221
20251482452,20250502,Property Damage Only,-94.67033416,42.47376823
20251482455,20250515,Possible/Unknown Injury Crash,-93.9365579,41.55165153
20251482463,20250515,Property Damage Only,-92.87045692,40.73067318
20251482464,20250515,Property Damage Only,-92.73230489,41.25964212
20251482496,20250515,Property Damage Only,-92.00727901,41.6157797
20251482506,20250516,Property Damage Only,-93.57039305,42.3982179
20251482538,20250516,Property Damage Only,-90.60808258,41.93004294
20251482544,20250516,Property Damage Only,-91.17413047,42.95708016
20251482555,20250516,Property Damage Only,-93.84348218,40.72926749
20251482560,20250516,Property Damage Only,-92.34765717,42.25425068
20251482569,20250516,Property Damage Only,-95.05897119,40.63774015
20251482573,20250515,Property Damage Only,-93.59103096,42.20168024
20251482574,20250515,Property Damage Only,-90.50086894,41.80754701
20251482645,20250426,Property Damage Only,-94.20716684,42.6956631
20251482646,20250517,Property Damage Only,-94.22740226,42.889007
20251482654,20250511,Property Damage Only,-93.25951199,41.29730441
20251482655,20250512,Property Damage Only,-92.96217708,41.37228267
20251482657,20250513,Property Damage Only,-92.92075765,41.49789898
20251482667,20250517,Suspected Minor Injury Crash,-91.14296656,40.78790516
20251482669,20250517,Property Damage Only,-95.95728887,42.61560522
20251482677,20250512,Property Damage Only,-94.55972952,43.11194647
20251482678,20250513,Property Damage Only,-94.72475665,43.24218739
20251482686,20250517,Property Damage Only,-92.49321869,42.3918433
20251482720,20250518,Property Damage Only,-92.44198579,41.01825961
20251482756,20250509,Property Damage Only,-94.63005674,42.05406106
20251482757,20250515,Property Damage Only,-91.58348139,41.64659146
20251482758,20250515,Property Damage Only,-91.58865263,41.65063613
20251482763,20250518,Property Damage Only,-92.38400995,41.74639773
20251482770,20250519,Property Damage Only,-90.74065973,42.50051693
20251482772,20250518,Property Damage Only,-95.05613051,43.12723362
20251482773,20250513,Property Damage Only,-95.16133867,42.99969843
20251482782,20250518,Property Damage Only,-93.21854438,43.10442233
20251482786,20250516,Property Damage Only,-95.85554092,41.57312454
20251482787,20250518,Property Damage Only,-92.62071186,43.00631631
20251482788,20250518,Property Damage Only,-92.87708509,43.12659101
20251482789,20250518,Property Damage Only,-93.34934206,43.4212781
20251482790,20250515,Property Damage Only,-93.56812846,42.06664575
20251482791,20250516,Property Damage Only,-93.57086663,42.17114283
20251482797,20250512,Possible/Unknown Injury Crash,-95.74811401,42.40650009
20251482807,20250518,Property Damage Only,-90.97479952,42.07112832
20251482813,20250516,Property Damage Only,-93.27390539,41.52249667
20251482814,20250518,Property Damage Only,-93.35534687,42.9803054
20251482817,20250516,Property Damage Only,-90.73425909,42.46309065
20251482818,20250516,Property Damage Only,-90.5914021,42.40083146
20251482835,20250518,Property Damage Only,-90.67958948,41.60235284
20251482839,20250517,Property Damage Only,-92.64048366,41.22030701
20251482840,20250517,Property Damage Only,-91.92354505,43.10490753
20251482847,20250517,Property Damage Only,-92.63845356,41.00138725
20251482854,20250517,Property Damage Only,-92.21903794,42.73301568
20251482855,20250518,Property Damage Only,-92.48818477,42.6935236
20251482856,20250518,Property Damage Only,-92.54435756,42.87648054
20251482861,20250517,Property Damage Only,-93.60658375,41.33702874
20251482865,20250518,Property Damage Only,-93.57008055,42.19011409
20251482873,20250518,Property Damage Only,-93.77865238,42.44900175
20251482878,20250518,Property Damage Only,-92.63992495,41.20471262
20251482879,20250517,Property Damage Only,-95.18205126,40.74245501
20251482882,20250518,Property Damage Only,-90.55632381,41.80820042
20251482922,20250517,Property Damage Only,-93.13819407,42.36094458
20251482923,20250516,Property Damage Only,-91.95326009,42.9887137
20251482924,20250518,Property Damage Only,-93.72036904,41.76439012
20251482942,20250515,Property Damage Only,-91.85338561,43.24359165
20251482943,20250519,Property Damage Only,-91.85233254,41.68713173
20251482946,20250515,Property Damage Only,-91.35557042,41.31594376
20251482947,20250516,Property Damage Only,-93.06318784,42.40200606
20251482953,20250518,Property Damage Only,-93.79707559,40.910684
20251482960,20250516,Property Damage Only,-93.80205761,42.42678491
20251482964,20250517,Property Damage Only,-92.00741304,41.64460354
20251482965,20250518,Property Damage Only,-91.94994737,41.6872185
20251482966,20250518,Property Damage Only,-92.00651612,41.76225392
20251482968,20250518,Property Damage Only,-93.78002649,41.49043528
20251482978,20250506,Property Damage Only,-93.35122209,42.91494967
20251482981,20250519,Property Damage Only,-91.16385824,40.73721873
20251483010,20250519,Property Damage Only,-90.35260999,41.6482941
20251483022,20250518,Property Damage Only,-93.27522915,42.00793614
20251483043,20250518,Suspected Serious Injury Crash,-93.03209366,41.58792361
20251483062,20250514,Property Damage Only,-93.04172597,41.99344254
20251483063,20250515,Property Damage Only,-92.99782563,42.02692783
20251483065,20250515,Property Damage Only,-92.94259358,42.00354125
20251483066,20250515,Property Damage Only,-93.00130422,42.00750952
20251483067,20250516,Property Damage Only,-93.192372,41.89081911
20251483068,20250519,Suspected Minor Injury Crash,-92.79987076,42.00859601
20251483072,20250517,Property Damage Only,-94.75044163,41.49667406
20251483075,20250520,Property Damage Only,-95.7330102,40.74992039
20251483082,20250519,Property Damage Only,-92.72704561,41.63546871
20251483088,20250515,Property Damage Only,-92.14163464,42.7731391
20251483089,20250519,Property Damage Only,-92.36338513,42.77314569
20251483090,20250516,Property Damage Only,-92.47247685,42.67141573
20251483113,20250518,Property Damage Only,-90.45821281,41.5435232
20251483126,20250519,Property Damage Only,-93.85344555,41.72966654
20251483149,20250519,Property Damage Only,0,0
20251483152,20250514,Property Damage Only,-91.65251886,42.06992185
20251483186,20250520,Property Damage Only,-93.9174911,41.24108358
20251483187,20250520,Property Damage Only,-93.49931052,40.80717551
20251483201,20250521,Property Damage Only,-92.3123524,43.08477118
20251483217,20250519,Property Damage Only,-90.66064537,42.45543347
20251483218,20250517,Property Damage Only,-90.69414378,42.40651129
20251483231,20250520,Property Damage Only,-94.24227897,41.04792018
20251483246,20250520,Property Damage Only,-92.44926905,42.72209772
20251483252,20250520,Property Damage Only,-95.55700552,40.79148102
20251483258,20250520,Property Damage Only,-95.43811729,41.49860272
20251483265,20250521,Possible/Unknown Injury Crash,-91.13424765,41.41282568
20251483284,20250503,Property Damage Only,-93.35365456,41.78332557
20251483288,20250516,Property Damage Only,-93.52848816,41.6591495
20251483317,20250514,Property Damage Only,-91.160941,40.8614448
20251483318,20250514,Property Damage Only,-92.16729307,42.33329142
20251483321,20250509,Property Damage Only,-92.13678413,42.44985503
20251483355,20250521,Property Damage Only,-93.32909919,42.98009571
20251483379,20250521,Property Damage Only,-91.67652145,42.0369138
20251483380,20250522,Property Damage Only,-90.99885034,41.47420106
20251483381,20250522,Property Damage Only,-91.05919505,41.48707944
20251483382,20250521,Property Damage Only,-92.94492472,43.09737781
20251483391,20250522,Property Damage Only,-95.89578201,41.60004469
20251483393,20250521,Property Damage Only,-94.919068,41.40353597
20251483405,20250521,Property Damage Only,-91.20940659,42.19949292
20251483407,20250522,Property Damage Only,-93.40459003,41.2224905
20251483411,20250521,Property Damage Only,-95.31502806,41.97924322
20251483468,20250521,Property Damage Only,-91.15212639,40.84775618
20251483471,20250522,Property Damage Only,-91.69218658,42.06540032
20251483485,20250510,Property Damage Only,-93.57642794,41.68122974
20251483507,20250522,Property Damage Only,-93.12852902,43.44073876
20251483508,20250514,Property Damage Only,-94.22686356,42.64564472
20251483509,20250522,Property Damage Only,-92.13798852,43.37107351
20251483510,20250522,Property Damage Only,-93.46421242,43.21341317
20251483514,20250522,Property Damage Only,-92.0639819,41.29665583
20251483515,20250522,Property Damage Only,-92.33754015,42.54133952
20251483519,20250522,Property Damage Only,-91.61820915,41.92618609
20251483522,20250522,Property Damage Only,-95.15806677,42.63344154
20251483526,20250523,Property Damage Only,-91.49720064,41.9203067
20251483531,20250522,Property Damage Only,-94.08990413,42.52359894
20251483532,20250523,Property Damage Only,-90.56776394,41.79853669
20251483543,20250517,Property Damage Only,-93.64498756,42.05312604
20251483547,20250523,Property Damage Only,-95.89950837,41.45779102
20251483548,20250521,Property Damage Only,-91.5639549,40.78449135
20251483549,20250523,Property Damage Only,-92.64129888,41.01609752
20251483556,20250523,Property Damage Only,-95.25515862,43.18363172
20251483557,20250509,Property Damage Only,-91.65684197,42.3981352
20251483558,20250515,Property Damage Only,-91.88953446,42.2982279
20251483559,20250515,Property Damage Only,-92.0550865,42.38607928
20251483560,20250519,Property Damage Only,-91.90473789,42.57242158
20251483562,20250522,Property Damage Only,-94.76285801,41.43896584
20251483566,20250523,Property Damage Only,-94.90399037,43.39931393
20251483585,20250523,Property Damage Only,-96.35286773,42.48045713
20251483592,20250521,Property Damage Only,-95.32712119,42.50368059
20251483630,20250523,Property Damage Only,-91.34335965,41.9189823
20251483632,20250523,Property Damage Only,-96.27527763,42.27988113
20251483633,20250523,Property Damage Only,-91.26853067,40.8322765
20251483642,20250523,Property Damage Only,-91.08764365,41.4487725
20251483652,20250517,Property Damage Only,-96.17875355,43.28390109
20251483655,20250522,Property Damage Only,-90.99240013,41.48180744
20251483664,20250522,Property Damage Only,-93.54123599,41.80291466
20251483682,20250523,Property Damage Only,-92.76526716,42.00663907
20251483683,20250523,Property Damage Only,-93.12284846,43.16709493
20251483701,20250523,Property Damage Only,-90.67915119,42.27580991
20251483702,20250522,Property Damage Only,-91.33016912,41.44828933
20251483704,20250523,Property Damage Only,-92.29887331,42.06682895
20251483710,20250523,Property Damage Only,-94.98502789,41.08691449
20251483712,20250523,Property Damage Only,-91.28629541,40.69674613
20251483721,20250523,Property Damage Only,-90.85979126,41.63290598
20251483724,20250523,Property Damage Only,-91.59181618,41.69172823
20251483752,20250521,Property Damage Only,-92.452541,42.49951126
20251483771,20250524,Property Damage Only,-92.32173237,41.9643454
20251483772,20250524,Property Damage Only,-90.77216864,41.78874318
20251483775,20250524,Property Damage Only,-92.33770418,43.02366896
20251483777,20250524,Property Damage Only,-90.55708763,42.37458394
20251483778,20250524,Property Damage Only,-94.24237538,42.07097288
20251483780,20250523,Fatal Crash,-91.32407754,43.22294151
20251483789,20250524,Property Damage Only,-91.28014522,41.58255702
20251483806,20250524,Property Damage Only,-91.18176744,40.65920458
20251483813,20250524,Property Damage Only,-92.40485304,42.0204043
20251483815,20250525,Property Damage Only,-94.70862595,43.39941123
20251483821,20250515,Property Damage Only,-94.22727477,42.85353713
20251483822,20250525,Suspected Serious Injury Crash,-91.37441301,42.06880457
20251483823,20250523,Property Damage Only,-91.61780954,40.63899854
20251483845,20250524,Property Damage Only,-93.34897232,43.26634716
20251483862,20250525,Property Damage Only,-90.69039059,42.42765228
20251483875,20250525,Property Damage Only,-92.15840625,41.62021004
20251483876,20250525,Property Damage Only,-91.9297316,40.80333693
20251483884,20250525,Property Damage Only,-93.57804474,41.67393486
20251483889,20250523,Property Damage Only,-92.58774933,42.32568527
20251483891,20250526,Property Damage Only,-93.47094041,40.98140838
20251483892,20250526,Property Damage Only,-91.30270455,42.72892679
20251483895,20250525,Property Damage Only,-91.32954818,41.58568142
20251483897,20250524,Property Damage Only,-93.84343502,40.73115962
20251483899,20250522,Property Damage Only,-91.91195722,41.79597451
20251483910,20250522,Property Damage Only,-93.34560712,42.97784081
20251483912,20250523,Property Damage Only,-91.43290664,41.17648034
20251483949,20250526,Property Damage Only,-93.4151044,41.67755717
20251483950,20250526,Property Damage Only,-93.35979615,41.68066194
20251483957,20250524,Property Damage Only,-90.51011513,41.72790918
20251483966,20250524,Property Damage Only,-93.34097784,43.00344717
20251483976,20250526,Property Damage Only,-91.55559595,41.9259918
20251483977,20250524,Property Damage Only,-91.07400702,42.71205269
20251483996,20250526,Property Damage Only,-90.59749384,41.51913973
20251483997,20250525,Property Damage Only,-92.92695604,42.00345131
20251484000,20250526,Property Damage Only,-93.73635328,41.65660066
20251484003,20250523,Property Damage Only,-90.95541038,42.31566991
20251484004,20250524,Property Damage Only,-90.87901642,42.32968131
20251484007,20250527,Property Damage Only,-91.45736447,42.77387163
20251484008,20250521,Property Damage Only,-93.35013254,43.28388467
20251484040,20250524,Property Damage Only,-91.21811896,41.66040319
20251484045,20250525,Property Damage Only,-93.56962148,41.94551744
20251484049,20250522,Property Damage Only,-91.26741506,42.09641852
20251484050,20250525,Property Damage Only,-91.13951043,42.27447952
20251484066,20250526,Property Damage Only,-94.67846938,42.68848263
20251484070,20250526,Property Damage Only,-93.57060461,42.26448522
20251484071,20250523,Property Damage Only,-93.05419078,43.43103738
20251484074,20250522,Property Damage Only,-91.11287456,41.37907905
20251484083,20250526,Property Damage Only,-96.48613304,42.57667731
20251484090,20250527,Property Damage Only,-90.33206018,41.94420227
20251484097,20250526,Property Damage Only,-93.36076914,41.44344171
20251484111,20250524,Property Damage Only,-92.46567812,42.4631355
20251484112,20250525,Possible/Unknown Injury Crash,-94.7394876,41.49651605
20251484116,20250522,Property Damage Only,-91.87673101,42.13855019
20251484133,20250519,Property Damage Only,-91.81174898,42.45924804
20251484135,20250522,Property Damage Only,-93.34934334,43.41505605
20251484136,20250523,Property Damage Only,-92.3371242,42.69899884
20251484137,20250526,Property Damage Only,-92.53418835,42.70451757
20251484138,20250522,Property Damage Only,-92.54474772,42.86671137
20251484141,20250526,Property Damage Only,-92.53396077,42.78711479
20251484147,20250512,Property Damage Only,-92.43586453,41.69621551
20251484148,20250523,Property Damage Only,-92.14355696,41.69552572
20251484155,20250522,Property Damage Only,-92.04656901,41.01445988
20251484162,20250525,Property Damage Only,-91.55759188,41.62344595
20251484178,20250525,Property Damage Only,-94.03854966,42.44925597
20251484195,20250526,Property Damage Only,-95.79829371,42.48229601
20251484198,20250522,Property Damage Only,-93.00031425,42.06146815
20251484201,20250526,Property Damage Only,-92.53416676,42.70413925
20251484207,20250522,Property Damage Only,-93.09187604,41.20436511
20251484210,20250523,Property Damage Only,-92.9574119,41.41801269
20251484211,20250523,Property Damage Only,-95.36828761,42.86547543
20251484212,20250524,Property Damage Only,-95.26978684,42.60446436
20251484227,20250521,Property Damage Only,-93.05295202,41.68385201
20251484236,20250527,Property Damage Only,-95.81521552,40.68727157
20251484256,20250524,Property Damage Only,-91.63601977,41.69424295
20251484260,20250524,Property Damage Only,-91.55495223,41.95877618
20251484261,20250525,Property Damage Only,-91.78877515,41.96341792
20251484264,20250527,Property Damage Only,-90.96598897,41.4630955
20251484265,20250527,Property Damage Only,-91.25172431,41.5390575
20251484266,20250525,Property Damage Only,-90.56765859,41.62543572
20251484267,20250527,Property Damage Only,-90.56657265,41.68712354
20251484271,20250528,Property Damage Only,-95.80345158,41.26027938
20251484277,20250527,Property Damage Only,-92.67088338,42.37977446
20251484305,20250522,Suspected Minor Injury Crash,-93.98583208,41.6134521
20251484306,20250523,Property Damage Only,-93.09966307,41.54028104
20251484307,20250522,Property Damage Only,-91.42611144,40.54052447
20251484321,20250527,Property Damage Only,-92.92688419,43.28428911
20251484324,20250522,Property Damage Only,-91.389621,40.45235116
20251484326,20250523,Property Damage Only,-92.48150713,41.0653945
20251484333,20250526,Property Damage Only,-92.36138014,41.0062387
20251484334,20250526,Property Damage Only,-91.85192408,41.68712765
20251484335,20250527,Property Damage Only,-94.01276945,41.5960954
20251484338,20250527,Property Damage Only,-92.08164045,42.78474085
20251484351,20250527,Suspected Minor Injury Crash,-91.87530231,41.00255667
20251484372,20250527,Property Damage Only,-92.7094896,42.46350843
20251484384,20250526,Property Damage Only,-91.71150315,41.69521325
20251484386,20250525,Property Damage Only,-90.73543082,41.60688937
20251484400,20250526,Property Damage Only,-90.67860375,42.10782582
20251484411,20250527,Property Damage Only,-95.57464629,42.34802477
20251484412,20250528,Property Damage Only,-95.48864088,42.350033
20251484417,20250528,Property Damage Only,-92.19131003,41.17709713
20251484418,20250528,Property Damage Only,-92.66271244,42.56478613
20251484428,20250528,Property Damage Only,-91.47899274,41.86995483
20251484430,20250528,Property Damage Only,-91.77644719,42.16833475
20251484431,20250528,Property Damage Only,-91.72535179,42.13005137
20251484432,20250529,Property Damage Only,-92.57900146,42.71697458
20251484445,20250528,Property Damage Only,-93.26538694,42.00791428
20251484447,20250525,Property Damage Only,-92.7072817,41.40437104
20251484459,20250527,Property Damage Only,-93.79718234,40.92846552
20251484466,20250529,Property Damage Only,-92.54317155,41.11357832
20251484479,20250528,Property Damage Only,-94.18978968,41.55496648
20251484485,20250527,Property Damage Only,-92.45278839,42.71494621
20251484491,20250528,Property Damage Only,-91.31261776,41.17601449
20251484560,20250522,Property Damage Only,-92.33710938,42.65101716
20251484561,20250517,Property Damage Only,-90.67845344,41.56073818
20251484586,20250529,Property Damage Only,-93.8856785,42.02271821
20251484593,20250529,Property Damage Only,-91.76882263,42.16446157
20251484611,20250529,Property Damage Only,-91.39309248,42.72091952
20251484633,20250530,Property Damage Only,-92.76587555,41.87677196
20251484637,20250530,Property Damage Only,-93.27085482,43.13372046
20251484638,20250530,Property Damage Only,-93.47433584,41.49086818
20251484641,20250517,Property Damage Only,-96.41353858,43.38980856
20251484646,20250427,Property Damage Only,-92.42774206,41.69604926
20251484647,20250515,Property Damage Only,-92.51587414,41.69515729
20251484655,20250530,Property Damage Only,-92.33782981,42.64635643
20251484659,20250527,Property Damage Only,-92.25815827,42.8237168
20251484660,20250528,Property Damage Only,-92.47523918,42.69556332
20251484666,20250523,Property Damage Only,-94.88180303,43.16917012
20251484668,20250515,Property Damage Only,-91.8726346,41.96329941
20251484670,20250516,Property Damage Only,-91.91182028,41.99222824
20251484677,20250528,Property Damage Only,-91.26426651,42.1222904
20251484679,20250530,Property Damage Only,-92.58867436,42.17414941
20251484686,20250529,Property Damage Only,-95.93064123,41.57577232
20251484688,20250528,Property Damage Only,-92.77542581,41.35965721
20251484703,20250529,Property Damage Only,-92.90663159,41.38965377
20251484704,20250529,Property Damage Only,-92.90429926,41.38959781
20251484705,20250530,Property Damage Only,-91.19650745,41.23100956
20251484706,20250529,Property Damage Only,-91.52938727,42.57769212
20251484708,20250530,Property Damage Only,-91.70515373,42.1059226
20251484709,20250530,Property Damage Only,-91.48560817,42.54939379
20251484713,20250530,Property Damage Only,-93.52831551,43.12181742
20251484755,20250522,Property Damage Only,-91.55089439,41.37570253
20251484756,20250531,Property Damage Only,-91.55569847,41.68565065
20251484757,20250601,Property Damage Only,-93.44114432,42.69553764
20251484761,20250525,Property Damage Only,-91.77140518,43.2912029
20251484762,20250523,Property Damage Only,-92.00752413,43.12512619
20251484798,20250530,Property Damage Only,-90.5988532,42.16709807
20251484805,20250528,Property Damage Only,-95.35315471,42.0564672
20251484810,20250531,Property Damage Only,-94.74097316,42.65982224
20251484813,20250531,Property Damage Only,-92.2893247,42.45976413
20251484818,20250529,Property Damage Only,-92.22088156,41.74792031
20251484855,20250531,Property Damage Only,-91.1170675,41.01400173
20251484856,20250520,Possible/Unknown Injury Crash,-91.62701521,41.69442393
20251484874,20250531,Property Damage Only,-92.31730725,42.9481767
20251484880,20250531,Property Damage Only,-94.4557576,42.41291676
20251484889,20250531,Property Damage Only,-91.77486607,41.9959098
20251484890,20250601,Property Damage Only,-91.78328383,42.17293759
20251484896,20250601,Property Damage Only,-93.70814357,40.74290625
20251484910,20250601,Property Damage Only,-92.96820092,43.11622494
20251484938,20250531,Property Damage Only,-95.89767851,41.58130056
20251484959,20250531,Fatal Crash,-91.50940677,43.41384306
20251484973,20250601,Suspected Minor Injury Crash,-93.80187413,40.87441943
20251484975,20250601,Property Damage Only,-93.3492703,42.97066161
20251484976,20250601,Property Damage Only,-91.45626708,42.04988719
20251484977,20250531,Property Damage Only,-92.63348007,42.46152542
20251484978,20250601,Property Damage Only,-92.893838,42.46344917
20251484980,20250508,Property Damage Only,-91.54795297,40.96490176
20251484985,20250601,Property Damage Only,-95.88019571,41.55983769
20251484987,20250523,Property Damage Only,-90.28880948,41.7864701
20251484990,20250602,Property Damage Only,-95.90670184,41.24943114
20251484994,20250531,Property Damage Only,-90.91430625,41.43334793
20251484995,20250531,Property Damage Only,-91.28445976,41.56730085
20251484996,20250601,Property Damage Only,-91.10727952,41.50874089
20251484997,20250602,Property Damage Only,-91.64737162,41.8067186
20251485000,20250602,Suspected Minor Injury Crash,-91.81114692,42.19080982
20251485002,20250602,Property Damage Only,-93.80182908,40.87855455
20251485006,20250601,Property Damage Only,-91.42715575,42.05583224
20251485017,20250531,Property Damage Only,-93.56799113,42.00781556
20251485023,20250531,Property Damage Only,-91.12786238,42.06416382
20251485037,20250602,Property Damage Only,-92.63064239,42.26727326
20251485038,20250530,Property Damage Only,-91.44294375,40.50099823
20251485039,20250601,Property Damage Only,-91.25765195,40.67727415
20251485054,20250531,Property Damage Only,-92.05454994,43.12253485
20251485055,20250601,Property Damage Only,-91.86988241,43.46744376
20251485065,20250601,Property Damage Only,-95.7189848,40.83491829
20251485074,20250529,Property Damage Only,-92.04469605,41.00168897
20251485075,20250530,Property Damage Only,-93.58234033,41.23965434
20251485076,20250531,Property Damage Only,-93.46211762,41.33569075
20251485077,20250602,Property Damage Only,-93.5687528,41.19063853
20251485081,20250529,Property Damage Only,-91.16282432,41.31022671
20251485084,20250530,Property Damage Only,-94.94581294,41.49311944
20251485085,20250531,Property Damage Only,-92.54474288,42.86903472
20251485087,20250529,Property Damage Only,-92.33743844,42.77503373
20251485093,20250602,Property Damage Only,-94.02778402,42.12971852
20251485110,20250601,Property Damage Only,-91.20906425,40.7265161
20251485116,20250527,Property Damage Only,-92.0640511,42.77312562
20251485125,20250527,Property Damage Only,-92.24597433,42.45291285
20251485140,20250530,Property Damage Only,-94.01266313,41.54398083
20251485148,20250512,Property Damage Only,-93.10107402,41.46082508
20251485174,20250531,Possible/Unknown Injury Crash,-90.96377185,42.44040142
20251485179,20250602,Property Damage Only,-92.61420188,41.99182012
20251485190,20250602,Property Damage Only,-93.48043893,41.13199373
20251485192,20250602,Suspected Minor Injury Crash,-91.61760384,41.88997257
20251485193,20250602,Property Damage Only,-91.08183812,41.56684528
20251485195,20250603,Property Damage Only,-91.54812897,41.94892711
20251485196,20250602,Property Damage Only,-91.0545335,42.45885466
20251485197,20250603,Suspected Minor Injury Crash,-90.68685939,42.53312262
20251485199,20250601,Property Damage Only,-93.57108091,42.01302406
20251485214,20250530,Property Damage Only,-93.57001048,41.96615885
20251485219,20250602,Property Damage Only,-91.27282838,42.08097362
20251485227,20250603,Property Damage Only,-91.67898676,40.97535971
20251485233,20250529,Property Damage Only,-93.38079834,42.58166165
20251485234,20250529,Property Damage Only,-93.12871741,42.73806446
20251485235,20250510,Property Damage Only,-92.02474465,41.01131363
20251485237,20250602,Property Damage Only,-92.04722343,41.01443827
20251485246,20250531,Property Damage Only,-92.37897277,41.04872705
20251485289,20250519,Possible/Unknown Injury Crash,-92.54571132,42.88555421
20251485291,20250602,Property Damage Only,-93.51091989,42.44819331
20251485319,20250602,Property Damage Only,-91.64860293,41.80827324
20251485320,20250525,Property Damage Only,-93.57100262,42.00697201
20251485345,20250530,Property Damage Only,-94.87901747,42.00768215
20251485363,20250603,Property Damage Only,-92.5639145,42.17407598
20251485389,20250602,Property Damage Only,-93.6621348,42.02277541
20251485395,20250604,Property Damage Only,-96.4106046,42.5317159
20251485403,20250602,Property Damage Only,-91.56143492,40.88632332
20251485404,20250604,Property Damage Only,-91.13995159,42.27391031
20251485411,20250529,Property Damage Only,-93.69933191,41.51376089
20251485412,20250531,Property Damage Only,-93.77915774,41.28454717
20251485413,20250601,Property Damage Only,-93.77954974,41.44965302
20251485414,20250601,Property Damage Only,-93.77829297,41.31226059
20251485415,20250601,Property Damage Only,-93.7881842,41.14529738
20251485418,20250602,Property Damage Only,-93.09493673,41.62031514
20251485428,20250529,Property Damage Only,-91.95559754,42.44654607
20251485429,20250601,Property Damage Only,-91.90209643,42.59935907
20251485434,20250602,Property Damage Only,-95.79275966,41.6382502
20251485436,20250421,Property Damage Only,-93.90551629,40.60292045
20251485437,20250603,Suspected Minor Injury Crash,-92.42432532,42.43897952
20251485446,20250526,Property Damage Only,-91.98088949,42.45034005
20251485447,20250529,Property Damage Only,-91.92824745,42.4474013
20251485450,20250523,Property Damage Only,-95.15437818,41.49841614
20251485451,20250604,Property Damage Only,-92.57410539,42.5163911
20251485455,20250602,Property Damage Only,-92.00740344,41.64757579
20251485463,20250516,Property Damage Only,-92.99351705,42.46212925
20251485481,20250531,Property Damage Only,-91.36198967,42.40043361
20251485527,20250604,Property Damage Only,-93.706946,41.69994729
20251485529,20250604,Property Damage Only,-93.40530943,43.14189582
20251485530,20250603,Property Damage Only,-93.3426536,43.08414506
20251485536,20250604,Property Damage Only,-91.42325896,42.18289129
20251485537,20250604,Property Damage Only,-91.54571749,41.94355577
20251485538,20250604,Suspected Minor Injury Crash,-94.42149041,42.03456178
20251485549,20250601,Property Damage Only,-93.15166745,41.40021168
20251485551,20250604,Property Damage Only,-93.26264981,41.36189158
20251485552,20250605,Property Damage Only,-92.38705666,42.4766561
20251485553,20250605,Property Damage Only,-91.57206611,41.6382359
20251485554,20250529,Property Damage Only,-95.87316869,43.15215992
20251485555,20250604,Property Damage Only,-92.84958209,42.53177228
20251485556,20250604,Property Damage Only,-92.62520546,42.32943428
20251485557,20250605,Property Damage Only,-91.70110657,42.0820012
20251485558,20250605,Property Damage Only,-91.70110657,42.0820012
20251485574,20250604,Property Damage Only,-91.34923688,42.07107491
20251485575,20250604,Property Damage Only,-90.93212142,42.0677012
20251485578,20250530,Property Damage Only,-94.75656542,43.1265804
20251485582,20250529,Property Damage Only,-91.20932409,41.73587712
20251485592,20250604,Property Damage Only,-93.43862773,41.44337838
20251485603,20250518,Property Damage Only,-91.04454831,41.08758253
20251485604,20250605,Property Damage Only,-91.18567704,41.34767168
20251485609,20250604,Property Damage Only,-93.85988346,40.65287992
20251485612,20250602,Property Damage Only,-91.81048034,42.87667367
20251485636,20250601,Property Damage Only,-90.56595822,41.6230941
20251485642,20250528,Property Damage Only,-91.98882933,41.96354408
20251485644,20250601,Property Damage Only,-91.87243564,42.18352123
20251485647,20250603,Property Damage Only,-91.94997301,41.96345644
20251485650,20250605,Suspected Minor Injury Crash,-92.99043194,43.46268222
20251485673,20250601,Property Damage Only,-92.89267048,41.76070773
20251485708,20250604,Property Damage Only,-95.39620625,41.49779981
20251485712,20250605,Property Damage Only,-91.5039866,41.6767478
20251485717,20250605,Property Damage Only,-93.54322505,41.51168581
20251485730,20250605,Suspected Minor Injury Crash,-90.48844453,41.80790629
20251485731,20250606,Property Damage Only,-94.40818537,41.49586245
20251485732,20250606,Property Damage Only,-93.83228759,40.80017331
20251485742,20250606,Property Damage Only,-90.8773383,41.83854069
20251485743,20250605,Property Damage Only,-91.90924599,41.75284208
20251485752,20250604,Property Damage Only,-91.24217337,40.72732248
20251485753,20250605,Property Damage Only,-91.47349865,43.25241611
20251485760,20250605,Possible/Unknown Injury Crash,-96.36892776,42.44629066
20251485766,20250604,Property Damage Only,-95.03431424,41.30250588
20251485768,20250605,Property Damage Only,-91.53289647,40.93914671
20251485772,20250605,Property Damage Only,-92.4699396,41.09634761
20251485774,20250605,Property Damage Only,-91.74823752,43.28545893
20251485782,20250604,Property Damage Only,-93.84717789,41.76966775
20251485784,20250527,Property Damage Only,-96.13616515,43.38887318
20251485794,20250605,Property Damage Only,-93.3499047,43.19674688
20251485800,20250606,Property Damage Only,-92.64944804,43.02357156
20251485819,20250516,Property Damage Only,-91.43905724,42.95006853
20251485852,20250607,Property Damage Only,-96.13612636,43.39553699
20251485853,20250607,Property Damage Only,-91.38938623,41.04519792
20251485871,20250606,Property Damage Only,-93.28603348,43.14823538
20251485889,20250605,Property Damage Only,-96.36302781,42.41352535
20251485893,20250607,Property Damage Only,-92.08471826,41.69053261
20251485916,20250603,Property Damage Only,-94.45233425,41.45357429
20251485920,20250606,Property Damage Only,-92.65178052,41.99939778
20251485940,20250607,Property Damage Only,-91.17921381,40.73259776
20251485945,20250607,Property Damage Only,-90.79082575,41.67321936
20251485960,20250607,Property Damage Only,-90.75996468,42.06273054
20251485962,20250602,Property Damage Only,-91.39869258,42.84444965
20251485970,20250607,Property Damage Only,-93.83482125,41.57345808
20251485975,20250607,Property Damage Only,-91.08525996,41.53665763
20251485992,20250608,Property Damage Only,-91.76859769,42.06611065
20251486034,20250608,Property Damage Only,-94.32063049,41.51455527
20251486036,20250606,Property Damage Only,-93.71232444,41.64385387
20251486038,20250608,Property Damage Only,-90.81748442,41.51470981
20251486042,20250609,Property Damage Only,-93.26015384,40.89206558
20251486053,20250608,Property Damage Only,-94.35358451,42.03459927
20251486057,20250607,Property Damage Only,-91.42124308,40.91985417
20251486064,20250609,Property Damage Only,-93.76109245,42.86317765
20251486065,20250605,Property Damage Only,-90.91057321,42.44059636
20251486068,20250606,Possible/Unknown Injury Crash,-91.06701474,42.46270412
20251486069,20250607,Property Damage Only,-90.91299363,42.44056843
20251486074,20250609,Property Damage Only,-92.80065263,43.12689761
20251486075,20250602,Suspected Minor Injury Crash,-95.12805788,43.40189038
20251486086,20250606,Property Damage Only,-93.67879794,42.0086008
20251486090,20250607,Property Damage Only,-91.23941426,42.14690337
20251486110,20250606,Property Damage Only,-96.07826144,42.35272793
20251486111,20250606,Property Damage Only,-95.81043551,42.48230486
20251486112,20250606,Property Damage Only,-91.70276113,43.16036463
20251486117,20250607,Property Damage Only,-95.78764248,41.27499274
20251486118,20250607,Property Damage Only,-92.5234028,42.69384666
20251486120,20250607,Property Damage Only,-92.33705641,42.68585938
20251486123,20250607,Property Damage Only,-93.1837801,41.82021916
20251486134,20250606,Property Damage Only,-93.59999791,41.29266441
20251486143,20250608,Property Damage Only,-93.5701154,42.42928089
20251486146,20250608,Property Damage Only,-91.21098551,42.47076997
20251486156,20250608,Property Damage Only,-91.42307605,42.47006666
20251486157,20250608,Property Damage Only,-91.28224603,40.70095577
20251486160,20250606,Property Damage Only,-92.46556381,42.74609347
20251486162,20250608,Property Damage Only,-91.21659433,42.47073133
20251486163,20250608,Property Damage Only,-95.11811108,42.46954435
20251486181,20250609,Property Damage Only,-93.00212366,42.31716797
20251486188,20250609,Property Damage Only,-94.35697342,41.19209203
20251486198,20250608,Property Damage Only,-93.34933508,43.41576742
20251486200,20250608,Suspected Minor Injury Crash,-90.56952662,41.83371561
20251486207,20250528,Property Damage Only,-93.05389645,42.00824443
20251486209,20250531,Property Damage Only,-92.96524717,42.00325313
20251486210,20250531,Property Damage Only,-92.97384438,42.00430018
20251486214,20250601,Property Damage Only,-93.00053197,42.08215621
20251486215,20250602,Property Damage Only,-93.11083607,41.94556196
20251486216,20250605,Property Damage Only,-93.22057191,42.07772017
20251486220,20250607,Property Damage Only,-93.99294295,41.83479061
20251486232,20250510,Property Damage Only,-92.50309179,42.56615935
20251486233,20250511,Property Damage Only,-92.44971797,42.63114366
20251486237,20250609,Property Damage Only,-90.7621781,41.8990183
20251486239,20250608,Property Damage Only,-94.20726485,42.65911802
20251486243,20250529,Property Damage Only,-92.33709085,42.58494266
20251486252,20250609,Property Damage Only,-92.65920733,41.99922192
20251486253,20250609,Property Damage Only,-92.66004008,41.99929644
20251486256,20250608,Property Damage Only,-91.16388278,40.87134618
20251486265,20250609,Property Damage Only,-92.69279344,42.00032546
20251486279,20250609,Property Damage Only,-90.79102235,42.54633635
20251486281,20250609,Property Damage Only,-90.69793961,42.57154577
20251486282,20250609,Property Damage Only,-90.92263034,41.74251511
20251486283,20250610,Property Damage Only,-91.00079014,41.59095303
20251486306,20250609,Property Damage Only,-91.24732998,42.13721705
20251486307,20250610,Property Damage Only,-93.30747188,42.00778225
20251486310,20250609,Property Damage Only,-96.17514238,42.87945086
20251486314,20250609,Property Damage Only,-91.54959495,42.55909219
20251486316,20250522,Property Damage Only,-94.63033788,42.46587902
20251486321,20250609,Property Damage Only,-91.79721434,40.94121644
20251486333,20250607,Property Damage Only,-92.49558046,43.44572241
20251486348,20250610,Property Damage Only,-92.91161729,42.96514492
20251486350,20250609,Property Damage Only,-93.1958032,41.32579579
20251486357,20250608,Property Damage Only,-93.77961297,41.35084026
20251486373,20250608,Property Damage Only,-95.91786362,41.5287893
20251486406,20250527,Property Damage Only,-91.51440493,43.15270684
20251486408,20250527,Property Damage Only,-93.63229553,42.03453512
20251486430,20250609,Possible/Unknown Injury Crash,-92.08851554,42.44922918
20251486431,20250610,Property Damage Only,-90.20758847,42.1112462
20251486440,20250610,Property Damage Only,-92.34142019,42.67835592
20251486457,20250611,Property Damage Only,-90.74735708,42.48651056
20251486458,20250610,Property Damage Only,-92.59230362,42.99012657
20251486459,20250610,Property Damage Only,-90.90030758,41.54447031
20251486463,20250611,Property Damage Only,-90.76010904,41.45633304
20251486468,20250611,Property Damage Only,-93.35897926,41.68068251
20251486470,20250610,Property Damage Only,-92.71276184,42.46344463
20251486471,20250611,Property Damage Only,-94.36730071,41.8694202
20251486473,20250610,Property Damage Only,-90.84280139,41.51733127
20251486487,20250610,Property Damage Only,-93.54056486,42.00194959
20251486489,20250610,Property Damage Only,-90.96974809,41.46388247
20251486500,20250610,Property Damage Only,-91.43454772,40.93024151
20251486501,20250523,Property Damage Only,-92.26276595,43.29863118
20251486513,20250607,Property Damage Only,-92.381621,41.01369071
20251486520,20250528,Property Damage Only,-91.98796551,42.22485642
20251486522,20250610,Property Damage Only,-92.47533607,42.68985425
20251486523,20250611,Property Damage Only,-95.79924382,40.89682016
20251486525,20250605,Property Damage Only,-91.77603531,42.4620062
20251486526,20250608,Property Damage Only,-92.06475134,42.35532209
20251486533,20250602,Property Damage Only,-93.20264093,42.94371148
20251486545,20250607,Property Damage Only,-95.34325814,41.73910916
20251486556,20250609,Property Damage Only,-91.75026766,41.9479823
20251486557,20250609,Property Damage Only,-91.51846118,41.68730218
20251486570,20250610,Property Damage Only,-92.04063499,42.72767979
20251486594,20250609,Property Damage Only,-93.20593702,42.43710601
20251486601,20250518,Property Damage Only,-93.27376036,41.68687982
20251486602,20250518,Property Damage Only,-92.99031582,41.6820984
20251486610,20250609,Property Damage Only,-93.72633179,42.02254925
20251486614,20250611,Property Damage Only,-91.24688537,40.83233686
20251486618,20250516,Property Damage Only,-93.57476763,41.65936874
20251486620,20250530,Property Damage Only,-93.57038431,41.96206796
20251486644,20250611,Property Damage Only,-94.55524771,41.51664724
20251486650,20250608,Property Damage Only,-91.54635575,40.99813863
20251486652,20250611,Property Damage Only,-91.12826555,40.75051904
20251486653,20250611,Property Damage Only,-92.28159496,41.69612928
20251486663,20250610,Property Damage Only,-91.28730037,41.40867637
20251486666,20250611,Property Damage Only,-90.91544328,42.63617207
20251486676,20250609,Property Damage Only,-93.65466286,42.00676854
20251486680,20250611,Possible/Unknown Injury Crash,-91.44310101,40.49981123
20251486681,20250611,Property Damage Only,-91.44454812,40.47649867
20251486691,20250611,Property Damage Only,-91.47641673,40.52372249
20251486694,20250611,Property Damage Only,-92.36929519,41.00921894
20251486697,20250611,Property Damage Only,-94.02811194,41.80858667
20251486699,20250604,Property Damage Only,-95.32875924,42.66226332
20251486704,20250611,Property Damage Only,-93.06502728,42.89829698
20251486736,20250612,Property Damage Only,-91.4405118,41.91628128
20251486745,20250610,Property Damage Only,-91.91030052,41.63347385
20251486746,20250610,Property Damage Only,-91.91069047,41.68159301
20251486759,20250611,Property Damage Only,-91.4059089,42.06169928
20251486767,20250611,Property Damage Only,-93.47762589,43.08313903
20251486815,20250613,Property Damage Only,-90.56549625,41.70196096
20251486819,20250613,Property Damage Only,-92.55318628,41.69547054
20251486825,20250612,Property Damage Only,-91.78709269,41.91276535
20251486826,20250612,Property Damage Only,-92.54171225,42.46960676
20251486830,20250612,Property Damage Only,-93.45787841,41.66955851
20251486838,20250612,Property Damage Only,-91.03717467,41.5970022
20251486839,20250613,Property Damage Only,-94.20714528,42.70652384
20251486844,20250612,Property Damage Only,-93.69166268,42.09246477
20251486845,20250612,Property Damage Only,-92.9554054,41.67415483
20251486846,20250613,Property Damage Only,-93.42453186,41.87769407
20251486848,20250611,Property Damage Only,-91.5059416,43.24053537
20251486849,20250613,Property Damage Only,-90.75002052,41.45552361
20251486857,20250613,Property Damage Only,-96.46454613,42.49355599
20251486861,20250529,Property Damage Only,-93.28856664,41.68477196
20251486864,20250612,Property Damage Only,-93.56754449,42.52153186
20251486866,20250611,Property Damage Only,-93.90658032,42.44898889
20251486875,20250612,Property Damage Only,-95.99394994,41.62442835
20251486884,20250611,Property Damage Only,-91.48522275,40.98763193
20251486887,20250613,Property Damage Only,-95.12383786,42.46947435
20251486891,20250611,Property Damage Only,-91.61469503,41.92639592
20251486920,20250610,Property Damage Only,-92.21142775,41.96370377
20251486931,20250612,Property Damage Only,-92.20509773,41.31646174
20251486932,20250606,Property Damage Only,-92.27123018,41.26471793
20251486936,20250612,Property Damage Only,-92.05863485,42.35184976
20251486940,20250613,Property Damage Only,-95.47830522,42.26492203
20251486941,20250612,Property Damage Only,-91.08832231,41.4166831
20251486944,20250603,Property Damage Only,-92.4655449,42.47307738
20251486946,20250607,Property Damage Only,-92.42733129,42.56669733
20251486953,20250614,Property Damage Only,-92.74760725,41.69528736
20251486978,20250613,Property Damage Only,-95.70766917,41.03832623
20251486982,20250613,Property Damage Only,-91.54872788,41.02007554
20251486984,20250613,Suspected Minor Injury Crash,-91.70115132,42.08395607
20251486985,20250613,Property Damage Only,-90.5750233,41.87436786
20251486995,20250613,Property Damage Only,-93.25235752,42.90773596
20251486996,20250614,Property Damage Only,-92.7228486,43.09861329
20251487011,20250614,Property Damage Only,-93.28230825,43.44428939
20251487030,20250613,Property Damage Only,-91.35295079,40.89486582
20251487031,20250613,Property Damage Only,-91.16191096,40.73740392
20251487036,20250613,Property Damage Only,-92.98379053,41.01169999
20251487054,20250515,Property Damage Only,-90.676531,42.13508919
20251487058,20250609,Property Damage Only,-92.27694344,41.33655412
20251487060,20250614,Property Damage Only,-91.04451394,41.06585612
20251487061,20250610,Property Damage Only,-92.29609543,41.00409292
20251487064,20250611,Property Damage Only,-93.0358976,41.45904436
20251487065,20250612,Property Damage Only,-93.07195033,41.49105811
20251487066,20250612,Property Damage Only,-93.32190482,41.43241471
20251487067,20250613,Property Damage Only,-92.98278698,41.30263098
20251487068,20250613,Property Damage Only,-93.07197913,41.30025874
20251487070,20250615,Property Damage Only,-91.14092088,41.6456341
20251487083,20250615,Property Damage Only,-93.77389686,41.7377597
20251487085,20250614,Property Damage Only,-91.44830087,40.48361181
20251487147,20250615,Property Damage Only,-94.17472667,42.44494219
20251487148,20250615,Property Damage Only,-93.45773557,43.13254917
20251487166,20250614,Property Damage Only,-94.91431346,43.16038248
20251487174,20250612,Property Damage Only,-90.69463199,42.41308602
20251487177,20250616,Property Damage Only,-90.93921463,42.51037557
20251487178,20250614,Property Damage Only,-93.37609878,42.78070945
20251487179,20250606,Property Damage Only,-93.55796097,42.10642325
20251487180,20250613,Property Damage Only,-93.55350146,42.12628603
20251487181,20250614,Property Damage Only,-93.57063045,41.91253879
20251487183,20250615,Property Damage Only,-93.57012164,41.91769318
20251487185,20250616,Property Damage Only,-93.46299035,42.14438457
20251487189,20250613,Property Damage Only,-94.36056879,42.5166162
20251487202,20250613,Property Damage Only,-93.35010326,43.45046802
20251487206,20250614,Property Damage Only,-93.16793382,41.82003626
20251487225,20250615,Property Damage Only,-91.20112627,41.65774265
20251487228,20250613,Property Damage Only,-93.55875072,41.4358048
20251487233,20250614,Property Damage Only,-95.9344117,43.43262486
20251487234,20250615,Property Damage Only,-91.45656733,42.51002123
20251487240,20250609,Property Damage Only,-91.32900489,40.67468086
20251487250,20250613,Property Damage Only,-93.57014099,42.29914331
20251487256,20250613,Property Damage Only,-94.6490631,42.31483753
20251487264,20250606,Property Damage Only,-93.70455121,41.61480862
20251487266,20250613,Property Damage Only,-92.05407569,43.05992912
20251487268,20250527,Property Damage Only,-92.04276462,42.53322237
20251487282,20250612,Property Damage Only,-93.04613485,42.49539699
20251487284,20250614,Property Damage Only,-93.46967377,42.44845079
20251487292,20250615,Property Damage Only,-91.16939494,41.18154585
20251487306,20250614,Property Damage Only,-91.18582955,41.28618224
20251487312,20250609,Property Damage Only,-92.44901551,42.62920407
20251487327,20250613,Property Damage Only,-95.72481268,41.34297453
20251487346,20250616,Property Damage Only,-94.22869945,42.58704413
20251487347,20250608,Property Damage Only,-95.03989939,43.21211204
20251487351,20250616,Property Damage Only,-94.46713013,41.5182557
20251487356,20250609,Property Damage Only,-91.52885488,41.21790168
20251487358,20250616,Property Damage Only,-90.608106,41.93006144
20251487365,20250616,Property Damage Only,-91.42848091,42.05747152
20251487368,20250617,Property Damage Only,-92.91355898,43.13692596
20251487376,20250613,Property Damage Only,-93.55850055,41.37726596
20251487387,20250617,Property Damage Only,-91.11137521,41.64505321
20251487390,20250617,Property Damage Only,-90.70042718,42.53401719
20251487392,20250617,Property Damage Only,-92.58212759,43.0671459
20251487399,20250606,Property Damage Only,-95.81621109,42.48223502
20251487402,20250616,Property Damage Only,-92.03798431,41.65919373
20251487410,20250616,Property Damage Only,-93.50642809,41.56602393
20251487411,20250616,Property Damage Only,-93.50642809,41.56602393
20251487421,20250524,Property Damage Only,-90.57110855,41.5965264
20251487428,20250525,Property Damage Only,-91.427116,40.5732837
20251487429,20250527,Property Damage Only,-91.42233387,40.60535126
20251487430,20250531,Property Damage Only,-91.56348981,40.67010794
20251487435,20250523,Property Damage Only,-91.37715807,40.64254194
20251487455,20250614,Property Damage Only,-91.08765462,42.74280878
20251487458,20250613,Property Damage Only,-92.28590143,42.46025619
20251487461,20250616,Property Damage Only,-91.22984835,41.75519009
20251487478,20250615,Property Damage Only,-92.61386087,43.1556855
20251487479,20250615,Property Damage Only,-91.60322462,40.63408461
20251487483,20250616,Property Damage Only,-91.3114165,40.67072255
20251487501,20250612,Suspected Minor Injury Crash,-91.88104282,41.96346273
20251487503,20250614,Property Damage Only,-91.64015712,41.69749843
20251487526,20250617,Property Damage Only,-90.34100963,41.67866476
20251487531,20250614,Property Damage Only,-91.30185624,41.6631213
20251487539,20250617,Property Damage Only,-91.50134787,42.04592765
20251487557,20250614,Property Damage Only,-93.67703264,41.5105616
20251487585,20250617,Property Damage Only,-94.1811135,41.95019487
20251487596,20250617,Property Damage Only,-90.56582225,41.7012834
20251487597,20250617,Property Damage Only,-93.51441828,42.61836018
20251487612,20250618,Property Damage Only,-91.4372806,40.84494648
20251487620,20250617,Property Damage Only,-92.08195593,41.82883875
20251487621,20250617,Property Damage Only,-92.14286523,41.76838697
20251487637,20250602,Property Damage Only,-92.6457163,42.46363525
20251487643,20250615,Property Damage Only,-92.33724304,42.68552726
20251487654,20250606,Property Damage Only,-93.56713893,42.14688914
20251487659,20250618,Property Damage Only,-96.38685907,42.5847187
20251487661,20250606,Property Damage Only,-93.57052283,42.20158593
20251487668,20250617,Property Damage Only,-92.436191,41.0938273
20251487677,20250503,Property Damage Only,-91.70823594,42.81593342
20251487679,20250615,Property Damage Only,-95.91952464,43.03803745
20251487689,20250616,Property Damage Only,-92.62996492,41.6957434
20251487690,20250616,Property Damage Only,-91.66976266,41.86891885
20251487735,20250618,Property Damage Only,-94.89443992,40.72669186
20251487744,20250613,Property Damage Only,-93.69867102,42.09530437
20251487779,20250618,Property Damage Only,-92.67249563,43.10696289
20251487790,20250618,Property Damage Only,-95.78596525,41.15153647
20251487800,20250614,Property Damage Only,-90.67693484,41.53819131
20251487822,20250618,Property Damage Only,-92.95080129,41.81972515
20251487853,20250611,Property Damage Only,-92.90400082,42.15580707
20251487858,20250616,Property Damage Only,-93.03147901,42.00040797
20251487873,20250618,Property Damage Only,-91.16551619,42.24455801
20251487876,20250609,Property Damage Only,-94.78297673,42.26068044
20251487896,20250615,Property Damage Only,-93.35367766,42.81077787
20251487948,20250619,Property Damage Only,-91.57839595,42.00550591
20251487955,20250619,Property Damage Only,-90.51409977,41.6987796
20251487959,20250619,Property Damage Only,-90.35485419,41.81554186
20251487962,20250619,Property Damage Only,-93.58796985,41.50357529
20251487963,20250620,Property Damage Only,-92.72091455,42.00332443
20251487977,20250620,Property Damage Only,-92.81441313,41.69518048
20251487995,20250620,Property Damage Only,-92.8156345,41.3038448
20251487999,20250620,Property Damage Only,-91.48703384,41.63012259
20251488000,20250619,Property Damage Only,-95.2805208,41.4985679
20251488022,20250608,Property Damage Only,-92.79921969,41.37060045
20251488025,20250613,Property Damage Only,-92.14141168,42.45026803
20251488036,20250619,Property Damage Only,-94.16426797,41.66351062
20251488048,20250609,Suspected Serious Injury Crash,-90.63890634,42.10534037
20251488075,20250617,Property Damage Only,-92.4244602,42.55166135
20251488084,20250619,Property Damage Only,-91.21754268,43.01732233
20251488092,20250620,Property Damage Only,-91.91137953,41.76893956
20251488097,20250620,Property Damage Only,-90.1988907,41.95019599
20251488105,20250620,Property Damage Only,-93.50311095,41.67632292
20251488107,20250620,Property Damage Only,-92.43232341,43.09777496
20251488108,20250611,Property Damage Only,-92.52290396,41.96443897
20251488117,20250620,Property Damage Only,-94.78629156,40.58321502
20251488130,20250621,Property Damage Only,-91.58765931,41.6499304
20251488167,20250621,Property Damage Only,-91.68245821,42.28287773
20251488180,20250620,Property Damage Only,-92.12694699,41.77379734
20251488200,20250621,Property Damage Only,-90.63266675,41.9501136
20251488203,20250601,Property Damage Only,-93.57036422,41.91243203
20251488206,20250610,Property Damage Only,-93.92121711,41.55470281
20251488209,20250611,Property Damage Only,-93.56962733,41.94346389
20251488210,20250612,Property Damage Only,-93.57142895,41.83301362
20251488219,20250614,Property Damage Only,-93.56746112,42.52308127
20251488221,20250621,Property Damage Only,-94.41731017,42.03455044
20251488247,20250527,Property Damage Only,-91.9499885,40.9844705
20251488253,20250618,Property Damage Only,-96.04845233,41.7370696
20251488255,20250610,Property Damage Only,-92.42997808,42.57573426
20251488285,20250622,Property Damage Only,-94.02825817,42.08720431
20251488294,20250622,Property Damage Only,-93.15725072,43.11172691
20251488295,20250622,Property Damage Only,-92.91395633,42.46337598
20251488303,20250524,Property Damage Only,-93.20490145,41.69972329
20251488304,20250524,Property Damage Only,-93.50864932,41.58162377
20251488307,20250531,Property Damage Only,-93.57095215,41.89586566
20251488311,20250603,Property Damage Only,-93.11158267,41.68115293
20251488315,20250616,Property Damage Only,-93.47243999,41.66492394
20251488340,20250613,Property Damage Only,-93.05282943,41.32707617
20251488346,20250622,Property Damage Only,-91.40810485,42.83437818
20251488347,20250619,Property Damage Only,-93.06486553,41.48627035
20251488350,20250622,Property Damage Only,-92.98407547,41.4072644
20251488351,20250621,Property Damage Only,-92.18412939,42.4495534
20251488356,20250620,Property Damage Only,-91.17974942,40.82623441
20251488357,20250617,Property Damage Only,-92.95250539,41.6805848
20251488360,20250621,Property Damage Only,-92.9753853,40.81216295
20251488361,20250615,Possible/Unknown Injury Crash,-93.42219475,41.67601814
20251488365,20250622,Property Damage Only,-90.80771073,41.62307974
20251488366,20250622,Property Damage Only,-90.40750767,41.57430864
20251488370,20250616,Property Damage Only,-94.61952833,42.75582603
20251488373,20250619,Property Damage Only,-96.21102196,42.75111053
20251488376,20250622,Suspected Minor Injury Crash,-93.37749842,41.52906692
20251488386,20250622,Suspected Minor Injury Crash,-95.85101492,41.42126833
20251488394,20250621,Property Damage Only,-91.18155251,41.44423409
20251488406,20250614,Property Damage Only,-93.27016915,42.00792114
20251488409,20250621,Property Damage Only,-93.37095566,42.00766671
20251488416,20250621,Property Damage Only,-91.29974788,42.07070345
20251488417,20250623,Property Damage Only,-90.98281536,42.06725288
20251488422,20250621,Property Damage Only,-92.84360133,41.75566152
20251488444,20250620,Property Damage Only,-91.86733414,43.28450329
20251488448,20250620,Property Damage Only,-90.60955218,42.40825372
20251488455,20250621,Property Damage Only,-92.39362899,41.07242426
20251488461,20250621,Property Damage Only,-93.81357789,42.50164144
20251488463,20250622,Property Damage Only,-93.56903711,42.44715403
20251488471,20250620,Property Damage Only,-91.29959803,42.4709305
20251488472,20250620,Property Damage Only,-91.32140096,42.47076567
20251488489,20250620,Property Damage Only,-96.06502705,42.92296493
20251488491,20250621,Property Damage Only,-95.88086152,43.13476848
20251488496,20250622,Property Damage Only,-93.84925783,41.55291494
20251488502,20250620,Property Damage Only,-94.85947313,41.49713316
20251488512,20250622,Property Damage Only,-92.47898403,41.43345077
20251488513,20250622,Property Damage Only,-92.41099282,41.3361382
20251488522,20250620,Property Damage Only,-93.94626842,41.83518464
20251488536,20250622,Property Damage Only,-93.35053251,43.11068573
20251488543,20250622,Property Damage Only,-92.17536304,42.41606076
20251488554,20250621,Property Damage Only,-92.49660127,42.61271755
20251488564,20250616,Property Damage Only,-95.20058657,42.70551929
20251488566,20250612,Property Damage Only,-91.81095808,43.28002313
20251488567,20250621,Property Damage Only,-91.98449179,42.96476256
20251488570,20250616,Property Damage Only,-91.33413661,41.66425131
20251488572,20250620,Property Damage Only,-91.54437721,41.6863094
20251488594,20250623,Property Damage Only,-91.24939727,41.71079894
20251488599,20250622,Property Damage Only,-91.17018496,40.90576588
20251488608,20250616,Property Damage Only,-93.91461591,42.04437704
20251488625,20250623,Property Damage Only,-91.78817791,42.22223505
20251488632,20250624,Property Damage Only,-92.63182094,42.45199182
20251488639,20250624,Property Damage Only,-90.97604698,42.44054686
20251488642,20250624,Property Damage Only,-93.57084169,41.90782721
20251488644,20250623,Property Damage Only,-91.80950412,43.42139542
20251488648,20250623,Property Damage Only,-93.568002,42.07008686
20251488658,20250623,Property Damage Only,-92.66380199,41.0158861
20251488661,20250620,Property Damage Only,-91.54505462,41.0410624
20251488663,20250624,Property Damage Only,-93.28444271,41.67054191
20251488671,20250623,Property Damage Only,-91.46896447,40.94222479
20251488673,20250615,Property Damage Only,-93.60959669,41.35637923
20251488676,20250607,Property Damage Only,-94.22207008,41.8608441
20251488734,20250623,Property Damage Only,-92.9118012,43.11942813
20251488738,20250613,Property Damage Only,-95.18805234,43.38585596
20251488831,20250615,Property Damage Only,-90.9773087,41.63366578
20251488835,20250624,Property Damage Only,-92.54343404,41.96578339
20251488843,20250625,Property Damage Only,-91.14217753,40.78900042
20251488846,20250624,Property Damage Only,-92.00467455,41.00631376
20251488852,20250623,Property Damage Only,-96.13654124,42.8526837
20251488854,20250624,Property Damage Only,-92.59104616,41.75352699
20251488856,20250619,Possible/Unknown Injury Crash,-93.06256306,41.97933761
20251488857,20250624,Property Damage Only,-94.0702176,41.57341739
20251488860,20250625,Property Damage Only,-93.63660707,41.19090499
20251488863,20250625,Property Damage Only,-91.62219042,41.69526686
20251488871,20250625,Property Damage Only,-91.11863925,41.15788513
20251488876,20250625,Property Damage Only,-91.20440165,41.11726182
20251488880,20250625,Property Damage Only,-92.05984953,42.37217722
20251488881,20250625,Property Damage Only,-91.99470423,42.45032697
20251488883,20250623,Property Damage Only,-94.59787396,42.39890187
20251488884,20250620,Property Damage Only,-90.91004318,42.32183103
20251488913,20250624,Property Damage Only,-90.7818422,42.01092144
20251488947,20250625,Property Damage Only,-93.77400575,41.52807258
20251488948,20250625,Property Damage Only,-94.69843779,40.6711545
20251488950,20250622,Property Damage Only,-91.13281564,41.68304232
20251488974,20250625,Property Damage Only,-91.10316095,41.38413435
20251488980,20250626,Property Damage Only,-91.12008401,41.03379548
20251488985,20250625,Property Damage Only,-91.657028,40.63167808
20251489014,20250626,Property Damage Only,-91.46624799,42.53524071
20251489042,20250621,Property Damage Only,-93.14112274,42.00792716
20251489043,20250623,Property Damage Only,-92.90625092,42.09103438
20251489044,20250622,Property Damage Only,-95.90063604,41.4887074
20251489058,20250624,Property Damage Only,-94.01261318,41.53232592
20251489059,20250624,Property Damage Only,-94.01262235,41.5321457
20251489100,20250627,Property Damage Only,-91.79450324,42.09276528
20251489104,20250627,Property Damage Only,-95.22714546,43.14247242
20251489105,20250626,Property Damage Only,-93.61619599,43.06525932
20251489109,20250626,Property Damage Only,-91.60392636,41.66127069
20251489122,20250627,Property Damage Only,-91.16436315,42.89631215
20251489131,20250626,Property Damage Only,-96.30387025,42.310928
20251489133,20250627,Property Damage Only,-93.18454966,43.10786806
20251489136,20250627,Suspected Minor Injury Crash,-92.97055851,42.05954598
20251489140,20250626,Property Damage Only,-93.73978745,41.48307189
20251489148,20250621,Property Damage Only,-91.86258319,42.22580699
20251489153,20250627,Property Damage Only,-94.02801409,41.79945464
20251489165,20250626,Property Damage Only,-93.18142423,43.11909317
20251489168,20250624,Property Damage Only,-90.36503326,41.67577811
20251489169,20250618,Property Damage Only,-91.03342309,41.63597283
20251489170,20250627,Property Damage Only,-94.22703248,42.92285207
20251489178,20250619,Property Damage Only,-94.22718803,42.7811181
20251489189,20250620,Property Damage Only,-95.97884492,41.61283436
20251489192,20250625,Property Damage Only,-91.15373672,40.84999789
20251489200,20250626,Property Damage Only,-92.96868017,43.11647721
20251489214,20250627,Property Damage Only,-91.39336096,41.90387771
20251489226,20250627,Property Damage Only,-90.99147423,41.48231367
20251489244,20250627,Property Damage Only,-92.31769445,42.95529305
20251489245,20250627,Property Damage Only,-93.02313389,43.11775785
20251489246,20250627,Property Damage Only,-93.37873892,43.06069046
20251489259,20250628,Property Damage Only,-93.79747435,40.96656818
20251489266,20250627,Property Damage Only,-92.36872347,43.50021686
20251489283,20250628,Property Damage Only,-92.5817747,41.89932456
20251489288,20250628,Property Damage Only,-91.72840515,41.71687392
20251489304,20250628,Property Damage Only,-91.29688676,43.00506871
20251489314,20250628,Property Damage Only,-90.64965817,41.97163578
20251489343,20250628,Property Damage Only,-92.56902331,43.06705227
20251489351,20250628,Property Damage Only,-94.42085845,42.01161245
20251489356,20250628,Property Damage Only,-90.85456802,41.51918168
20251489360,20250612,Property Damage Only,-92.96667914,42.63382925
20251489362,20250629,Property Damage Only,-94.46967173,42.95853498
20251489364,20250629,Property Damage Only,-92.43865606,42.96531549
20251489402,20250628,Property Damage Only,-93.84346086,40.71538551
20251489403,20250629,Property Damage Only,-91.32500951,40.69626953
20251489406,20250627,Property Damage Only,-95.78578329,41.29750874
20251489433,20250623,Property Damage Only,-92.43981893,42.60348433
20251489434,20250629,Property Damage Only,-90.48316866,41.80830409
20251489435,20250615,Property Damage Only,-95.1614698,42.94673949
20251489445,20250630,Property Damage Only,-92.96681617,42.69727387
20251489465,20250627,Property Damage Only,-90.93814102,42.43969992
20251489474,20250629,Property Damage Only,-91.62205862,40.91633973
20251489475,20250626,Property Damage Only,-92.84706962,41.71342297
20251489480,20250628,Property Damage Only,-93.21258014,41.6994031
20251489492,20250630,Property Damage Only,-94.47349124,41.68110989
20251489496,20250627,Suspected Serious Injury Crash,-91.90740123,41.46863305
20251489498,20250630,Property Damage Only,-90.71915542,42.52762876
20251489505,20250629,Property Damage Only,-95.016459,41.49712606
20251489536,20250625,Property Damage Only,-91.58241481,40.63903784
20251489542,20250630,Property Damage Only,-93.56959077,42.32827187
20251489543,20250610,Property Damage Only,-91.7268692,42.59947293
20251489546,20250625,Property Damage Only,-91.90868099,42.62506982
20251489547,20250628,Property Damage Only,-92.68024558,41.43323138
20251489550,20250622,Property Damage Only,-90.52657406,41.80740123
20251489556,20250628,Property Damage Only,-94.02271556,41.83562819
20251489557,20250629,Property Damage Only,-94.02806615,41.73112805
20251489560,20250628,Suspected Minor Injury Crash,-94.07117732,42.44932492
20251489563,20250628,Property Damage Only,-93.56717846,42.52144361
20251489565,20250630,Property Damage Only,-92.80997603,43.0021584
20251489570,20250630,Property Damage Only,-90.84245544,42.15666658
20251489603,20250630,Property Damage Only,-95.80049832,42.90422913
20251489608,20250629,Property Damage Only,-90.55734333,41.82571184
20251489612,20250630,Property Damage Only,-93.56690423,41.19061161
20251489624,20250630,Property Damage Only,-94.22686161,42.69703877
20251489626,20250629,Property Damage Only,-96.21129374,42.13881107
20251489629,20250629,Property Damage Only,-92.47495598,42.46491651
20251489632,20250701,Property Damage Only,-91.41494975,40.91485853
20251489638,20250630,Property Damage Only,-91.26853095,41.40815218
20251489658,20250701,Property Damage Only,-96.35773855,42.3775
20251489661,20250630,Property Damage Only,-92.63395931,43.15558047
20251489665,20250628,Property Damage Only,-92.49563375,43.42889346
20251489672,20250630,Property Damage Only,-93.20338286,42.6544386
20251489689,20250630,Property Damage Only,-91.48008943,42.30545524
20251489695,20250625,Property Damage Only,-94.70861071,42.44938411
20251489696,20250626,Property Damage Only,-94.32922343,42.44943244
20251489703,20250630,Property Damage Only,-91.7695243,42.0281317
20251489725,20250630,Property Damage Only,-95.02001183,42.4582671
20251489727,20250629,Property Damage Only,-91.90884598,41.76438508
20251489738,20250624,Property Damage Only,-90.55773462,42.19625418
20251489740,20250629,Property Damage Only,-92.87433306,40.79161171
20251489754,20250701,Possible/Unknown Injury Crash,-90.43175622,41.96290365
20251489755,20250629,Property Damage Only,-91.12382506,42.47007836
20251489757,20250701,Property Damage Only,-90.87055536,42.38940211
20251489770,20250701,Property Damage Only,-95.83010173,42.57514706
20251489772,20250628,Property Damage Only,-90.73197946,41.64920547
20251489773,20250702,Property Damage Only,-92.66479201,43.03894409
20251489775,20250701,Property Damage Only,-92.30386025,41.57929035
20251489782,20250701,Property Damage Only,-92.82175452,42.36160079
20251489785,20250702,Property Damage Only,-90.35477685,41.83875719
20251489797,20250623,Property Damage Only,-93.57032552,42.00552531
20251489819,20250526,Property Damage Only,-92.63325103,42.46117345
20251489821,20250607,Property Damage Only,-93.57030837,42.30021421
20251489822,20250622,Property Damage Only,-93.57029324,42.29450438
20251489840,20250630,Property Damage Only,-91.14711956,41.67025031
20251489843,20250701,Property Damage Only,-93.23079724,43.13391633
20251489849,20250623,Property Damage Only,-92.47227967,42.6629856
20251489851,20250619,Property Damage Only,-92.33775692,42.74054479
20251489858,20250630,Property Damage Only,-95.2149253,41.49736463
20251489867,20250701,Property Damage Only,-92.14073718,42.69121897
20251489868,20250701,Possible/Unknown Injury Crash,-92.33248382,42.89021886
20251489907,20250702,Property Damage Only,-91.71082471,43.47382871
20251489912,20250612,Property Damage Only,-93.35878593,41.68048495
20251489939,20250702,Property Damage Only,-92.52447275,41.96444548
20251489952,20250702,Property Damage Only,-91.17436295,41.05662869
20251489957,20250629,Property Damage Only,-92.40118276,42.61412273
20251489967,20250702,Property Damage Only,-93.22810757,41.6959326
20251489974,20250702,Property Damage Only,-91.12240375,42.81631588
20251489998,20250702,Property Damage Only,-93.34898716,43.21931559
20251490005,20250628,Property Damage Only,-91.39007554,43.09177396
20251490008,20250702,Property Damage Only,-90.84076281,42.30941597
20251490033,20250703,Property Damage Only,-90.42668437,41.81534634
20251490042,20250702,Property Damage Only,-93.17397435,40.9208564
20251490044,20250702,Property Damage Only,-91.52761494,40.63905467
20251490045,20250703,Property Damage Only,-91.38088916,40.63300053
20251490054,20250612,Property Damage Only,-92.66673146,42.34254932
20251490056,20250702,Property Damage Only,-92.34168923,42.96541122
20251490060,20250630,Property Damage Only,-91.84114606,42.61461752
20251490063,20250626,Property Damage Only,-92.16107786,42.54477641
20251490078,20250627,Possible/Unknown Injury Crash,-93.00030216,42.06096378
20251490109,20250703,Property Damage Only,-90.8137384,41.51421532
20251490112,20250702,Property Damage Only,-93.60646181,41.3599538
20251490119,20250703,Property Damage Only,-95.90701145,41.25775415
20251490122,20250703,Property Damage Only,-93.23149317,40.96239174
20251490124,20250703,Property Damage Only,-91.64299184,41.69528023
20251490126,20250703,Property Damage Only,-91.46334136,41.88398572
20251490147,20250702,Property Damage Only,-92.27979989,41.64911
20251490157,20250702,Property Damage Only,-91.98940135,41.52303917
20251490158,20250701,Property Damage Only,-92.76610717,41.45119183
20251490162,20250703,Property Damage Only,-91.128193,40.75057191
20251490190,20250704,Property Damage Only,-91.57078132,41.72564031
20251490191,20250703,Property Damage Only,-93.07211775,42.41134905
20251490231,20250704,Property Damage Only,-94.64846314,43.3998623
20251490234,20250705,Property Damage Only,-92.62254468,41.99382032
20251490244,20250704,Property Damage Only,-92.41425371,41.04467796
20251490253,20250705,Property Damage Only,-91.27727061,40.70892583
20251490254,20250705,Property Damage Only,-91.0053803,41.44245734
20251490268,20250701,Property Damage Only,-91.54416562,42.03553621
20251490284,20250705,Property Damage Only,-93.77484377,41.62934424
20251490287,20250702,Property Damage Only,-94.22522447,41.04707588
20251490288,20250703,Property Damage Only,-93.59384998,41.20598736
20251490294,20250628,Suspected Serious Injury Crash,-92.18742121,42.43196126
20251490328,20250705,Property Damage Only,-91.66970216,42.07249101
20251490329,20250705,Property Damage Only,-91.78367372,42.25487949
20251490332,20250704,Property Damage Only,-90.73582694,42.09951369
20251490333,20250310,Property Damage Only,-90.56909047,41.83505728
20251490336,20250705,Property Damage Only,-91.05218076,41.50809982
20251490338,20250706,Property Damage Only,-92.64292492,43.01824743
20251490340,20250630,Property Damage Only,-92.97244733,41.37610483
20251490347,20250703,Property Damage Only,-92.35385437,42.4531575
20251490352,20250705,Property Damage Only,-90.9285183,41.50648757
20251490355,20250706,Property Damage Only,-92.53617806,41.9645294
20251490367,20250704,Property Damage Only,-93.92176729,41.61448807
20251490382,20250626,Property Damage Only,-93.23121596,40.95105986
20251490383,20250705,Property Damage Only,-90.64654979,42.17881267
20251490388,20250706,Property Damage Only,-91.74843248,43.28556912
20251490392,20250705,Property Damage Only,-93.18112847,41.00080301
20251490393,20250706,Property Damage Only,-91.52720717,43.20648585
20251490399,20250706,Property Damage Only,-93.72826513,41.80410591
20251490401,20250704,Property Damage Only,-91.57188798,40.9879727
20251490405,20250704,Property Damage Only,-91.17891524,41.06544703
20251490446,20250706,Property Damage Only,-90.66544032,42.49197553
20251490451,20250706,Property Damage Only,-94.38958111,42.00610524
20251490452,20250707,Property Damage Only,-92.74781285,42.57036345
20251490453,20250707,Property Damage Only,-96.60601697,42.75523352
20251490454,20250704,Property Damage Only,-92.84841984,40.72480874
20251490460,20250706,Property Damage Only,-95.84407314,41.23289361
20251490461,20250702,Property Damage Only,-90.83127138,42.44041955
20251490466,20250707,Property Damage Only,-91.13649857,42.81904059
20251490495,20250706,Suspected Minor Injury Crash,-93.57088765,41.99681312
20251490498,20250705,Property Damage Only,-91.26704686,42.11348848
20251490523,20250704,Property Damage Only,-91.77652659,43.27615723
20251490524,20250706,Property Damage Only,-91.73180119,43.4380013
20251490532,20250627,Property Damage Only,-92.05637669,42.18111101
20251490534,20250702,Property Damage Only,-92.02882242,42.10868647
20251490535,20250706,Property Damage Only,-91.98879271,41.96357078
20251490538,20250705,Property Damage Only,-91.25853625,41.27737941
20251490546,20250703,Property Damage Only,-91.99375291,40.98165397
20251490553,20250703,Property Damage Only,-94.82186883,41.49717673
20251490557,20250706,Property Damage Only,-93.34097047,43.00211444
20251490565,20250705,Property Damage Only,-91.36761389,42.631956
20251490566,20250706,Property Damage Only,-91.58337639,42.4641634
20251490571,20250707,Property Damage Only,-90.27273098,41.7924834
20251490572,20250704,Property Damage Only,-91.71577733,41.32682333
20251490573,20250707,Property Damage Only,-93.89824057,42.12387996
20251490575,20250703,Property Damage Only,-91.87427891,41.10032761
20251490599,20250706,Property Damage Only,-92.17222092,40.87423642
20251490633,20250701,Property Damage Only,-93.05156646,42.44097185
20251490634,20250703,Property Damage Only,-93.27632107,42.44812535
20251490635,20250706,Property Damage Only,-93.06602888,42.44604379
20251490643,20250702,Property Damage Only,-94.91887081,42.454152
20251490658,20250701,Property Damage Only,-91.62016406,41.62248485
20251490665,20250703,Suspected Minor Injury Crash,-91.11666192,42.43107502
20251490676,20250617,Property Damage Only,-91.81046362,42.87371981
20251490677,20250701,Property Damage Only,-91.99903453,42.96472858
20251490680,20250705,Property Damage Only,-91.61878979,42.68745565
20251490682,20250704,Property Damage Only,-91.24543653,42.09621957
20251490685,20250706,Property Damage Only,-93.79691049,42.41198805
20251490686,20250707,Property Damage Only,-92.45604088,42.27497183
20251490691,20250705,Property Damage Only,-94.67813754,42.55903548
20251490718,20250703,Property Damage Only,-90.49913355,41.80759928
20251490725,20250707,Property Damage Only,-90.50991842,41.71339605
20251490727,20250707,Property Damage Only,-91.90952362,42.64805095
20251490729,20250707,Property Damage Only,-94.40507347,42.73234509
20251490730,20250707,Property Damage Only,-93.34577508,43.1476292
20251490739,20250707,Suspected Minor Injury Crash,-91.60550618,43.07354946
20251490740,20250624,Property Damage Only,-94.01284194,41.48318926
20251490741,20250707,Property Damage Only,-93.95024354,41.34437851
20251490743,20250708,Property Damage Only,-91.30206365,43.07319456
20251490746,20250708,Property Damage Only,-91.03810001,41.55931599
20251490757,20250708,Property Damage Only,-92.66257552,42.463497
20251490763,20250707,Property Damage Only,-93.79698581,42.40065805
20251490764,20250708,Property Damage Only,-91.15162994,42.48544338
20251490768,20250707,Property Damage Only,-92.06384219,43.37114791
20251490775,20250703,Property Damage Only,-93.43805411,43.22419593
20251490779,20250707,Property Damage Only,-95.82790076,41.08258636
20251490816,20250704,Property Damage Only,-91.44642316,43.21794244
20251490818,20250626,Property Damage Only,-93.00885186,42.00786946
20251490863,20250708,Property Damage Only,-92.61379031,43.00261009
20251490865,20250707,Property Damage Only,-92.73333349,40.73991493
20251490885,20250708,Property Damage Only,-91.30984792,43.17241482
20251490887,20250705,Property Damage Only,-91.54691486,42.18190378
20251490897,20250709,Property Damage Only,-93.12591522,40.72220905
20251490899,20250708,Property Damage Only,-91.15751444,42.2546243
20251490901,20250708,Property Damage Only,-91.30337713,41.58272215
20251490902,20250708,Property Damage Only,-91.32744818,41.45261821
20251490903,20250703,Property Damage Only,-92.45636631,40.94283951
20251490913,20250708,Property Damage Only,-92.04709216,41.96352911
20251490914,20250704,Property Damage Only,-92.47244602,42.67073117
20251490926,20250708,Property Damage Only,-91.3035844,42.47106163
20251490950,20250708,Property Damage Only,-91.13041975,42.76907156
20251490951,20250709,Suspected Minor Injury Crash,-91.19218196,43.04474904
20251490956,20250707,Property Damage Only,-92.55448611,43.27966294
20251490958,20250708,Property Damage Only,-93.72495052,42.44890369
20251490959,20250629,Property Damage Only,-91.88943597,42.3824598
20251490961,20250708,Property Damage Only,-91.97599211,42.31184819
20251490962,20250706,Property Damage Only,-92.67259812,43.04618871
20251490994,20250628,Property Damage Only,-91.21910402,43.33592683
20251491011,20250624,Property Damage Only,-92.47784906,42.46953174
20251491038,20250709,Property Damage Only,-94.04803772,42.336983
20251491039,20250709,Property Damage Only,-93.68663696,40.59322218
20251491044,20250701,Suspected Minor Injury Crash,-93.09264042,43.21164306
20251491045,20250710,Property Damage Only,-91.94852007,40.69064335
20251491047,20250709,Property Damage Only,-91.52279811,41.97587533
20251491048,20250710,Property Damage Only,-93.17602431,41.04430249
20251491051,20250708,Suspected Minor Injury Crash,-95.32876299,43.35121948
20251491052,20250706,Property Damage Only,-90.60913321,41.51612209
20251491061,20250710,Property Damage Only,-90.69703422,42.57098726
20251491065,20250708,Property Damage Only,-90.98056341,41.49193994
20251491082,20250708,Property Damage Only,-93.65484464,42.44883933
20251491087,20250710,Suspected Minor Injury Crash,-91.49519605,40.45782791
20251491091,20250710,Property Damage Only,-93.12069091,42.7380732
20251491096,20250709,Property Damage Only,-91.87281698,41.81994241
20251491097,20250709,Property Damage Only,-92.06638799,41.6426658
20251491100,20250710,Property Damage Only,-92.20910108,42.92248196
20251491104,20250709,Property Damage Only,-91.28127378,40.73967598
20251491109,20250709,Property Damage Only,-92.21635293,41.82947405
20251491143,20250709,Property Damage Only,-93.07593642,42.4335914
20251491144,20250710,Property Damage Only,-93.18647651,42.36078616
20251491156,20250710,Property Damage Only,-91.55010305,42.00711535
20251491170,20250709,Property Damage Only,-95.67862333,41.90002345
20251491226,20250710,Property Damage Only,-92.8100212,42.91176473
20251491227,20250710,Property Damage Only,-93.26186465,42.60900334
20251491228,20250710,Property Damage Only,-90.59063461,41.90624451
20251491232,20250710,Property Damage Only,-91.64945332,41.06142085
20251491245,20250710,Property Damage Only,-92.96954289,41.42411467
20251491246,20250708,Property Damage Only,-91.60929991,40.67237147
20251491264,20250626,Property Damage Only,-93.00794615,42.00786052
20251491277,20250711,Property Damage Only,-95.55453165,42.70995564
20251491278,20250630,Property Damage Only,-91.30316592,41.22164218
20251491279,20250710,Property Damage Only,-91.19578944,41.18942056
20251491280,20250710,Property Damage Only,-91.5337322,42.46912247
20251491325,20250704,Property Damage Only,-91.64867309,42.51255596
20251491333,20250711,Property Damage Only,-92.66264505,43.03868564
20251491350,20250709,Property Damage Only,-93.55851336,41.3941371
20251491361,20250711,Possible/Unknown Injury Crash,-91.41063002,41.90465847
20251491368,20250711,Property Damage Only,-92.74117647,43.13219947
20251491373,20250711,Property Damage Only,-91.28080341,40.93826607
20251491391,20250711,Property Damage Only,-94.18119187,42.69332237
20251491396,20250703,Property Damage Only,-93.20070553,43.17753849
20251491406,20250523,Property Damage Only,-93.37119632,41.75971691
20251491446,20250712,Property Damage Only,-93.27233128,42.80317454
20251491460,20250712,Property Damage Only,-90.85090773,41.96776422
20251491466,20250703,Property Damage Only,-91.70146948,42.08317613
20251491467,20250712,Property Damage Only,-92.67252705,43.08953845
20251491477,20250713,Property Damage Only,-91.22202196,41.46448407
20251491483,20250712,Suspected Minor Injury Crash,-93.35574806,43.1729292
20251491484,20250713,Property Damage Only,-90.69400979,42.56610865
20251491489,20250712,Property Damage Only,-94.10675385,42.35364164
20251491493,20250711,Property Damage Only,-91.98303437,41.77517147
20251491497,20250623,Property Damage Only,-94.54999781,43.24141175
20251491499,20250624,Property Damage Only,-94.75793838,43.19421055
20251491500,20250701,Property Damage Only,-94.44761684,43.08288496
20251491506,20250713,Property Damage Only,-94.24241714,42.07559267
20251491507,20250617,Property Damage Only,-94.49900613,43.08294359
20251491516,20250713,Property Damage Only,-93.47819429,43.19874088
20251491541,20250712,Property Damage Only,-91.9476047,42.68593302
20251491557,20250713,Property Damage Only,-91.4824132,42.78227503
20251491558,20250713,Property Damage Only,-93.0042463,43.19713779
20251491559,20250713,Property Damage Only,-90.37196127,42.19287556
20251491561,20250712,Property Damage Only,-94.22716773,42.77266236
20251491571,20250702,Property Damage Only,-93.45319545,42.67724532
20251491573,20250710,Property Damage Only,-93.63698145,42.72659453
20251491575,20250713,Property Damage Only,-91.31029202,41.55353366
20251491594,20250711,Property Damage Only,-93.69902905,42.01442372
20251491596,20250713,Property Damage Only,-93.56865259,42.06442755
20251491597,20250714,Property Damage Only,-93.56927128,42.00917822
20251491598,20250713,Property Damage Only,-93.50197142,42.18729813
20251491617,20250712,Property Damage Only,-93.41578759,41.4659369
20251491623,20250711,Property Damage Only,-92.26383018,42.47340921
20251491630,20250705,Property Damage Only,-90.91013532,41.74216234
20251491634,20250711,Property Damage Only,-92.47912483,41.4682293
20251491635,20250712,Property Damage Only,-92.64100201,41.24550358
20251491636,20250713,Property Damage Only,-91.56551786,40.56654555
20251491653,20250713,Property Damage Only,-92.75412981,43.12747346
20251491657,20250713,Property Damage Only,-91.55244862,41.00495318
20251491658,20250713,Property Damage Only,-93.06368182,41.65949114
20251491659,20250713,Property Damage Only,-94.29573162,42.45168919
20251491662,20250713,Property Damage Only,-91.56510573,40.56261274
20251491670,20250711,Property Damage Only,-96.26946791,42.4457161
20251491678,20250714,Property Damage Only,-90.85625936,41.45666176
20251491701,20250714,Property Damage Only,-93.57085861,42.17563704
20251491702,20250522,Property Damage Only,-94.35683071,41.25212905
20251491705,20250710,Property Damage Only,-91.19697387,41.24746415
20251491706,20250711,Property Damage Only,-91.23484952,41.28439549
20251491708,20250712,Property Damage Only,-93.03545578,42.46259226
20251491713,20250703,Property Damage Only,-95.30920942,42.65459078
20251491725,20250712,Property Damage Only,-91.20073341,41.32003102
20251491727,20250707,Property Damage Only,-91.7220831,42.46847779
20251491733,20250704,Property Damage Only,-93.71790939,42.02009841
20251491742,20250712,Property Damage Only,-93.91278431,41.82394493
20251491743,20250713,Property Damage Only,-93.93554465,41.55206511
20251491748,20250713,Property Damage Only,-92.12960225,43.4438915
20251491749,20250711,Property Damage Only,-91.13669125,41.24712557
20251491767,20250713,Property Damage Only,-91.56198514,41.68553135
20251491769,20250713,Property Damage Only,-91.56146883,41.68551588
20251491773,20250712,Property Damage Only,-92.8302179,40.85120961
20251491779,20250714,Property Damage Only,-94.01283095,41.49940249
20251491786,20250714,Property Damage Only,-94.19531033,41.03319361
20251491788,20250708,Property Damage Only,-95.15043949,43.20345055
20251491795,20250714,Property Damage Only,-94.14940388,41.88486763
20251491798,20250714,Property Damage Only,-91.39941063,40.82106042
20251491811,20250714,Property Damage Only,-93.77934188,41.16036469
20251491814,20250715,Property Damage Only,-91.47691463,40.94520361
20251491819,20250713,Property Damage Only,-90.44278263,41.55451079
20251491826,20250715,Property Damage Only,-93.56984911,42.04278791
20251491827,20250712,Property Damage Only,-93.52402319,41.60022679
20251491849,20250621,Property Damage Only,-93.04695249,42.00811238
20251491861,20250707,Property Damage Only,-91.42492044,41.97948236
20251491868,20250710,Property Damage Only,-95.12866724,43.40024929
20251491871,20250715,Property Damage Only,-91.43059741,41.33636609
20251491872,20250715,Property Damage Only,-91.41185166,41.31500484
20251491874,20250715,Property Damage Only,-93.63698773,42.53944864
20251491877,20250715,Property Damage Only,-92.63899167,41.0051904
20251491889,20250714,Property Damage Only,-92.71758013,41.26103919
20251491916,20250714,Property Damage Only,-91.27968952,40.64849038
20251491931,20250714,Property Damage Only,-94.01391127,41.60541671
20251491943,20250715,Property Damage Only,-95.66050653,41.40077918
20251491975,20250611,Property Damage Only,-92.39519245,40.85198316
20251491976,20250713,Property Damage Only,-91.69296574,42.46188141
20251491990,20250715,Property Damage Only,-90.3923286,42.22294147
20251492005,20250716,Property Damage Only,-92.74221807,43.09495753
20251492064,20250716,Property Damage Only,-91.22976224,42.16320876
20251492077,20250713,Property Damage Only,-92.56502837,42.32581748
20251492078,20250715,Property Damage Only,-91.50339956,40.42243145
20251492083,20250715,Property Damage Only,-92.57302743,41.48057809
20251492103,20250715,Property Damage Only,-96.45012506,42.57016882
20251492105,20250715,Property Damage Only,-90.40869846,42.23771233
20251492136,20250716,Property Damage Only,-93.05290985,42.24528611
20251492142,20250714,Property Damage Only,-91.37169785,40.86956769
20251492143,20250714,Property Damage Only,-91.26998118,40.82711872
20251492169,20250716,Property Damage Only,-94.45142872,42.03464635
20251492170,20250626,Property Damage Only,-91.37920391,43.03017208
20251492171,20250710,Property Damage Only,-91.45876722,42.77251273
20251492172,20250716,Property Damage Only,-92.55615531,42.96261657
20251492177,20250716,Property Damage Only,-93.24096409,43.48314772
20251492185,20250714,Property Damage Only,-93.68908459,41.51365161
20251492203,20250707,Property Damage Only,-93.57598543,41.68819446
20251492211,20250717,Property Damage Only,-95.86624633,41.21966238
20251492215,20250711,Property Damage Only,-93.2801278,41.83048165
20251492218,20250717,Property Damage Only,-90.43965547,41.81551029
20251492233,20250617,Property Damage Only,-92.14549354,41.96341207
20251492236,20250713,Property Damage Only,-90.79931869,42.56670375
20251492238,20250713,Property Damage Only,-90.84202849,42.4408568
20251492239,20250716,Property Damage Only,-90.70621828,42.41862271
20251492240,20250716,Property Damage Only,-90.85021938,42.42247764
20251492247,20250716,Property Damage Only,-92.48590705,42.71509065
20251492250,20250717,Property Damage Only,-92.58142567,42.01724811
20251492257,20250716,Property Damage Only,-91.40229178,40.9059732
20251492262,20250717,Property Damage Only,-91.28668609,42.45820241
20251492268,20250512,Property Damage Only,-93.53723299,43.11958771
20251492287,20250716,Property Damage Only,-91.55010234,42.07728341
20251492290,20250715,Property Damage Only,-91.98339997,42.62341583
20251492301,20250711,Property Damage Only,-92.53366714,42.70074213
20251492303,20250711,Property Damage Only,-91.19241299,43.01973757
20251492313,20250716,Property Damage Only,-93.00615882,40.73946609
20251492315,20250716,Property Damage Only,-93.01883177,40.73949174
20251492349,20250717,Property Damage Only,-91.15862813,42.88942131
20251492358,20250718,Property Damage Only,-92.79053055,42.60307729
20251492359,20250717,Property Damage Only,-90.78341495,41.45820775
20251492374,20250226,Property Damage Only,-93.65633643,42.03447221
20251492379,20250617,Property Damage Only,-95.13835693,41.49866122
20251492384,20250716,Property Damage Only,-93.56447856,42.00799501
20251492386,20250717,Property Damage Only,-93.13046189,41.52215435
20251492401,20250718,Property Damage Only,-91.80315075,40.99532628
20251492418,20250717,Property Damage Only,-93.85749386,41.77457204
20251492439,20250716,Property Damage Only,-93.37895838,43.1620309
20251492445,20250707,Property Damage Only,-92.83176862,42.00698996
20251492447,20250713,Property Damage Only,-92.9986837,42.00772568
20251492449,20250713,Property Damage Only,-91.8480779,41.75920734
20251492473,20250717,Property Damage Only,-91.51411604,42.01963319
20251492492,20250718,Property Damage Only,-94.65191691,41.62236395
20251492496,20250718,Property Damage Only,-91.64837896,42.10323239
20251492499,20250718,Property Damage Only,-90.65458843,41.99085617
20251492501,20250719,Property Damage Only,-94.35141038,41.49294081
20251492502,20250717,Property Damage Only,-90.67157912,42.20709702
20251492513,20250719,Property Damage Only,-90.25812099,41.8843995
20251492520,20250714,Suspected Serious Injury Crash,-92.60167805,41.63100437
20251492524,20250717,Property Damage Only,-91.70341552,40.78907958
20251492526,20250717,Property Damage Only,-91.42410829,40.63294993
20251492577,20250718,Property Damage Only,-91.83181462,43.39181216
20251492584,20250719,Property Damage Only,-93.79819657,41.22700151
20251492590,20250719,Property Damage Only,-92.69580596,40.78280214
20251492692,20250720,Property Damage Only,-92.4783957,42.96539541
20251492695,20250719,Property Damage Only,-92.0651356,41.53730778
20251492713,20250720,Property Damage Only,-91.73478518,42.04324495
20251492722,20250717,Property Damage Only,-90.98588501,42.4408643
20251492727,20250720,Property Damage Only,-91.0156162,42.44266183
20251492732,20250719,Property Damage Only,-92.89114123,42.00300863
20251492735,20250718,Property Damage Only,-93.37220047,42.0078338
20251492736,20250719,Property Damage Only,-93.58148328,42.05454614
20251492737,20250720,Possible/Unknown Injury Crash,-93.65937328,42.06878768
20251492763,20250721,Property Damage Only,-93.22253867,42.95158107
20251492766,20250718,Property Damage Only,-91.19366294,42.26272836
20251492767,20250719,Property Damage Only,-96.29956082,43.20030691
20251492778,20250718,Property Damage Only,-91.23138471,43.37902281
20251492799,20250721,Property Damage Only,-92.16688239,42.84743031
20251492800,20250720,Property Damage Only,-92.04247128,41.68708995
20251492802,20250718,Property Damage Only,-94.02825497,41.86191444
20251492829,20250715,Property Damage Only,-91.87663422,42.13854924
20251492831,20250716,Property Damage Only,-92.12315711,41.90611442
20251492833,20250719,Property Damage Only,-91.87149047,42.22303103
20251492837,20250706,Property Damage Only,-95.13013036,42.88709439
20251492839,20250718,Suspected Minor Injury Crash,-95.16954693,41.62569097
20251492844,20250711,Property Damage Only,-95.80555678,41.15465421
20251492846,20250719,Property Damage Only,-94.82232051,42.51728976
20251492857,20250716,Property Damage Only,-92.16883041,42.77328569
20251492859,20250719,Property Damage Only,-92.03116901,43.299047
20251492898,20250712,Property Damage Only,-92.46588515,42.42016013
20251492899,20250712,Property Damage Only,-95.29045316,42.47504453
20251492907,20250721,Property Damage Only,-90.85125106,41.51874145
20251492909,20250719,Property Damage Only,-91.55096237,41.53185161
20251492915,20250707,Property Damage Only,-91.72742761,41.97838946
20251492919,20250721,Property Damage Only,-92.10099414,41.17749048
20251492923,20250721,Property Damage Only,-94.30585097,42.43829985
20251492950,20250722,Property Damage Only,-93.58089214,41.8926094
20251492951,20250722,Property Damage Only,-91.01448792,41.67005232
20251492954,20250721,Property Damage Only,-90.73910452,41.50917803
20251492956,20250722,Property Damage Only,-93.69863772,42.08565866
20251492965,20250721,Property Damage Only,-91.53365095,42.193632
20251492966,20250722,Property Damage Only,-90.68375073,42.09202572
20251492972,20250721,Property Damage Only,-91.65927309,43.13249795
20251492996,20250721,Property Damage Only,-93.60673957,41.39113659
20251493000,20250714,Property Damage Only,-94.81036371,41.73173173
20251493007,20250626,Property Damage Only,-93.34903385,43.35037784
20251493034,20250710,Property Damage Only,-91.74206644,42.68680477
20251493040,20250721,Property Damage Only,-91.72735265,42.52955894
20251493049,20250721,Property Damage Only,-91.3144529,40.93369162
20251493052,20250722,Property Damage Only,-91.42846425,40.9263304
20251493067,20250616,Property Damage Only,-91.39015875,43.0684259
20251493068,20250722,Property Damage Only,-92.54226085,43.06869532
20251493070,20250721,Property Damage Only,-94.31950273,42.55858532
20251493094,20250718,Property Damage Only,-96.0697418,41.81789444
20251493102,20250720,Property Damage Only,-91.34579451,41.25225714
20251493103,20250721,Property Damage Only,-91.17874545,41.11684997
20251493109,20250722,Property Damage Only,-91.45562394,41.88915096
20251493111,20250722,Property Damage Only,-91.47018645,41.87845707
20251493112,20250722,Property Damage Only,-91.67641391,42.23150077
20251493113,20250723,Property Damage Only,-94.57425409,40.67596869
20251493140,20250723,Property Damage Only,-90.43248737,41.67899895
20251493142,20250722,Property Damage Only,-91.5778802,42.59020965
20251493144,20250723,Property Damage Only,-92.2988596,43.14642664
20251493154,20250721,Property Damage Only,-91.94863185,42.7733308
20251493155,20250723,Property Damage Only,-91.72063524,43.26452415
20251493187,20250706,Property Damage Only,-91.06457963,41.64273441
20251493206,20250720,Property Damage Only,-91.44356079,40.45744132
20251493213,20250723,Possible/Unknown Injury Crash,-91.13519895,40.86086924
20251493223,20250723,Property Damage Only,-91.01358114,41.46163076
20251493227,20250723,Property Damage Only,-90.54337791,41.71127069
20251493239,20250723,Property Damage Only,-90.99372893,41.46397014
20251493247,20250716,Property Damage Only,-91.44698552,41.2491181
20251493251,20250723,Property Damage Only,-95.99648757,42.16479024
20251493252,20250722,Property Damage Only,-91.87042293,41.76156385
20251493254,20250723,Property Damage Only,-92.007255,41.6157795
20251493267,20250723,Property Damage Only,-91.80457976,42.1080103
20251493290,20250721,Property Damage Only,-93.23657086,41.86041949
20251493292,20250723,Property Damage Only,-93.28765906,41.66984036
20251493295,20250724,Property Damage Only,-93.43234107,41.47554089
20251493296,20250718,Property Damage Only,-94.8725699,41.36399594
20251493304,20250723,Property Damage Only,-92.8065882,41.44636692
20251493314,20250723,Property Damage Only,-92.41201091,41.00121129
20251493335,20250723,Property Damage Only,-91.44444049,40.513342
20251493379,20250723,Property Damage Only,-91.39313305,42.85072932
20251493397,20250724,Property Damage Only,-92.6349533,43.06703844
20251493409,20250716,Property Damage Only,-91.14796997,41.67033608
20251493418,20250722,Property Damage Only,-90.60152236,42.40627584
20251493422,20250725,Property Damage Only,-96.30403492,42.31129244
20251493431,20250725,Property Damage Only,-95.67671519,41.35446139
20251493432,20250725,Property Damage Only,-92.60411266,42.73014013
20251493434,20250724,Property Damage Only,-91.42364455,40.59635182
20251493460,20250720,Property Damage Only,-93.19596515,42.29576397
20251493487,20250724,Property Damage Only,-91.81939649,43.05861299
20251493533,20250725,Property Damage Only,-90.75851347,42.47869668
20251493542,20250725,Property Damage Only,-90.67522457,42.16648354
20251493548,20250726,Property Damage Only,-91.31492244,41.47169239
20251493551,20250726,Property Damage Only,-93.88956082,41.64387985
20251493553,20250723,Suspected Minor Injury Crash,-93.330693,41.79254505
20251493554,20250725,Property Damage Only,-92.51527466,43.03775113
20251493555,20250726,Property Damage Only,-91.44357623,40.49814205
20251493572,20250726,Property Damage Only,-95.9500799,41.99923372
20251493595,20250726,Suspected Minor Injury Crash,-91.72568143,42.01812449
20251493602,20250726,Property Damage Only,-94.69875635,43.1193043
20251493611,20250725,Property Damage Only,-93.79699919,42.40267529
20251493629,20250726,Property Damage Only,-91.4435828,41.99477753
20251493633,20250722,Property Damage Only,-90.4936494,41.52614472
20251493636,20250726,Property Damage Only,-91.57764126,40.98798979
20251493639,20250722,Property Damage Only,-92.18442861,42.46866596
20251493641,20250625,Property Damage Only,-92.08116394,42.36058822
20251493653,20250726,Property Damage Only,-92.45588451,42.96523659
20251493667,20250727,Property Damage Only,-93.98611193,40.66711339
20251493716,20250726,Property Damage Only,-95.51714495,42.34299862
20251493738,20250722,Property Damage Only,-94.49485574,40.8849948
20251493740,20250727,Property Damage Only,-93.59479771,41.51777184
20251493743,20250727,Property Damage Only,-91.5483837,43.02435709
20251493750,20250727,Property Damage Only,-91.17095706,41.44386791
20251493758,20250727,Property Damage Only,-90.76893044,42.56102788
20251493759,20250706,Property Damage Only,-91.59912246,42.01297487
20251493808,20250721,Property Damage Only,-91.99344756,42.15202623
20251493809,20250722,Property Damage Only,-92.09535982,42.13746529
20251493810,20250723,Property Damage Only,-92.22122101,41.96417592
20251493812,20250727,Property Damage Only,-91.91394333,41.9632113
20251493817,20250727,Property Damage Only,-96.09987486,42.63414595
20251493824,20250725,Property Damage Only,-91.16523932,42.47106421
20251493831,20250725,Property Damage Only,-92.84225585,40.96271441
20251493846,20250727,Property Damage Only,-92.44842273,41.32921662
20251493850,20250725,Property Damage Only,-94.72710754,42.30985186
20251493883,20250724,Property Damage Only,-91.8142717,42.9305815
20251493891,20250719,Property Damage Only,-91.4657597,41.26388079
20251493892,20250717,Property Damage Only,-92.02300403,42.2974074
20251493910,20250727,Property Damage Only,-93.91439452,41.83048008
20251493917,20250727,Property Damage Only,-93.34960225,42.83423133
20251493923,20250725,Property Damage Only,-92.04273254,42.8857313
20251493925,20250727,Property Damage Only,-93.7170526,41.76258246
20251493929,20250727,Property Damage Only,-91.35252036,40.82701207
20251493931,20250718,Property Damage Only,-91.62787274,41.62010923
20251493945,20250727,Property Damage Only,-93.57717432,41.678704
20251493982,20250721,Property Damage Only,-91.54473326,41.04268875
20251493985,20250718,Property Damage Only,-92.9625022,41.38918111
20251493989,20250720,Property Damage Only,-93.03093889,41.4558031
20251494017,20250729,Property Damage Only,-91.34970843,41.39716782
20251494019,20250728,Property Damage Only,-92.49838898,41.07887324
20251494029,20250728,Property Damage Only,-91.29269795,40.68610335
20251494030,20250729,Property Damage Only,-91.30799204,40.67046522
20251494046,20250729,Property Damage Only,-91.33403784,41.24475561
20251494055,20250725,Property Damage Only,-91.31463469,40.67071554
20251494077,20250725,Property Damage Only,-94.07041049,41.58727758
20251494089,20250721,Suspected Minor Injury Crash,-92.44684843,41.88802681
20251494097,20250619,Property Damage Only,-92.40462741,40.96678911
20251494142,20250729,Property Damage Only,-94.22818347,42.51540096
20251494150,20250730,Property Damage Only,-90.82856333,41.51594638
20251494151,20250730,Property Damage Only,-93.71787564,41.98594564
20251494170,20250729,Property Damage Only,-90.81942594,42.4401677
20251494180,20250729,Property Damage Only,-92.64024863,41.21094709
20251494188,20250725,Property Damage Only,-91.91184952,41.79593747
20251494189,20250726,Property Damage Only,-92.15673135,41.53863747
20251494211,20250725,Property Damage Only,-92.08420858,41.78737123
20251494242,20250710,Property Damage Only,-92.46657019,40.74027857
20251494257,20250714,Property Damage Only,-91.76970154,43.29132866
20251494258,20250715,Property Damage Only,-91.76592383,43.29099981
20251494280,20250716,Property Damage Only,-93.95474517,41.98231958
20251494296,20250730,Property Damage Only,-92.72129906,43.09616919
20251494301,20250509,Possible/Unknown Injury Crash,-93.07878248,42.89840541
20251494317,20250731,Property Damage Only,-93.49897653,41.59205154
20251494320,20250730,Property Damage Only,-93.51023408,42.60469027
20251494321,20250717,Property Damage Only,-93.61656507,41.94939101
20251494343,20250729,Property Damage Only,-92.49827181,42.71739686
20251494358,20250719,Property Damage Only,-92.87471516,42.00488327
20251494361,20250729,Property Damage Only,-93.26056267,43.15956127
20251494379,20250727,Property Damage Only,-91.58343978,41.75197073
20251494406,20250729,Property Damage Only,-92.18256264,40.67370987
20251494445,20250731,Property Damage Only,-90.31048596,42.05493594
20251494450,20250731,Property Damage Only,-90.61649232,42.05638986
20251494453,20250624,Property Damage Only,-95.73847921,42.16812832
20251494472,20250801,Property Damage Only,-91.59694564,42.00596834
20251494480,20250801,Property Damage Only,-91.07118922,42.3102919
20251494498,20250801,Property Damage Only,-91.58415974,42.68797833
20251494500,20250730,Property Damage Only,-91.4293255,40.43872712
20251494507,20250730,Property Damage Only,-91.59886449,40.63902243
20251494531,20250731,Property Damage Only,-94.17817287,42.57287777
20251494533,20250727,Property Damage Only,-95.12790595,43.40213632
20251494540,20250730,Property Damage Only,-91.53177133,41.92622996
20251494562,20250731,Property Damage Only,-91.2201762,40.71742779
20251494563,20250731,Property Damage Only,-91.88261999,40.95507446
20251494564,20250317,Property Damage Only,-94.8305572,42.66036145
20251494580,20250731,Property Damage Only,-91.04808921,40.93355151
20251494609,20250801,Property Damage Only,-90.67008487,42.13501244
20251494617,20250730,Property Damage Only,-93.00563769,40.73948413
20251494618,20250731,Property Damage Only,-92.98047733,40.59074793
20251494622,20250801,Property Damage Only,-96.10505303,43.43281463
20251494676,20250731,Property Damage Only,-92.45565541,42.30566303
20251494682,20250802,Property Damage Only,-94.20808739,41.94361861
20251494688,20250802,Property Damage Only,-92.24269591,41.17699609
20251494703,20250802,Property Damage Only,-92.67254694,43.13191559
20251494705,20250803,Property Damage Only,-91.0872907,41.41106362
20251494706,20250803,Property Damage Only,-91.39017688,43.08133893
20251494715,20250705,Property Damage Only,-92.65510816,41.98242125
20251494716,20250705,Property Damage Only,-92.64778017,41.99787245
20251494746,20250803,Property Damage Only,-93.83535171,40.78454858
20251494754,20250803,Property Damage Only,-93.49220722,42.6670161
20251494756,20250803,Property Damage Only,-92.63916916,43.01622752
20251494769,20250803,Property Damage Only,-90.67639912,42.14927949
20251494778,20250728,Property Damage Only,-90.75741457,41.46851155
20251494801,20250804,Property Damage Only,-91.20282471,41.45461125
20251494803,20250804,Property Damage Only,-90.84043339,42.46427674
20251494810,20250802,Property Damage Only,-93.57947665,42.16603809
20251494823,20250804,Property Damage Only,-93.98487477,41.61364045
20251494824,20250804,Property Damage Only,-91.17604574,41.78579906
20251494825,20250803,Property Damage Only,-90.97525526,41.46390753
20251494845,20250801,Property Damage Only,-91.43945347,40.444837
20251494846,20250803,Property Damage Only,-91.43572444,40.76983432
20251494852,20250803,Property Damage Only,-92.06513712,41.5347047
20251494860,20250802,Property Damage Only,-95.77875543,41.28950093
20251494864,20250712,Property Damage Only,-95.73112562,41.34018591
20251494876,20250724,Property Damage Only,-93.54156046,42.57889824
20251494881,20250801,Property Damage Only,-93.55775513,41.19027795
20251494883,20250803,Property Damage Only,-93.64520504,41.33767444
20251494887,20250803,Property Damage Only,-93.91303094,41.51918044
20251494888,20250803,Property Damage Only,-94.11472657,41.51808672
20251494896,20250803,Property Damage Only,-92.85886808,42.46353753
20251494902,20250725,Property Damage Only,-94.58576274,42.93800289
20251494909,20250802,Property Damage Only,-95.01010947,42.69066051
20251494916,20250801,Property Damage Only,-92.79393834,41.28591858
20251494922,20250803,Property Damage Only,-93.8587458,42.03462234
20251494929,20250801,Property Damage Only,-93.69749688,41.43206579
20251494937,20250803,Property Damage Only,-95.91785989,41.52790681
20251494943,20250612,Property Damage Only,-92.38343909,42.61446989
20251494944,20250804,Property Damage Only,-93.8153559,42.00007445
20251494956,20250803,Property Damage Only,-91.14974767,40.74000198
20251494966,20250715,Property Damage Only,-93.63699406,42.62984781
20251494973,20250802,Suspected Minor Injury Crash,-93.0283213,43.03798168
20251494989,20250731,Property Damage Only,-91.98256695,40.98245659
20251495033,20250804,Possible/Unknown Injury Crash,-94.58685564,41.87761083
20251495046,20250804,Property Damage Only,-90.67370198,42.42992619
20251495048,20250804,Property Damage Only,-91.25337519,41.55477256
20251495049,20250804,Property Damage Only,-90.93441131,41.50428788
20251495060,20250805,Property Damage Only,-91.27457056,40.66997949
20251495087,20250805,Property Damage Only,-94.50221683,41.6567888
20251495103,20250805,Property Damage Only,-93.44496933,41.61088225
20251495139,20250804,Property Damage Only,-91.90318614,42.71847613
20251495160,20250805,Property Damage Only,-91.53843531,41.68764805
20251495200,20250803,Property Damage Only,-92.84803529,42.00688656
20251495204,20250805,Property Damage Only,-93.62067325,42.07795596
20251495207,20250731,Property Damage Only,-91.44137853,43.37416351
20251495208,20250806,Property Damage Only,-91.48096769,41.11897146
20251495209,20250806,Property Damage Only,-92.88391135,41.58098789
20251495214,20250803,Property Damage Only,-93.349723,43.39731614
20251495217,20250806,Property Damage Only,-92.80992757,42.99399971
20251495220,20250711,Property Damage Only,-90.72996954,42.1639871
20251495261,20250731,Property Damage Only,-91.88990909,42.40731163
20251495262,20250802,Property Damage Only,-91.92138279,42.31223008
20251495265,20250803,Property Damage Only,-93.45049191,43.13397367
20251495270,20250605,Property Damage Only,-95.15125831,42.85092303
20251495275,20250805,Property Damage Only,-96.05700826,42.97901482
20251495279,20250805,Property Damage Only,-91.92945264,42.4473225
20251495298,20250802,Property Damage Only,-96.00766849,43.24421473
20251495316,20250806,Property Damage Only,-93.54859003,41.60059858
20251495331,20250806,Property Damage Only,-93.69359602,41.43440429
20251495333,20250806,Possible/Unknown Injury Crash,-93.20554106,41.12738034
20251495345,20250807,Property Damage Only,-93.84388872,40.69769859
20251495347,20250807,Property Damage Only,-91.78380983,42.20866161
20251495350,20250805,Property Damage Only,-90.70024669,42.54158693
20251495361,20250730,Property Damage Only,-92.84213673,42.05303751
20251495364,20250807,Property Damage Only,-92.31409706,41.96400282
20251495371,20250805,Property Damage Only,-92.77964478,42.01154917
20251495372,20250806,Property Damage Only,-93.00044727,42.07243814
20251495383,20250806,Property Damage Only,-91.48910458,40.58845264
20251495384,20250805,Property Damage Only,-95.12241981,42.88793103
20251495386,20250806,Property Damage Only,-94.70031263,40.97911701
20251495408,20250802,Property Damage Only,-91.19730195,41.11729504
20251495446,20250804,Property Damage Only,-91.43345809,41.0601548
20251495478,20250807,Property Damage Only,-92.31783187,43.04045461
20251495504,20250806,Property Damage Only,-93.0786964,41.20439289
20251495507,20250807,Property Damage Only,-90.22403194,41.89625993
20251495523,20250802,Property Damage Only,-92.4880261,42.77371671
20251495544,20250807,Property Damage Only,-94.02801625,41.81991808
20251495569,20250808,Property Damage Only,-92.80156277,41.01537683
20251495574,20250807,Property Damage Only,-91.964416,43.45753394
20251495585,20250805,Property Damage Only,-96.51406253,42.62637317
20251495591,20250706,Property Damage Only,-92.77228863,40.73979116
20251495630,20250808,Property Damage Only,-90.92980185,41.60335021
20251495641,20250808,Property Damage Only,-91.76927598,42.01094479
20251495643,20250808,Property Damage Only,-93.47197253,41.59922727
20251495645,20250805,Property Damage Only,-93.40432882,43.21323528
20251495741,20250806,Property Damage Only,-92.44055228,42.60463164
20251495753,20250808,Property Damage Only,-90.44836882,41.59017366
20251495765,20250809,Property Damage Only,-91.82657366,42.28447009
20251495776,20250808,Property Damage Only,-91.98885211,41.58676026
20251495802,20250712,Property Damage Only,-90.67594396,41.6042966
20251495881,20250811,Property Damage Only,-95.75452158,41.03481937
20251495882,20250811,Property Damage Only,-91.09156887,41.44555019
20251495916,20250807,Property Damage Only,-92.9994702,41.82000589
20251495917,20250808,Property Damage Only,-93.30543012,41.81789753
20251495928,20250808,Property Damage Only,-93.5289475,41.47422746
20251495937,20250811,Property Damage Only,-91.39131043,40.4937327
20251495955,20250810,Property Damage Only,-94.95946508,41.34574162
20251495958,20250809,Property Damage Only,-93.79535699,42.3871424
20251495962,20250810,Property Damage Only,-91.42254413,40.63761287
20251495982,20250811,Property Damage Only,-91.16136977,40.86653202
20251495996,20250811,Property Damage Only,-95.60173219,41.6460591
20251496001,20250806,Property Damage Only,-95.2351134,42.88001335
20251496002,20250808,Property Damage Only,-95.18967743,42.87973016
20251496061,20250810,Property Damage Only,-94.3747574,42.65942746
20251496075,20250812,Property Damage Only,-93.80923372,40.81213832
20251496081,20250811,Property Damage Only,-96.47557104,42.5370192
20251496093,20250812,Possible/Unknown Injury Crash,-91.51628744,40.58984103
20251496110,20250812,Property Damage Only,-93.79634948,42.44928542
20251496111,20250804,Property Damage Only,-92.36161324,40.96235212
20251496112,20250811,Property Damage Only,-94.73145317,42.28158913
20251496117,20250806,Suspected Serious Injury Crash,-92.63110326,41.10398458
20251496130,20250812,Property Damage Only,-93.4307247,41.80559789
20251496171,20250811,Property Damage Only,-91.42626998,40.63304247
20251496198,20250810,Property Damage Only,-95.50226059,42.35732787
20251496209,20250812,Property Damage Only,-91.73189612,42.04209628
20251496212,20250813,Property Damage Only,-92.46718197,42.17597313
20251496222,20250812,Property Damage Only,-91.3516247,41.58745924
20251496244,20250811,Property Damage Only,-93.74717442,42.02310897
20251496249,20250803,Property Damage Only,-90.91759628,42.07019427
20251496250,20250812,Property Damage Only,-90.94906327,42.07382318
20251496253,20250812,Property Damage Only,-93.49481923,42.80384313
20251496255,20250813,Property Damage Only,-93.55815058,41.44958016
20251496265,20250809,Possible/Unknown Injury Crash,-95.16024413,43.43050485
20251496283,20250813,Property Damage Only,-92.89657448,42.00340094
20251496338,20250806,Property Damage Only,-92.20444091,42.77307034
20251496341,20250808,Property Damage Only,-92.34374904,42.67393855
20251496355,20250813,Property Damage Only,-93.81518254,41.8244269
20251496372,20250813,Property Damage Only,-90.47123679,41.6754456
20251496393,20250728,Property Damage Only,-93.61678851,42.85197892
20251496396,20250812,Property Damage Only,-91.18266739,41.07181153
20251496401,20250812,Property Damage Only,-94.22727067,42.51541074
20251496408,20250814,Possible/Unknown Injury Crash,-93.77041501,41.5921203
20251496447,20250814,Property Damage Only,-91.98267246,41.80871872
20251496450,20250812,Property Damage Only,-92.99996391,41.76048765
20251496451,20250814,Property Damage Only,-91.39058294,40.40163734
20251496467,20250802,Property Damage Only,-92.07022331,42.84747861
20251496473,20250814,Property Damage Only,-91.95407743,40.98448965
20251496476,20250807,Property Damage Only,-91.17825696,41.34758145
20251496498,20250813,Fatal Crash,-92.05505844,42.38471015
20251496557,20250814,Property Damage Only,-91.6516994,42.28465459
20251496588,20250627,Property Damage Only,-91.25795783,42.03811372
20251496591,20250814,Property Damage Only,-96.56903844,42.6864043
20251496599,20250808,Property Damage Only,-92.97431517,42.00469658
20251496600,20250810,Property Damage Only,-93.20342706,41.88366664
20251496627,20250815,Property Damage Only,-93.02455675,41.32761713
20251496628,20250814,Property Damage Only,-93.47935704,41.59824194
20251496634,20250706,Property Damage Only,-93.5047601,42.60918133
20251496653,20250607,Property Damage Only,-94.64990442,42.44996522
20251496658,20250815,Property Damage Only,-91.72833197,42.15042049
20251496670,20250813,Property Damage Only,-93.2191748,41.93148182
20251496674,20250813,Property Damage Only,-91.59327218,41.6541244
20251496717,20250815,Property Damage Only,-90.81624357,42.44008007
20251496723,20250815,Property Damage Only,-92.40138744,43.1199044
20251496727,20250815,Property Damage Only,-92.71930977,42.00304131
20251496743,20250813,Property Damage Only,-92.94609471,41.19689455
20251496746,20250816,Property Damage Only,-95.03042666,40.59598939
20251496774,20250816,Property Damage Only,-91.03586185,41.46883168
20251496815,20250814,Property Damage Only,-95.50937235,42.74889185
20251496818,20250816,Property Damage Only,-94.03298908,41.53595474
20251496838,20250817,Property Damage Only,-92.56592738,42.97658497
20251496875,20250817,Property Damage Only,-91.16544565,42.74973692
20251496902,20250816,Property Damage Only,-94.18838108,42.73165597
20251496937,20250811,Property Damage Only,-90.53301045,41.59602095
20251496950,20250817,Property Damage Only,-91.50220055,42.78959567
20251496968,20250815,Property Damage Only,-90.81962034,42.4401714
20251496979,20250817,Property Damage Only,-91.60062228,41.99579099
20251496999,20250815,Property Damage Only,-95.78107869,41.17601735
20251497023,20250815,Property Damage Only,-95.12721703,43.40432813
20251497048,20250817,Property Damage Only,-94.81894758,42.44965802
20251497059,20250815,Property Damage Only,-92.09800393,41.00932492
20251497153,20250818,Property Damage Only,-91.15052143,40.84660447
20251497158,20250818,Property Damage Only,-91.82429255,42.19769995
20251497171,20250818,Property Damage Only,-93.64132596,42.00265576
20251497199,20250818,Property Damage Only,-92.48721288,41.05406983
20251497230,20250818,Property Damage Only,-91.05623156,41.01509928
20251497285,20250818,Property Damage Only,-90.56586697,41.70423838
20251497311,20250819,Property Damage Only,-91.19481168,43.01828965
20251497318,20250818,Property Damage Only,-91.25358066,40.67958176
20251497319,20250819,Property Damage Only,-93.69870488,42.11160582
20251497328,20250820,Property Damage Only,-91.14141793,42.00672707
20251497329,20250818,Property Damage Only,-93.08493494,41.62735763
20251497349,20250818,Property Damage Only,-93.49270746,42.65618922
20251497356,20250820,Property Damage Only,-92.44351802,42.71508166
20251497384,20250717,Property Damage Only,-92.41319934,40.74725345
20251497398,20250820,Property Damage Only,-93.57746819,41.66856951
20251497413,20250722,Property Damage Only,-91.61208447,43.42149258
20251497453,20250713,Property Damage Only,-92.29866649,42.38661239
20251497455,20250802,Property Damage Only,-92.40603569,42.57045237
20251497460,20250820,Property Damage Only,-93.62783968,41.67011582
20251497470,20250820,Property Damage Only,-90.82587733,42.44029931
20251497485,20250711,Property Damage Only,-91.36492792,40.67507819
20251497495,20250625,Possible/Unknown Injury Crash,-91.4485153,40.47429987
20251497496,20250625,Property Damage Only,-91.26249543,40.67392408
20251497497,20250727,Suspected Serious Injury Crash,-91.2487843,40.71046985
20251497502,20250821,Property Damage Only,-93.40048818,42.80346445
20251497504,20250712,Property Damage Only,-91.56434005,40.6558403
20251497505,20250726,Property Damage Only,-91.38878263,40.69710535
20251497506,20250815,Property Damage Only,-91.42994859,40.53498245
20251497525,20250818,Property Damage Only,-91.28355458,41.18326825
20251497537,20250807,Property Damage Only,-95.61734678,40.68717448
20251497568,20250818,Property Damage Only,-95.52800679,42.47479402
20251497614,20250822,Property Damage Only,-90.74855965,41.65514257
20251497616,20250822,Property Damage Only,-93.57476796,41.50789351
20251497634,20250821,Property Damage Only,-91.88926119,43.45763893
20251497640,20250821,Property Damage Only,-96.4988239,42.68032536
20251497643,20250822,Property Damage Only,-91.29035824,40.69152763
20251497659,20250809,Suspected Minor Injury Crash,-93.23844484,41.85892047
20251497665,20250821,Property Damage Only,-93.5765777,42.44862033
20251497667,20250822,Property Damage Only,-92.7123894,43.05960502
20251497671,20250820,Property Damage Only,-93.15940165,41.69558006
20251497705,20250820,Property Damage Only,-92.62350685,41.29101813
20251497778,20250822,Property Damage Only,-94.01556135,41.68837514
20251497787,20250823,Property Damage Only,-92.54481652,42.90898227
20251497797,20250822,Property Damage Only,-91.44396556,40.46136549
20251497798,20250823,Property Damage Only,-92.67926046,41.87698605
20251497802,20250820,Property Damage Only,-90.73832157,41.45455554
20251497806,20250819,Property Damage Only,-93.62205155,42.06187189
20251497811,20250822,Property Damage Only,-91.31947013,43.00478129
20251497892,20250821,Property Damage Only,-90.6987206,42.53506353
20251497893,20250822,Property Damage Only,-91.07875652,42.4665218
20251497897,20250823,Property Damage Only,-91.4176931,40.61418798
20251497904,20250824,Possible/Unknown Injury Crash,-90.66954256,42.46571872
20251497910,20250823,Property Damage Only,-95.97025175,42.63361209
20251497924,20250819,Property Damage Only,-93.83529727,41.57875087
20251497928,20250823,Property Damage Only,-93.21050042,43.2350433
20251497977,20250823,Property Damage Only,-91.28302518,42.93886507
20251497988,20250823,Property Damage Only,-93.57643648,41.72121215
20251497991,20250824,Property Damage Only,-94.20062515,42.55363384
20251498014,20250825,Property Damage Only,-90.61231125,42.10633875
20251498021,20250819,Property Damage Only,-91.50810678,40.46437338
20251498023,20250824,Property Damage Only,-91.43113674,40.55642062
20251498026,20250822,Property Damage Only,-92.63973944,41.05563847
20251498027,20250822,Property Damage Only,-92.49613735,41.01045575
20251498030,20250824,Property Damage Only,-92.09191597,41.03958017
20251498032,20250821,Property Damage Only,-93.00841286,41.69963543
20251498035,20250824,Property Damage Only,-93.15492594,41.56305355
20251498075,20250825,Property Damage Only,-90.67591022,42.15602384
20251498078,20250824,Property Damage Only,-91.01838828,41.43902543
20251498119,20250816,Property Damage Only,-91.91132727,42.44842159
20251498120,20250816,Property Damage Only,-91.89011802,42.44783092
20251498123,20250824,Property Damage Only,-95.11228273,42.46985007
20251498168,20250716,Property Damage Only,-90.38355419,42.20599148
20251498205,20250825,Property Damage Only,-91.70872508,42.1230297
20251498216,20250824,Property Damage Only,-93.46148866,43.49961454
20251498225,20250825,Suspected Serious Injury Crash,-93.25130176,41.73607393
20251498236,20250826,Property Damage Only,-91.42633088,40.41192186
20251498242,20250826,Property Damage Only,-91.33932463,41.40143188
20251498252,20250824,Property Damage Only,-93.45445305,42.67228727
20251498259,20250825,Property Damage Only,-91.24271792,40.8293729
20251498303,20250808,Property Damage Only,-91.56453597,41.84940431
20251498307,20250824,Property Damage Only,-92.55176907,40.66002232
20251498340,20250826,Property Damage Only,-90.68243143,42.08509164
20251498349,20250827,Property Damage Only,-90.74081678,42.49717008
20251498350,20250826,Property Damage Only,-91.5707407,42.01896539
20251498364,20250827,Property Damage Only,-94.13075703,41.33020799
20251498365,20250827,Property Damage Only,-91.53591989,41.68730079
20251498366,20250827,Property Damage Only,-91.21936128,42.84074692
20251498382,20250827,Property Damage Only,-90.74033842,42.49355853
20251498391,20250823,Property Damage Only,-92.49595897,42.69381924
20251498398,20250827,Property Damage Only,-93.77935957,41.28645543
20251498408,20250826,Property Damage Only,-93.61673566,42.8589673
20251498415,20250827,Property Damage Only,-94.99145806,42.39997908
20251498423,20250827,Property Damage Only,-93.40830071,43.28077433
20251498427,20250820,Property Damage Only,-91.98754428,42.15258672
20251498437,20250827,Property Damage Only,-94.05861026,41.30553801
20251498456,20250827,Property Damage Only,-91.52144251,42.86977528
20251498465,20250820,Property Damage Only,-91.64245158,41.73238196
20251498486,20250827,Property Damage Only,-95.61153989,42.79366488
20251498515,20250827,Property Damage Only,-92.29828379,43.20533231
20251498519,20250827,Property Damage Only,-91.75922551,42.0160603
20251498522,20250816,Property Damage Only,-94.23563295,42.51537491
20251498541,20250827,Property Damage Only,-91.85706517,42.45126149
20251498558,20250827,Property Damage Only,-93.99067079,41.83505342
20251498599,20250827,Property Damage Only,-91.88927793,42.34937947
20251498647,20250827,Property Damage Only,-94.61386748,42.73263651
20251498651,20250827,Property Damage Only,-91.47019659,42.5615356
20251498657,20250822,Property Damage Only,-91.17601169,40.82631948
20251498665,20250828,Property Damage Only,-93.30657509,42.80330412
20251498682,20250828,Property Damage Only,-91.54426159,41.08350585
20251498683,20250828,Property Damage Only,-90.74521582,42.05841597
20251498690,20250828,Property Damage Only,-93.50892873,41.56678752
20251498708,20250828,Property Damage Only,-91.34127958,40.6582378
20251498710,20250827,Property Damage Only,-92.5814748,42.0355407
20251498721,20250824,Property Damage Only,-92.42509563,42.64955631
20251498722,20250827,Property Damage Only,-92.46562103,42.77925174
20251498741,20250829,Property Damage Only,-91.30736941,42.47099153
20251498742,20250829,Property Damage Only,-91.30898784,42.47097039
20251498761,20250829,Property Damage Only,-91.86763637,41.87544484
20251498784,20250820,Property Damage Only,-92.62799764,43.38563008
20251498807,20250828,Property Damage Only,-91.18722798,41.15354487
20251498833,20250805,Property Damage Only,-93.5696824,42.43650581
20251498856,20250828,Property Damage Only,-90.48854451,42.32114146
20251498935,20250829,Property Damage Only,-91.03919734,41.56664816
20251498940,20250830,Property Damage Only,-91.36388101,42.78074158
20251499011,20250829,Property Damage Only,-94.63595609,41.51842748
20251499016,20250831,Property Damage Only,-94.20412343,41.11397432
20251499024,20250831,Property Damage Only,-91.80121515,42.18573504
20251499028,20250831,Property Damage Only,-92.53387717,42.405777
20251499031,20250831,Property Damage Only,-93.8141138,41.62943311
20251499034,20250829,Property Damage Only,-91.51661203,40.65904744
20251499037,20250830,Property Damage Only,-91.43149574,40.63306854
20251499041,20250827,Property Damage Only,-94.66001176,43.11203904
20251499050,20250901,Property Damage Only,-92.7168941,43.04140813
20251499051,20250828,Property Damage Only,-91.83976464,41.7592678
20251499053,20250901,Property Damage Only,-91.98632888,41.77608326
20251499117,20250901,Property Damage Only,-91.46823701,41.95648094
20251499124,20250831,Property Damage Only,-93.07469774,41.70270992
20251499131,20250831,Property Damage Only,-93.20225936,42.77821265
20251499135,20250826,Property Damage Only,-93.1321112,41.31316759
20251499137,20250829,Property Damage Only,-92.97373997,41.37333078
20251499193,20250823,Property Damage Only,-96.45755689,42.51838541
20251499200,20250825,Property Damage Only,-96.35596444,42.49036142
20251499253,20250830,Property Damage Only,-91.76983721,43.42020117
20251499254,20250831,Property Damage Only,-91.80835975,43.36950042
20251499255,20250831,Property Damage Only,-93.3354134,41.37107947
20251499268,20250901,Property Damage Only,-91.46195938,40.52354894
20251499272,20250830,Property Damage Only,-92.65375664,41.26879181
20251499296,20250829,Property Damage Only,-92.65124212,41.42025732
20251499330,20250831,Property Damage Only,-91.41013716,42.06080329
20251499331,20250901,Property Damage Only,-95.59034124,41.47510788
20251499352,20250829,Property Damage Only,-91.6959842,41.29651588
20251499360,20250829,Property Damage Only,-90.5590607,41.63507021
20251499361,20250830,Property Damage Only,-94.12199926,41.84922902
20251499374,20250828,Suspected Minor Injury Crash,-91.35100914,41.27886755
20251499385,20250827,Property Damage Only,-91.21267716,42.67890178
20251499390,20250828,Property Damage Only,-96.00059508,43.20952834
20251499410,20250829,Property Damage Only,-94.95513886,42.35648612
20251499468,20250902,Property Damage Only,-91.5997549,42.00176065
20251499472,20250815,Property Damage Only,-92.99018602,41.34913875
20251499482,20250903,Property Damage Only,-91.07093701,41.57408438
20251499491,20250829,Property Damage Only,-93.05017264,41.98737766
20251499492,20250830,Property Damage Only,-93.00027829,42.13007079
20251499511,20250902,Property Damage Only,-93.5416016,41.95046262
20251499533,20250831,Property Damage Only,-95.82903539,40.67244111
20251499592,20250815,Property Damage Only,-92.4675107,42.53819873
20251499606,20250831,Property Damage Only,-93.28997409,42.33923565
20251499615,20250830,Property Damage Only,-93.35331795,43.49949571
20251499626,20250903,Property Damage Only,-90.53708247,41.74769175
20251499627,20250903,Property Damage Only,-91.96440098,41.1782799
20251499629,20250903,Property Damage Only,-90.58673261,41.89045615
20251499631,20250903,Property Damage Only,-91.73788942,42.14391547
20251499637,20250903,Property Damage Only,-93.45259137,43.13356017
20251499643,20250903,Property Damage Only,-92.54686509,41.58405374
20251499660,20250903,Property Damage Only,-91.11761333,42.01956006
20251499662,20250903,Property Damage Only,-91.19561438,42.00878088
20251499677,20250904,Property Damage Only,-95.41181209,42.0369942
20251499715,20250611,Property Damage Only,-93.82289339,41.64389008
20251499741,20250904,Property Damage Only,-92.3797539,40.67268543
20251499753,20250904,Property Damage Only,-90.8404761,41.80049539
20251499756,20250904,Property Damage Only,-91.58717456,41.64958218
20251499791,20250904,Property Damage Only,-93.03909768,41.66310502
20251499817,20250831,Property Damage Only,-93.46340087,41.88804576
20251499827,20250905,Property Damage Only,-90.68301998,41.76138334
20251499830,20250908,Property Damage Only,-91.36591899,41.66612173
20251499851,20250905,Property Damage Only,-93.81354966,41.74865442
20251499861,20250823,Property Damage Only,-93.57154504,42.22495216
20251499885,20250905,Property Damage Only,-93.43921519,41.44706021
20251499895,20250902,Property Damage Only,-94.6197143,42.79672483
20251499897,20250905,Property Damage Only,-92.99339641,43.14273955
20251499904,20250905,Property Damage Only,-93.64011753,42.4236789
20251499905,20250904,Property Damage Only,-92.67500257,40.80791528
20251499907,20250902,Property Damage Only,-94.85529193,42.53025068
20251499923,20250905,Property Damage Only,-91.73576805,42.04729964
20251499932,20250905,Property Damage Only,-90.1836757,41.89984239
20251499937,20250905,Property Damage Only,-93.46466177,41.62390086
20251499945,20250903,Property Damage Only,-92.03799134,41.81423016
20251499946,20250906,Property Damage Only,-91.27443573,41.56316078
20251499951,20250906,Property Damage Only,-92.27488384,42.50540535
20251499956,20250824,Property Damage Only,-92.14613335,42.45002412
20251499958,20250901,Property Damage Only,-92.33712289,42.60262099
20251499997,20250904,Property Damage Only,-92.45184613,42.46479931
20251500017,20250907,Property Damage Only,-93.57098977,41.88520144
20251500019,20250905,Property Damage Only,-90.85578121,41.51909624
20251500025,20250904,Property Damage Only,-91.15269001,43.30942696
20251500050,20250906,Property Damage Only,-91.47721072,41.89273568
20251500054,20250906,Property Damage Only,-91.2427388,41.73415951
20251500082,20250905,Property Damage Only,-95.8576405,41.57205466
20251500098,20250907,Property Damage Only,-93.66836129,41.70286228
20251500111,20250906,Property Damage Only,-91.16708524,40.73614404
20251500120,20250906,Property Damage Only,-92.86738097,40.65750091
20251500124,20250908,Property Damage Only,-92.54969081,42.95123585
20251500129,20250907,Property Damage Only,-95.16143486,42.95519557
20251500132,20250902,Property Damage Only,-93.99026731,42.03815621
20251500139,20250906,Property Damage Only,-93.46332551,41.93931261
20251500142,20250908,Property Damage Only,-90.84761319,41.51822306
20251500156,20250905,Property Damage Only,-93.30218755,41.60151029
20251500158,20250903,Property Damage Only,-93.06700626,43.11920837
20251500160,20250906,Property Damage Only,-91.2970132,42.09657351
20251500165,20250907,Property Damage Only,-90.65476926,41.49476214
20251500180,20250904,Property Damage Only,-92.64856194,42.46374308
20251500191,20250908,Property Damage Only,-93.9769198,42.3685556
20251500197,20250905,Possible/Unknown Injury Crash,-92.54528248,41.22697854
20251500207,20250904,Property Damage Only,-93.87851854,42.05099059
20251500218,20250907,Property Damage Only,-91.98221404,42.67971682
20251500220,20250906,Property Damage Only,-93.19079529,42.07761142
20251500230,20250904,Property Damage Only,-93.65399508,41.65503615
20251500259,20250907,Property Damage Only,-95.88921705,43.12187982
20251500264,20250731,Property Damage Only,-91.24596173,43.39492375
20251500270,20250908,Property Damage Only,-93.80701607,41.57335937
20251500283,20250905,Property Damage Only,-91.1828608,41.09287408
20251500284,20250906,Property Damage Only,-91.10912873,41.32797457
20251500286,20250908,Property Damage Only,-91.43119795,40.55430448
20251500295,20250908,Property Damage Only,-92.12092254,43.2209997
20251500297,20250908,Property Damage Only,-91.09984974,41.32491242
20251500299,20250908,Property Damage Only,-92.51522605,42.93622756
20251500304,20250908,Property Damage Only,-94.70461534,43.34178973
20251500308,20250908,Property Damage Only,-92.35210199,41.7464294
20251500318,20250908,Property Damage Only,-94.20031091,43.38482523
20251500319,20250908,Property Damage Only,-93.79580864,42.18687892
20251500324,20250908,Property Damage Only,-93.541245,41.80970584
20251500335,20250905,Property Damage Only,-93.78002787,41.48056319
20251500337,20250903,Property Damage Only,-93.25729033,41.23342601
20251500349,20250903,Property Damage Only,-96.04300506,41.69861594
20251500355,20250905,Property Damage Only,-92.45378859,42.49879675
20251500376,20250909,Property Damage Only,-92.46581133,42.2122172
20251500377,20250906,Property Damage Only,-92.38351344,41.06453358
20251500385,20250908,Property Damage Only,-94.05014978,42.36104565
20251500388,20250905,Property Damage Only,-92.34875676,43.29867587
20251500389,20250907,Property Damage Only,-92.45458926,43.37122975
20251500390,20250909,Property Damage Only,-91.17377646,42.60357126
20251500401,20250817,Property Damage Only,-92.27689358,41.00281201
20251500429,20250823,Property Damage Only,-94.18866216,42.73166206
20251500446,20250909,Property Damage Only,-95.30196524,42.18239745
20251500456,20250909,Property Damage Only,-95.76518528,41.32412427
20251500464,20250828,Suspected Minor Injury Crash,-93.63780515,42.0345947
20251500471,20250909,Property Damage Only,-93.2605562,43.15803947
20251500473,20250909,Property Damage Only,-90.62291672,41.94303152
20251500475,20250909,Property Damage Only,-91.53344255,42.19583582
20251500479,20250826,Property Damage Only,-94.03121998,41.34498748
20251500497,20250906,Property Damage Only,-91.95803214,42.71495383
20251500499,20250909,Property Damage Only,-95.1204959,43.42264126
20251500501,20250909,Property Damage Only,-92.8454078,41.65943185
20251500506,20250907,Property Damage Only,-96.37606958,42.44706179
20251500525,20250909,Property Damage Only,-92.18009597,42.49957906
20251500531,20250910,Property Damage Only,-95.68351474,43.06012608
20251500560,20250906,Property Damage Only,-92.33628362,42.76069043
20251500561,20250908,Property Damage Only,-92.33760366,42.67226417
20251500562,20250908,Property Damage Only,-92.33731526,42.76824294
20251500570,20250905,Property Damage Only,-91.72120997,42.57042102
20251500622,20250908,Property Damage Only,-92.04312746,42.18044287
20251500625,20250903,Property Damage Only,-93.46512766,43.13128569
20251500627,20250902,Property Damage Only,-91.5992806,42.01292276
20251500662,20250910,Property Damage Only,-90.41468715,41.57112009
20251500670,20250910,Property Damage Only,-91.09798346,41.38697613
20251500671,20250910,Property Damage Only,-94.67869528,43.34178602
20251500674,20250820,Property Damage Only,-93.79577526,42.05272897
20251500689,20250911,Property Damage Only,-91.22127501,41.11741556
20251500690,20250911,Property Damage Only,-94.22374663,40.69119781
20251500699,20250910,Property Damage Only,-91.30934762,42.07062015
20251500705,20250910,Property Damage Only,-91.68182273,42.04463022
20251500723,20250909,Property Damage Only,-91.90476581,42.58475053
20251500742,20250911,Property Damage Only,-93.41785776,41.72243864
20251500808,20250911,Property Damage Only,-93.73390431,41.6514102
20251500832,20250911,Property Damage Only,-91.30557567,42.9911502
20251500870,20250910,Property Damage Only,-91.79320339,41.96344654
20251500876,20250911,Property Damage Only,-91.35528261,42.10703321
20251500877,20250911,Property Damage Only,-93.65808042,42.00677602
20251500878,20250912,Property Damage Only,-91.84063699,43.25139618
20251500880,20250907,Property Damage Only,-91.83344026,41.95530629
20251500893,20250911,Property Damage Only,-92.3570932,42.67109642
20251500921,20250829,Property Damage Only,-95.23020262,42.9244845
20251500922,20250912,Property Damage Only,-94.14673245,41.23940689
20251500938,20250902,Property Damage Only,-91.20137454,43.10825075
20251500970,20250910,Property Damage Only,-93.26794069,43.1336913
20251500998,20250912,Property Damage Only,-93.32007169,43.14050911
20251501027,20250912,Property Damage Only,-93.9970642,41.34453184
20251501028,20250913,Property Damage Only,-91.80268092,42.1651712
20251501073,20250913,Property Damage Only,-93.20170684,42.99172853
20251501082,20250908,Property Damage Only,-93.30037081,42.3607695
20251501092,20250914,Property Damage Only,-93.68153107,41.59662673
20251501097,20250913,Possible/Unknown Injury Crash,-93.44512958,41.663844
20251501098,20250913,Property Damage Only,-91.36381041,42.90257
20251501100,20250913,Property Damage Only,-90.38427297,42.09956309
20251501109,20250913,Property Damage Only,-91.74444567,42.28350117
20251501110,20250913,Property Damage Only,-91.5254128,41.92582423
20251501112,20250913,Property Damage Only,-95.14743717,43.17190158
20251501113,20250912,Property Damage Only,-92.2286383,43.29882033
20251501141,20250911,Property Damage Only,-92.03582358,41.68728656
20251501164,20250912,Property Damage Only,-93.58301943,42.16688475
20251501171,20250909,Property Damage Only,-91.34467756,42.35502119
20251501192,20250914,Property Damage Only,-93.34933714,43.4204227
20251501194,20250914,Property Damage Only,-90.53545075,42.24482127
20251501195,20250801,Suspected Minor Injury Crash,-94.285664,42.73812457
20251501202,20250907,Property Damage Only,-90.65492715,41.49470232
20251501212,20250912,Property Damage Only,-91.56294814,41.65953162
20251501229,20250913,Property Damage Only,-91.12370094,42.60231161
20251501274,20250914,Property Damage Only,-91.85724055,43.28444791
20251501275,20250906,Property Damage Only,-93.31779828,43.14791744
20251501281,20250915,Property Damage Only,-93.65395893,41.68469679
20251501292,20250807,Property Damage Only,-95.34586545,42.68529103
20251501306,20250901,Property Damage Only,-91.87264217,42.23185036
20251501325,20250913,Property Damage Only,-96.17731133,43.18776207
20251501326,20250915,Property Damage Only,-96.04296066,42.94036513
20251501330,20250910,Property Damage Only,-95.478282,42.74870479
20251501362,20250911,Property Damage Only,-90.56937494,41.83549559
20251501363,20250915,Property Damage Only,-90.38709579,41.98952475
20251501364,20250915,Property Damage Only,-92.34352501,42.67435153
20251501365,20250915,Property Damage Only,-92.33740126,42.80144629
20251501367,20250914,Property Damage Only,-92.28116643,42.71514138
20251501385,20250911,Property Damage Only,-93.4837931,41.63146907
20251501396,20250915,Property Damage Only,-92.42509532,41.88763175
20251501435,20250915,Property Damage Only,-91.40677953,42.87499054
20251501436,20250914,Property Damage Only,-91.15904466,42.73771139
20251501437,20250914,Property Damage Only,-91.4872707,42.87089567
20251501453,20250915,Property Damage Only,-93.24068448,43.16256741
20251501471,20250915,Property Damage Only,-91.37273111,40.69136716
20251501477,20250912,Property Damage Only,-91.32203279,40.64035763
20251501479,20250909,Property Damage Only,-92.97571784,41.80878966
20251501487,20250915,Property Damage Only,-95.34544647,40.59692852
20251501488,20250916,Property Damage Only,-91.52738126,43.19976167
20251501492,20250915,Property Damage Only,-94.50134121,42.44945024
20251501493,20250915,Property Damage Only,-92.64232346,42.54250704
20251501502,20250915,Property Damage Only,-95.96984825,41.72257748
20251501542,20250915,Property Damage Only,-94.12879714,42.48202124
20251501573,20250915,Property Damage Only,-93.4952358,41.02884276
20251501598,20250915,Property Damage Only,-91.5781128,42.3117201
20251501621,20250808,Property Damage Only,-92.46583438,42.41182036
20251501625,20250916,Property Damage Only,-91.55873309,42.09387357
20251501632,20250916,Property Damage Only,-90.84542658,42.44103782
20251501633,20250912,Property Damage Only,-92.70731977,42.89104331
20251501641,20250907,Property Damage Only,-93.05701537,41.48169871
20251501646,20250914,Property Damage Only,-93.3628103,41.68038225
20251501649,20250917,Property Damage Only,-91.34971026,41.39709579
20251501650,20250917,Property Damage Only,-91.17429786,41.52061486
20251501651,20250917,Possible/Unknown Injury Crash,-95.36516202,42.03094999
20251501675,20250916,Property Damage Only,-91.25038823,40.68673088
20251501676,20250912,Property Damage Only,-92.91706467,41.9675079
20251501685,20250915,Property Damage Only,-93.03854585,41.644127
20251501688,20250916,Property Damage Only,-91.4660994,41.24936537
20251501691,20250917,Property Damage Only,-90.18513928,41.99672428
20251501702,20250827,Property Damage Only,-91.34021958,41.31590352
20251501703,20250831,Property Damage Only,-91.14063887,41.24595542
20251501706,20250908,Property Damage Only,-92.07484558,42.44933579
20251501734,20250913,Property Damage Only,-94.72367831,41.49668207
20251501749,20250904,Property Damage Only,-91.81060867,43.34157413
20251501780,20250909,Property Damage Only,-92.42425688,42.55257892
20251501796,20250917,Property Damage Only,-92.09376071,41.49023063
20251501887,20250814,Property Damage Only,-91.26173213,43.05996428
20251501898,20250917,Property Damage Only,-95.38404498,41.64608182
20251501950,20250918,Property Damage Only,-91.56664234,41.73335258
20251501953,20250918,Property Damage Only,-91.58617714,41.64851611
20251501981,20250918,Property Damage Only,-91.54928665,42.17137865
20251502054,20250919,Property Damage Only,-96.54033416,42.85145894
20251502071,20250919,Property Damage Only,-94.16120343,41.21489619
20251502072,20250919,Property Damage Only,-91.3972854,41.91760431
20251502091,20250918,Property Damage Only,-91.1698661,40.95733883
20251502098,20250918,Property Damage Only,-95.34231668,42.38610406
20251502123,20250919,Property Damage Only,-93.53172057,42.58679731
20251502127,20250919,Property Damage Only,-95.1854146,43.38253889
20251502131,20250919,Property Damage Only,-94.57863258,43.47406101
20251502156,20250814,Property Damage Only,-92.58402041,42.46962402
20251502159,20250911,Property Damage Only,-92.77578417,42.51345986
20251502162,20250920,Property Damage Only,-90.94990038,41.8453171
20251502167,20250914,Property Damage Only,-93.46315265,41.8202611
20251502172,20250920,Property Damage Only,-90.34392625,41.75253635
20251502184,20250909,Property Damage Only,-91.73738783,43.27666832
20251502190,20250919,Property Damage Only,-91.09183227,41.44514024
20251502196,20250918,Property Damage Only,-91.88697768,41.51444629
20251502204,20250910,Property Damage Only,-92.47949177,42.50029426
20251502205,20250920,Suspected Minor Injury Crash,-93.91444749,40.59826466
20251502220,20250919,Property Damage Only,-92.66759354,40.64827004
20251502223,20250920,Property Damage Only,-94.29864397,41.83442479
20251502226,20250919,Property Damage Only,-91.16947132,40.99010231
20251502231,20250920,Property Damage Only,-94.25087319,41.92055397
20251502233,20250920,Possible/Unknown Injury Crash,-93.55515098,41.6730029
20251502234,20250920,Property Damage Only,-93.65408939,41.66316905
20251502238,20250920,Property Damage Only,-94.35696793,41.65447953
20251502249,20250917,Property Damage Only,-93.07137218,43.20554408
20251502284,20250919,Property Damage Only,-93.0493293,43.11872209
20251502296,20250919,Property Damage Only,-94.10781892,42.36865327
20251502309,20250920,Property Damage Only,-92.73493597,42.00576244
20251502319,20250921,Property Damage Only,-91.82568844,42.28446102
20251502325,20250918,Property Damage Only,-93.11910023,41.30629086
20251502326,20250918,Property Damage Only,-92.97190643,41.3547205
20251502330,20250922,Property Damage Only,-93.54842399,41.51856079
20251502366,20250922,Property Damage Only,-91.54505949,40.52447223
20251502368,20250921,Property Damage Only,-91.40454628,40.62916804
20251502375,20250919,Property Damage Only,-93.60331585,42.06423255
20251502376,20250919,Property Damage Only,-93.5708215,42.20785283
20251502379,20250919,Property Damage Only,-93.83551512,42.4563464
20251502382,20250920,Property Damage Only,-91.19646399,42.20654887
20251502392,20250909,Property Damage Only,-93.65540651,42.03450455
20251502397,20250919,Property Damage Only,-93.89885993,41.68828437
20251502398,20250919,Property Damage Only,-94.01272951,41.50519506
20251502412,20250920,Property Damage Only,-91.18952475,42.3961369
20251502413,20250922,Property Damage Only,-91.59053853,42.46425172
20251502415,20250921,Suspected Minor Injury Crash,-93.99690227,41.61372592
20251502417,20250902,Property Damage Only,-91.84993815,43.33248572
20251502425,20250921,Property Damage Only,-96.0957122,42.64635174
20251502438,20250911,Property Damage Only,-93.33015604,42.44828913
20251502440,20250915,Property Damage Only,-93.22155385,42.52146223
20251502441,20250919,Property Damage Only,-93.05160119,42.45365223
20251502447,20250921,Property Damage Only,-96.17222925,43.01609792
20251502466,20250921,Property Damage Only,-92.53442153,42.78925995
20251502499,20250827,Property Damage Only,-91.79386739,42.0005242
20251502500,20250828,Property Damage Only,-91.55027094,42.01407938
20251502542,20250923,Property Damage Only,-91.03818606,41.57985274
20251502543,20250923,Property Damage Only,-91.18085514,41.34828008
20251502560,20250919,Property Damage Only,-90.79138098,42.46600718
20251502582,20250923,Property Damage Only,-92.60175638,42.99658047
20251502623,20250922,Property Damage Only,-92.63828443,42.31128387
20251502644,20250917,Property Damage Only,-94.55718814,40.79866598
20251502656,20250922,Property Damage Only,-94.54379751,40.67592061
20251502691,20250924,Property Damage Only,-91.33514097,42.48474465
20251502695,20250923,Property Damage Only,-91.76627631,43.350361
20251502710,20250922,Property Damage Only,-92.77837631,42.36875704
20251502715,20250923,Property Damage Only,-91.13341853,40.8177832
20251502721,20250922,Property Damage Only,-91.21936854,41.08835499
20251502732,20250918,Property Damage Only,-91.97037227,41.96314585
20251502734,20250919,Property Damage Only,-92.08902549,41.88226914
20251502737,20250921,Property Damage Only,-91.94111901,42.1363886
20251502775,20250923,Property Damage Only,-93.61232657,41.7608195
20251502786,20250916,Property Damage Only,-91.88270492,41.00216025
20251502791,20250924,Property Damage Only,-91.95762895,40.72657967
20251502793,20250921,Property Damage Only,-91.82600372,42.28446425
20251502804,20250924,Property Damage Only,-92.73186418,42.57028221
20251502826,20250818,Property Damage Only,-94.45247271,41.43026195
20251502830,20250924,Property Damage Only,-94.24336579,43.00928581
20251502834,20250924,Property Damage Only,-90.55026468,42.35514887
20251502841,20250922,Property Damage Only,-93.11994884,41.3065422
20251502856,20250921,Property Damage Only,-92.29801228,41.91435979
20251502858,20250925,Property Damage Only,-91.44181951,40.51336974
20251502867,20250924,Property Damage Only,-93.62994369,41.46905284
20251502873,20250924,Property Damage Only,-91.04758437,42.05396381
20251502880,20250924,Property Damage Only,-93.86014249,41.61504676
20251502884,20250922,Property Damage Only,-90.57163326,41.62539371
20251502886,20250906,Property Damage Only,-93.34930558,43.43856667
20251502887,20250924,Property Damage Only,-91.37100389,42.94847173
20251502913,20250920,Property Damage Only,-91.579097,41.92565463
20251502917,20250924,Property Damage Only,-92.82088394,40.88099542
20251502919,20250924,Property Damage Only,-91.13255797,41.75337933
20251502923,20250925,Property Damage Only,-90.70798152,42.43627243
20251502936,20250923,Property Damage Only,-90.92731983,41.87020118
20251502950,20250925,Property Damage Only,-93.12958665,42.55675283
20251502956,20250925,Property Damage Only,-91.90640653,41.79467886
20251502967,20250924,Property Damage Only,-93.05093788,43.20549197
20251503043,20250922,Property Damage Only,-94.35684372,41.25737127
20251503057,20250926,Property Damage Only,-91.70165391,42.09014008
20251503059,20250925,Property Damage Only,-91.58302776,42.01607361
20251503074,20250926,Property Damage Only,-91.14364709,40.78602446
20251503075,20250924,Property Damage Only,-92.79640144,42.09291853
20251503085,20250926,Property Damage Only,-92.6583172,42.17659353
20251503113,20250926,Property Damage Only,-96.48342526,42.56984443
20251503115,20250922,Property Damage Only,-92.96073668,42.03327981
20251503121,20250926,Property Damage Only,-91.52420248,40.58994245
20251503141,20250924,Property Damage Only,-92.81031647,43.19425218
20251503198,20250925,Property Damage Only,-95.75079836,41.19957667
20251503199,20250926,Property Damage Only,-95.7844249,41.37160077
20251503221,20250926,Property Damage Only,-95.60999851,42.79364602
20251503246,20250927,Property Damage Only,-92.46581325,42.21055105
20251503248,20250927,Property Damage Only,-95.74481711,40.80310586
20251503249,20250927,Property Damage Only,-91.3821005,42.87718378
20251503250,20250920,Property Damage Only,-91.42425075,40.59469355
20251503294,20250926,Fatal Crash,-90.41021414,41.57291067
20251503298,20250926,Property Damage Only,-94.37616801,41.58037615
20251503308,20250927,Property Damage Only,-90.69797256,42.4725432
20251503317,20250927,Property Damage Only,-91.70626602,42.10832181
20251503329,20250927,Property Damage Only,-91.54340182,41.93187206
20251503355,20250926,Suspected Minor Injury Crash,-92.48795867,42.49627977
20251503362,20250927,Property Damage Only,-93.69806992,41.87240316
20251503446,20250928,Property Damage Only,-93.64151283,42.03567283
20251503469,20250928,Property Damage Only,-90.43241248,41.69326295
20251503470,20250928,Property Damage Only,-90.40415452,41.57747518
20251503481,20250923,Property Damage Only,-96.11653498,42.35287266
20251503482,20250925,Property Damage Only,-91.90328247,43.25529167
20251503483,20250927,Property Damage Only,-91.74446701,43.35367137
20251503495,20250929,Property Damage Only,-93.62059158,41.66965979
20251503496,20250926,Property Damage Only,-93.46329753,41.94378006
20251503498,20250927,Property Damage Only,-91.14511777,42.2660419
20251503499,20250928,Property Damage Only,-91.29882036,42.09501524
20251503500,20250926,Property Damage Only,-93.50196458,42.18184031
20251503502,20250820,Possible/Unknown Injury Crash,-93.64182092,42.00264399
20251503509,20250925,Property Damage Only,-93.6218982,42.00401458
20251503531,20250925,Property Damage Only,-90.91080477,42.50126988
20251503532,20250926,Property Damage Only,-90.90458857,42.58600415
20251503534,20250929,Property Damage Only,-90.76845405,42.46565294
20251503541,20250929,Property Damage Only,-92.2989287,42.20551861
20251503549,20250927,Property Damage Only,-92.5570145,41.00854382
20251503562,20250927,Property Damage Only,-92.05705334,41.0448311
20251503567,20250928,Property Damage Only,-95.11214995,43.43059331
20251503570,20250929,Property Damage Only,-91.07955205,41.54846937
20251503614,20250926,Property Damage Only,-95.89696589,43.0685952
20251503615,20250927,Property Damage Only,-96.13602685,43.09906063
20251503617,20250927,Property Damage Only,-96.10135886,43.07023897
20251503628,20250924,Property Damage Only,-91.90305793,42.58971428
20251503689,20250929,Property Damage Only,-90.55201299,41.69498278
20251503693,20250930,Possible/Unknown Injury Crash,-90.79758937,41.97591239
20251503695,20250929,Property Damage Only,-93.73152747,41.34807536
20251503706,20250927,Property Damage Only,-93.24191482,43.19379347
20251503711,20250930,Property Damage Only,-94.28475178,41.31604452
20251503712,20250928,Property Damage Only,-96.56944891,42.68675166
20251503730,20250918,Property Damage Only,-91.14247188,41.72657453
20251503731,20250929,Property Damage Only,-93.14003511,41.82001061
20251503756,20250928,Property Damage Only,-95.19631873,41.49730731
20251503778,20250930,Property Damage Only,-92.63348314,42.95085041
20251503793,20250909,Property Damage Only,-92.04864256,41.78926185
20251503810,20250923,Property Damage Only,-93.15623635,42.10416987
20251503827,20250918,Property Damage Only,-91.93614747,43.37073362
20251503850,20250930,Property Damage Only,-95.09311638,43.15625948
20251503852,20250930,Property Damage Only,-92.5680408,42.97776363
20251503855,20250927,Property Damage Only,-91.60638597,42.01549501
20251503859,20250919,Property Damage Only,-92.94791063,40.73947252
20251503862,20250929,Property Damage Only,-93.00146817,40.71786347
20251503866,20250930,Property Damage Only,-91.50066966,42.17017707
20251503875,20251001,Property Damage Only,-95.71224623,43.46109208
20251503877,20251001,Property Damage Only,-93.22576005,43.14835217
20251503880,20251001,Property Damage Only,-92.95447927,42.67190989
20251503885,20251001,Property Damage Only,-92.67252812,43.09625613
20251503897,20251001,Property Damage Only,-93.20264129,42.94381954
20251503899,20250929,Property Damage Only,-95.49753746,42.04289567
20251503905,20250929,Property Damage Only,-94.35566018,41.64365964
20251503912,20250909,Property Damage Only,-91.35558666,41.31577285
20251503974,20250904,Property Damage Only,-93.90983749,42.60071881
20251503995,20251001,Property Damage Only,-92.73220359,42.95661708
20251504002,20251002,Property Damage Only,-92.53527824,41.58543064
20251504005,20250930,Property Damage Only,-91.28470404,41.58254408
20251504011,20251001,Property Damage Only,-93.29844603,41.00470275
20251504017,20251002,Property Damage Only,-93.77976066,41.35319925
20251504020,20251001,Property Damage Only,-93.46327816,41.94943636
20251504044,20251002,Suspected Minor Injury Crash,-93.95166247,42.01685822
20251504049,20250223,Property Damage Only,-91.98016192,41.77496587
20251504055,20250930,Property Damage Only,-91.32351018,42.07077393
20251504060,20250927,Property Damage Only,-91.29058101,41.72879293
20251504082,20251002,Property Damage Only,-91.89204208,42.53935685
20251504089,20250928,Property Damage Only,-93.45334816,42.00554253
20251504109,20250906,Property Damage Only,-90.59104318,42.1827751
20251504111,20251001,Property Damage Only,-93.34922319,43.26065545
20251504138,20251002,Property Damage Only,-93.12238442,43.11332736
20251504170,20251002,Property Damage Only,-93.41840721,43.21779508
20251504188,20251002,Property Damage Only,-90.43499071,41.57568196
20251504192,20251003,Property Damage Only,-91.55013105,42.1333384
20251504195,20251002,Suspected Minor Injury Crash,-90.39356449,42.00523372
20251504200,20250926,Property Damage Only,-93.1926957,41.32557584
20251504213,20250909,Property Damage Only,-90.45680979,42.24223895
20251504216,20251003,Property Damage Only,-91.76964355,42.16457845
20251504218,20251002,Property Damage Only,-96.3908763,42.87311399
20251504219,20251002,Suspected Minor Injury Crash,-96.08359323,42.90439431
20251504238,20251002,Property Damage Only,-92.45557882,42.63316191
20251504265,20251003,Property Damage Only,-94.19188708,42.73166456
20251504300,20251003,Property Damage Only,-91.75513463,43.42152776
20251504308,20250925,Property Damage Only,-92.51327537,42.71503911
20251504310,20250923,Property Damage Only,-92.49524843,42.84766479
20251504325,20250917,Property Damage Only,-91.13180349,43.23730483
20251504337,20250902,Property Damage Only,-93.24030777,41.85770967
20251504379,20251003,Property Damage Only,-95.82771399,43.16386407
20251504390,20251003,Property Damage Only,-92.87265967,40.69955965
20251504437,20251004,Property Damage Only,-91.53626648,41.92637743
20251504464,20251001,Suspected Serious Injury Crash,-95.84746532,41.79954319
20251504478,20251004,Property Damage Only,-91.61207762,41.00793867
20251504484,20251004,Property Damage Only,-94.21345126,42.48065182
20251504489,20251004,Property Damage Only,-91.39268878,42.85275822
20251504501,20251004,Property Damage Only,-91.56468265,40.79527415
20251504502,20251005,Property Damage Only,-91.29639624,40.6491435
20251504506,20251005,Property Damage Only,-93.90112653,41.96531625
20251504508,20251005,Property Damage Only,-94.378443,42.07073391
20251504540,20251004,Property Damage Only,-91.50060368,41.68533223
20251504551,20251005,Property Damage Only,-91.48174819,42.04952468
20251504552,20251003,Property Damage Only,-93.22379297,41.50134757
20251504554,20251004,Property Damage Only,-95.36742506,42.48648321
20251504563,20251001,Property Damage Only,-93.28375818,41.21167286
20251504564,20251001,Property Damage Only,-92.92235368,41.17371255
20251504593,20251005,Property Damage Only,-93.13814627,43.14806827
20251504601,20251005,Property Damage Only,-94.21141455,42.61580281
20251504602,20251003,Property Damage Only,-93.23219369,41.6692272
20251504610,20251005,Property Damage Only,-93.77900294,41.60186227
20251504613,20251004,Property Damage Only,-91.42324041,42.05729155
20251504614,20251003,Property Damage Only,-95.23025417,42.64542188
20251504617,20251006,Property Damage Only,-91.11700211,41.4407274
20251504630,20251005,Possible/Unknown Injury Crash,-95.17028686,40.84310272
20251504631,20251005,Suspected Minor Injury Crash,-95.38468808,40.84020995
20251504660,20251004,Property Damage Only,-91.14244818,42.20869458
20251504666,20251006,Property Damage Only,-91.22307041,42.33237931
20251504672,20250919,Suspected Serious Injury Crash,-91.73710693,41.51147491
20251504678,20251005,Property Damage Only,-94.18459027,41.51778456
20251504682,20250923,Property Damage Only,-93.19337993,41.68504359
20251504707,20251004,Property Damage Only,-93.76844882,42.44892652
20251504709,20251004,Property Damage Only,-93.75500084,42.44905191
20251504713,20251004,Property Damage Only,-95.15049539,43.18962779
20251504728,20251005,Property Damage Only,-95.94074351,43.02663465
20251504739,20251001,Property Damage Only,-91.06911609,42.46358606
20251504740,20250926,Property Damage Only,-91.20076035,41.31861732
20251504742,20251001,Property Damage Only,-93.26527598,42.36077502
20251504756,20251004,Property Damage Only,-91.00763284,41.88017005
20251504762,20251005,Suspected Minor Injury Crash,-95.80553689,40.80892196
20251504774,20250914,Property Damage Only,-95.73989989,40.89177938
20251504775,20250928,Property Damage Only,-95.66045118,40.58860329
20251504803,20251006,Property Damage Only,-90.45266664,42.21418508
20251504804,20251006,Property Damage Only,-93.2306845,43.16279512
20251504823,20251006,Property Damage Only,-92.97604636,42.76010768
20251504833,20251006,Property Damage Only,-92.28298538,43.05988142
20251504851,20251006,Property Damage Only,-91.50276345,42.73984921
20251504856,20251006,Property Damage Only,-95.51144107,41.92496774
20251504876,20251006,Property Damage Only,-90.73321649,41.99620099
20251504882,20251007,Property Damage Only,-93.38452865,40.83704586
20251504885,20251007,Property Damage Only,-91.6558091,41.82174173
20251504888,20251004,Property Damage Only,-90.69456436,42.4092934
20251504903,20251002,Property Damage Only,-93.18077493,41.89901615
20251504904,20251004,Property Damage Only,-93.20065905,41.88498651
20251504905,20251004,Property Damage Only,-92.8947487,42.07807301
20251504907,20251007,Property Damage Only,-93.46595653,42.65856156
20251504915,20251001,Property Damage Only,-93.17263238,42.24514138
20251504923,20251007,Property Damage Only,-91.14903127,42.49723462
20251504924,20251006,Property Damage Only,-91.70445508,41.50295119
20251504926,20251006,Property Damage Only,-92.04739816,41.01469194
20251504937,20250918,Property Damage Only,-94.88591288,43.17639607
20251504938,20250925,Property Damage Only,-94.7143097,43.12648308
20251504939,20251002,Property Damage Only,-94.53030533,43.02308865
20251504940,20251004,Property Damage Only,-94.858253,43.03906944
20251504941,20251006,Property Damage Only,-94.75754642,43.17455069
20251504942,20251006,Property Damage Only,-94.63958431,43.16723483
20251504943,20251007,Property Damage Only,-94.75770809,43.18918957
20251504949,20251003,Property Damage Only,-92.16738306,41.9060113
20251504954,20251003,Property Damage Only,-92.69801989,43.07487646
20251504967,20251006,Property Damage Only,-93.8806767,41.58312299
20251504972,20251002,Property Damage Only,-91.94245992,42.96472411
20251504973,20251002,Property Damage Only,-91.8401213,42.96429107
20251504975,20251005,Property Damage Only,-91.65027609,43.0058836
20251504983,20250918,Property Damage Only,-96.50703001,43.30586342
20251504985,20251002,Property Damage Only,-93.26579762,41.76074765
20251505003,20250928,Property Damage Only,-92.08734292,41.96317166
20251505010,20251002,Property Damage Only,-91.52730603,42.2696695
20251505024,20250929,Property Damage Only,-91.54797623,41.68549028
20251505027,20251003,Property Damage Only,-91.66556705,41.84179626
20251505030,20251004,Property Damage Only,-91.98582848,42.31891529
20251505071,20251004,Property Damage Only,0,0
20251505075,20251007,Property Damage Only,-90.34114912,41.75309349
20251505099,20251007,Property Damage Only,-91.08034655,42.73456389
20251505101,20251007,Property Damage Only,-90.56881706,41.8419591
20251505147,20251007,Property Damage Only,-91.77421768,42.0039006
20251505148,20251006,Property Damage Only,-92.76871302,42.45031444
20251505149,20251008,Property Damage Only,-92.75581875,42.78832508
20251505151,20251008,Property Damage Only,-92.55429676,41.97251804
20251505155,20251003,Property Damage Only,-93.21145412,43.40729915
20251505156,20250930,Property Damage Only,-91.34339582,41.91898283
20251505158,20251007,Suspected Minor Injury Crash,-91.90105876,43.19051801
20251505175,20251008,Property Damage Only,-92.47215086,41.06108219
20251505182,20251008,Property Damage Only,-95.65783878,42.61968042
20251505184,20251004,Property Damage Only,-92.27455746,41.74273246
20251505185,20251005,Property Damage Only,-92.06536882,41.58103971
20251505192,20251008,Property Damage Only,-90.92984162,41.50594399
20251505199,20251002,Suspected Minor Injury Crash,-92.43323808,42.77378286
20251505200,20251005,Property Damage Only,-92.33747445,42.7211724
20251505204,20251004,Property Damage Only,-90.30195129,41.85922258
20251505205,20251005,Property Damage Only,-90.50628183,41.8076467
20251505229,20251008,Property Damage Only,-96.13741658,42.85111996
20251505231,20251007,Property Damage Only,-95.77655905,43.34572071
20251505253,20251008,Property Damage Only,-93.14316388,43.14803508
20251505269,20251008,Property Damage Only,-93.48213974,43.26989748
20251505272,20251003,Property Damage Only,-91.20764443,40.72691744
20251505273,20251007,Property Damage Only,-91.36423396,40.79768662
20251505274,20251007,Property Damage Only,-91.146382,40.7413622
20251505277,20251008,Property Damage Only,-91.73575781,42.04842533
20251505278,20251008,Property Damage Only,-91.23915713,41.37102942
20251505282,20251008,Property Damage Only,-91.59151989,41.71906928
20251505287,20251008,Property Damage Only,-93.20264256,42.94046962
20251505295,20251009,Property Damage Only,-91.77540027,41.98945787
20251505299,20251008,Property Damage Only,-90.47293783,41.53388695
20251505304,20251009,Property Damage Only,-90.74740603,42.48650252
20251505305,20251009,Property Damage Only,-94.41649823,42.01158529
20251505306,20251008,Property Damage Only,-92.60448283,42.99803074
20251505310,20251008,Property Damage Only,-93.68607798,41.51377767
20251505311,20251008,Property Damage Only,-93.5775734,42.07783872
20251505315,20251009,Property Damage Only,-91.4307477,40.55942414
20251505319,20251009,Property Damage Only,-93.63588145,42.07792674
20251505323,20251009,Property Damage Only,-93.9160729,42.05916305
20251505338,20251008,Property Damage Only,-92.63853364,41.00196402
20251505342,20251008,Property Damage Only,-93.3737859,42.78439123
20251505349,20251008,Property Damage Only,-91.36021324,41.76872565
20251505356,20250912,Property Damage Only,-92.57654126,42.55587256
20251505357,20250923,Property Damage Only,-92.68066302,42.34597527
20251505359,20251008,Property Damage Only,-93.08684162,42.30120317
20251505362,20251004,Property Damage Only,-96.34479828,42.96746513
20251505368,20251009,Property Damage Only,-92.22993667,42.45068083
20251505369,20251008,Property Damage Only,-93.96091151,41.83506307
20251505372,20251008,Property Damage Only,-96.13498608,42.80381484
20251505376,20251008,Property Damage Only,-91.13143625,41.01599211
20251505383,20251008,Property Damage Only,-91.17630792,41.06160462
20251505384,20251008,Property Damage Only,-90.62679766,42.41657292
20251505385,20251009,Property Damage Only,-90.69519172,42.53897287
20251505408,20251008,Property Damage Only,-91.33176457,41.17597822
20251505516,20251009,Property Damage Only,-92.71661516,43.07532924
20251505518,20251009,Property Damage Only,-91.19225664,43.0447142
20251505527,20251007,Property Damage Only,-92.4536568,41.09551488
20251505529,20251008,Property Damage Only,-91.44075593,40.854569
20251505530,20251009,Property Damage Only,-94.75963439,40.62325137
20251505540,20251009,Property Damage Only,-93.39014427,41.01968874
20251505541,20251009,Property Damage Only,-93.36639723,41.1342235
20251505543,20251010,Property Damage Only,-91.7237984,42.12968285
20251505554,20251009,Property Damage Only,-91.11066953,40.84477844
20251505561,20251010,Property Damage Only,-91.65160696,40.97280871
20251505564,20251010,Property Damage Only,-91.03825257,41.53881026
20251505566,20251010,Property Damage Only,-92.30778604,42.00742188
20251505569,20251009,Property Damage Only,-91.47701957,40.58934788
20251505570,20251009,Property Damage Only,-91.48634151,40.54904965
20251505575,20251006,Possible/Unknown Injury Crash,-91.42656527,40.5392965
20251505577,20251010,Property Damage Only,-91.21361671,42.19622639
20251505578,20251009,Property Damage Only,-93.2401789,41.82003402
20251505580,20251008,Property Damage Only,-92.12042997,43.29888582
20251505582,20251010,Property Damage Only,-92.85115801,41.22592453
20251505583,20251009,Property Damage Only,-91.70443473,41.61503508
20251505584,20251010,Property Damage Only,-91.44060507,41.74626574
20251505596,20251009,Property Damage Only,-92.59055689,41.01120815
20251505599,20251010,Property Damage Only,-91.71465637,40.98632029
20251505605,20251010,Property Damage Only,-95.9421805,43.02537312
20251505607,20251010,Property Damage Only,-92.53572161,42.83123925
20251505608,20251010,Property Damage Only,-90.24674661,41.87368954
20251505611,20251009,Property Damage Only,-91.61440529,41.72315743
20251505614,20251008,Property Damage Only,-94.27934728,41.68831713
20251505620,20251009,Suspected Serious Injury Crash,-92.69820152,41.65962599
20251505623,20251010,Property Damage Only,-90.87592676,41.63288116
20251505627,20251010,Property Damage Only,-92.00739791,41.64793603
20251505630,20251007,Property Damage Only,-94.57131878,42.1145014
20251505653,20251009,Property Damage Only,-95.84591741,41.49404711
20251505681,20251010,Suspected Minor Injury Crash,-96.38121843,43.1278704
20251505720,20251009,Property Damage Only,-93.33127735,43.14796025
20251505721,20251008,Property Damage Only,-90.46136088,41.90135934
20251505722,20251012,Property Damage Only,-91.56344264,41.71236286
20251505738,20251010,Property Damage Only,-91.51658309,40.97115012
20251505739,20251010,Property Damage Only,-93.49920127,40.76568272
20251505745,20251010,Property Damage Only,-93.31781865,41.00756061
20251505751,20251010,Property Damage Only,-92.98603047,43.14244173
20251505753,20251010,Property Damage Only,-92.59268275,42.99029902
20251505754,20251010,Property Damage Only,-91.03343474,41.46395352
20251505755,20251010,Property Damage Only,-92.85111247,40.80766434
20251505759,20251010,Property Damage Only,-94.35111029,41.30175546
20251505775,20251011,Property Damage Only,-91.52921582,42.25324011
20251505783,20251010,Property Damage Only,-91.22319126,41.52423607
20251505784,20251010,Property Damage Only,-91.1060358,41.41733643
20251505813,20251009,Property Damage Only,-93.77979591,41.26492408
20251505814,20251009,Property Damage Only,-93.78050261,41.25710059
20251505815,20251010,Property Damage Only,-93.77983631,41.40958589
20251505833,20251011,Property Damage Only,-92.9688848,42.83315785
20251505846,20251011,Property Damage Only,-92.63354492,43.0684207
20251505850,20251011,Property Damage Only,-92.81003996,42.98937128
20251505851,20251011,Property Damage Only,-93.69217862,41.11973721
20251505853,20251011,Property Damage Only,-92.89039477,43.12231821
20251505855,20251011,Property Damage Only,-92.2583024,42.96497331
20251505856,20251011,Property Damage Only,-90.83059013,42.13268547
20251505857,20251011,Property Damage Only,-90.67624289,42.13469611
20251505861,20251010,Property Damage Only,-91.5382654,41.68453853
20251505868,20251012,Property Damage Only,-93.79765488,40.97761093
20251505875,20251012,Property Damage Only,-94.83419986,40.8569102
20251505888,20251012,Property Damage Only,-90.72793836,42.52749714
20251505911,20251011,Property Damage Only,-90.60049408,41.51740111
20251505923,20251012,Property Damage Only,-94.30094592,42.51614693
20251505933,20251012,Property Damage Only,-92.64708903,42.74472542
20251505934,20251012,Property Damage Only,-91.52918992,40.9878591
20251505936,20251012,Property Damage Only,-92.3878273,42.9657033
20251505940,20251012,Property Damage Only,-93.32168962,40.79809624
20251505944,20251010,Property Damage Only,-91.5500432,43.24070676
20251505952,20251011,Property Damage Only,-91.81128513,42.19118951
20251505956,20251006,Property Damage Only,-93.10969044,41.35827473
20251505957,20251012,Property Damage Only,-95.16107277,43.10572317
20251505967,20251010,Property Damage Only,-91.23505058,41.7352125
20251505978,20251013,Property Damage Only,-90.89048943,41.51863958
20251505989,20251010,Property Damage Only,-93.55554053,42.00919146
20251505990,20251010,Property Damage Only,-93.6098691,41.9190201
20251506008,20251010,Property Damage Only,-91.80193093,43.29160778
20251506009,20251011,Property Damage Only,-93.12253256,43.09516427
20251506011,20251010,Property Damage Only,-91.55612436,42.02012437
20251506020,20251004,Suspected Minor Injury Crash,-92.92607145,41.70272843
20251506026,20251012,Property Damage Only,-96.37536727,42.45344872
20251506028,20251006,Property Damage Only,-91.87241995,42.18440369
20251506030,20251007,Property Damage Only,-91.98106809,42.27548188
20251506032,20251009,Property Damage Only,-92.2981357,42.02184585
20251506035,20251012,Property Damage Only,-91.44432578,40.48306289
20251506036,20251010,Property Damage Only,-95.50467528,41.66793989
20251506037,20251010,Property Damage Only,-92.02397295,41.96337091
20251506044,20251012,Property Damage Only,-91.59530895,41.75924081
20251506053,20251012,Property Damage Only,-91.45514326,40.52220582
20251506062,20251010,Property Damage Only,-91.5393359,40.99136607
20251506063,20251013,Property Damage Only,-90.67263302,42.04588915
20251506068,20251012,Property Damage Only,-93.84212574,41.57527832
20251506075,20251011,Property Damage Only,-91.52685556,40.9479875
20251506077,20251011,Suspected Serious Injury Crash,-92.81360283,41.35030335
20251506078,20251010,Property Damage Only,-94.86914252,41.5621227
20251506087,20251012,Property Damage Only,-93.87879744,41.56573544
20251506089,20251010,Property Damage Only,-94.01756149,41.62539824
20251506090,20251010,Possible/Unknown Injury Crash,-93.8807303,41.55881211
20251506097,20251011,Property Damage Only,-93.26111624,42.4002131
20251506113,20251011,Property Damage Only,-91.71178948,42.06130803
20251506115,20251010,Property Damage Only,-91.8312815,42.20294091
20251506120,20251009,Property Damage Only,-93.06956343,42.07840642
20251506121,20251009,Property Damage Only,-92.82551738,41.9347108
20251506122,20251009,Suspected Minor Injury Crash,-92.91681542,41.97356023
20251506137,20251009,Property Damage Only,-94.92301681,43.12648751
20251506146,20251012,Property Damage Only,-95.78225233,40.68789112
20251506149,20251003,Property Damage Only,-94.89132026,42.25317171
20251506153,20251012,Property Damage Only,-91.24656552,40.83232299
20251506154,20251012,Property Damage Only,-92.27862912,41.83659216
20251506175,20251010,Property Damage Only,-93.6378294,42.03460357
20251506182,20251013,Property Damage Only,-95.53091968,42.74875959
20251506183,20251013,Property Damage Only,-92.49569085,43.03365928
20251506220,20251009,Property Damage Only,-90.2843978,41.78152068
20251506234,20251011,Property Damage Only,-93.12502848,41.30791498
20251506235,20251012,Property Damage Only,-93.20308462,41.21157315
20251506236,20251012,Property Damage Only,-92.94087493,41.19267628
20251506238,20251009,Property Damage Only,-93.05399201,41.3167888
20251506242,20251014,Property Damage Only,-90.81458311,41.9681409
20251506263,20251014,Property Damage Only,-92.39994518,41.6960606
20251506265,20251009,Property Damage Only,-90.71013566,42.55788631
20251506267,20251009,Property Damage Only,-90.75085873,42.40164101
20251506268,20251010,Property Damage Only,-90.95264585,42.55975844
20251506282,20251014,Property Damage Only,-93.63637517,41.5033897
20251506286,20251014,Property Damage Only,-94.16463218,42.42710563
20251506287,20251010,Property Damage Only,-92.91970667,41.51458905
20251506289,20251013,Property Damage Only,-92.77982064,41.20476779
20251506291,20251010,Property Damage Only,-92.49375775,41.01060747
20251506292,20251012,Property Damage Only,-92.6278346,41.01629805
20251506296,20251014,Property Damage Only,-93.95600194,41.96465623
20251506314,20251006,Property Damage Only,-93.0728501,41.32083189
20251506315,20251011,Property Damage Only,-93.10953161,41.3134345
20251506316,20251014,Property Damage Only,-91.74044855,43.23820763
20251506317,20251014,Property Damage Only,-91.86986268,41.83593637
20251506321,20251012,Property Damage Only,-95.01242502,42.85093606
20251506334,20251013,Property Damage Only,-91.16132614,40.86167613
20251506335,20251014,Property Damage Only,-91.14970992,40.84550151
20251506337,20251013,Property Damage Only,-92.8311687,40.95325801
20251506347,20251014,Property Damage Only,-91.55017518,41.98266397
20251506360,20251014,Property Damage Only,-91.73553958,43.39138237
20251506376,20251014,Property Damage Only,-90.76204375,41.90803976
20251506395,20251014,Property Damage Only,-91.50945533,41.92486161
20251506397,20251014,Property Damage Only,-92.72707418,41.64292675
20251506404,20251014,Property Damage Only,-91.15764594,42.82035545
20251506425,20251014,Property Damage Only,-91.54210366,41.92637966
20251506427,20251003,Suspected Minor Injury Crash,-92.96767402,41.37977871
20251506430,20251014,Property Damage Only,-91.17766788,41.34727489
20251506432,20251015,Property Damage Only,-91.62604213,40.97453361
20251506433,20251014,Suspected Minor Injury Crash,-94.2073193,42.51986437
20251506436,20251014,Property Damage Only,-93.69936411,41.75553095
20251506449,20251014,Property Damage Only,-91.86792671,43.23192245
20251506456,20251012,Property Damage Only,-93.80394876,40.85264988
20251506458,20251013,Property Damage Only,-93.76857528,41.52295682
20251506475,20251013,Property Damage Only,-93.78060842,41.40212245
20251506476,20251014,Property Damage Only,-94.09699842,41.0272713
20251506479,20251014,Property Damage Only,-93.23287197,42.44813179
20251506485,20251015,Property Damage Only,-91.33032927,42.47031976
20251506489,20251013,Property Damage Only,-94.23335843,41.04746653
20251506491,20250919,Property Damage Only,-95.73466113,41.74075798
20251506518,20251013,Property Damage Only,-91.39479488,41.21252565
20251506520,20251014,Property Damage Only,-91.17819086,41.12785727
20251506522,20251015,Property Damage Only,-91.13915866,41.22409795
20251506551,20251015,Property Damage Only,-90.20313255,41.87385965
20251506573,20251013,Property Damage Only,-93.20174642,43.00007618
20251506588,20251011,Property Damage Only,-92.53129312,42.46392693
20251506602,20251015,Property Damage Only,-92.58093928,42.98189089
20251506614,20251015,Property Damage Only,-93.64499114,41.56864483
20251506615,20251014,Property Damage Only,-93.50319354,41.60512972
20251506616,20250912,Suspected Serious Injury Crash,-94.22377519,40.75351737
20251506620,20251015,Property Damage Only,-93.35217533,41.60063844
20251506628,20251015,Property Damage Only,-91.32991143,40.68908
20251506630,20251015,Property Damage Only,-90.56596917,41.62152724
20251506640,20251016,Property Damage Only,-94.22355276,40.83693617
20251506647,20251015,Property Damage Only,-92.58263004,41.01035998
20251506648,20251016,Property Damage Only,-92.39571275,41.08794706
20251506649,20251015,Property Damage Only,-93.26174212,42.652519
20251506651,20251016,Property Damage Only,-93.34861276,43.3479479
20251506654,20251008,Property Damage Only,-91.95988625,42.2973566
20251506655,20251010,Property Damage Only,-91.85089983,41.87599011
20251506656,20251015,Property Damage Only,-92.47459316,41.48218825
20251506670,20251013,Property Damage Only,-91.31260946,41.67126868
20251506673,20251016,Property Damage Only,-96.32349784,42.46867108
20251506674,20251016,Property Damage Only,-90.60258247,42.02011288
20251506677,20251013,Property Damage Only,-93.18408442,41.97249708
20251506683,20251014,Property Damage Only,-95.94130821,43.18614619
20251506689,20251013,Suspected Minor Injury Crash,-94.01129546,41.43377958
20251506691,20251010,Property Damage Only,-91.81382957,42.85331302
20251506694,20251015,Property Damage Only,-91.88843648,42.67926838
20251506696,20251015,Property Damage Only,-91.81450927,42.92075043
20251506709,20251005,Property Damage Only,-91.901506,42.59549902
20251506710,20251010,Property Damage Only,-92.04680408,42.44929514
20251506711,20251015,Property Damage Only,-91.77433255,42.34402948
20251506712,20251015,Property Damage Only,-91.84205429,42.45480319
20251506713,20251015,Property Damage Only,-91.69579871,42.44903548
20251506728,20251015,Property Damage Only,-91.88709318,42.67930937
20251506735,20251013,Property Damage Only,-91.65894413,41.82729947
20251506785,20251016,Property Damage Only,-92.11419626,43.44359311
20251506806,20251016,Property Damage Only,-91.34935005,41.40565641
20251506809,20251017,Property Damage Only,-93.62190933,42.07206803
20251506812,20251016,Property Damage Only,-91.43801224,40.44393469
20251506824,20251016,Property Damage Only,-92.00646264,41.7672793
20251506825,20251015,Property Damage Only,-92.02435367,41.55395661
20251506827,20251016,Property Damage Only,-90.68213326,42.55324368
20251506828,20251017,Property Damage Only,-90.7149301,42.45949185
20251506829,20250922,Property Damage Only,-95.22985027,42.60440248
20251506837,20251016,Property Damage Only,-92.57713632,41.9463499
20251506838,20251017,Property Damage Only,-92.70891243,42.19618681
20251506839,20251017,Property Damage Only,-92.70870822,42.19581703
20251506851,20251010,Property Damage Only,-91.78391942,41.11133554
20251506883,20251016,Property Damage Only,-94.68598641,41.2586416
20251506884,20251008,Property Damage Only,-91.44901546,40.68481449
20251506930,20251017,Property Damage Only,-91.55174343,41.84084954
20251506931,20251017,Property Damage Only,-91.55705237,40.89409652
20251506951,20251017,Property Damage Only,-91.57358939,41.63993911
20251506961,20251017,Property Damage Only,-90.72840012,42.00059068
20251506966,20251017,Property Damage Only,-91.32391889,42.77390495
20251506975,20251017,Property Damage Only,-91.79302852,42.18002934
20251506977,20251017,Property Damage Only,-91.45309439,42.51462127
20251506985,20251017,Property Damage Only,-91.2587701,41.37896597
20251506989,20251014,Property Damage Only,-93.16184924,41.32350653
20251506990,20251015,Property Damage Only,-92.95418879,41.20210464
20251506997,20251017,Suspected Minor Injury Crash,-94.41235611,42.0115913
20251507010,20251018,Property Damage Only,-92.57498588,42.97903233
20251507011,20251018,Property Damage Only,-93.5141285,42.633527
20251507044,20251017,Property Damage Only,-96.07019872,41.81838652
20251507045,20251017,Property Damage Only,-90.43844356,42.05518147
20251507048,20251016,Property Damage Only,-92.4291357,42.56121283
20251507060,20251016,Property Damage Only,-96.51776812,42.63262532
20251507065,20251018,Property Damage Only,-95.17559542,43.1839665
20251507075,20251019,Property Damage Only,-92.67253159,43.11635511
20251507076,20251018,Possible/Unknown Injury Crash,-90.67958985,42.26683128
20251507079,20251018,Property Damage Only,-91.77730767,41.97558121
20251507080,20251018,Property Damage Only,-91.47005176,42.01727095
20251507094,20251018,Property Damage Only,-92.065635,41.74123242
20251507095,20251018,Property Damage Only,-92.0064546,41.76935982
20251507102,20251019,Property Damage Only,-91.39814027,41.17611005
20251507149,20251017,Property Damage Only,-94.14554898,42.44923611
20251507163,20251019,Property Damage Only,-91.17668306,41.41464108
20251507173,20251017,Property Damage Only,-93.35609859,43.13372105
20251507178,20251019,Property Damage Only,-91.65519446,41.82061771
20251507179,20251019,Property Damage Only,-93.32083941,42.91292262
20251507187,20251019,Property Damage Only,-90.88139336,42.44096107
20251507194,20251019,Property Damage Only,-94.17822092,42.59096049
20251507196,20251019,Property Damage Only,-93.48455488,41.59851739
20251507219,20251019,Property Damage Only,-90.68826352,42.53499703
20251507220,20251020,Property Damage Only,-90.68271117,42.29612632
20251507223,20251017,Property Damage Only,-93.56563663,42.00785421
20251507224,20251018,Property Damage Only,-93.67865778,41.8918931
20251507225,20251019,Property Damage Only,-93.581467,42.07527923
20251507226,20251020,Property Damage Only,-93.57123088,41.89332436
20251507228,20251010,Property Damage Only,-91.49271339,43.28448376
20251507237,20251016,Property Damage Only,-91.52057468,42.46946669
20251507238,20251019,Property Damage Only,-91.23179051,42.47062463
20251507248,20251019,Property Damage Only,-92.37047343,41.01036941
20251507250,20251020,Property Damage Only,-94.16150466,41.4095544
20251507251,20251020,Property Damage Only,-93.56208815,41.47855599
20251507257,20251019,Property Damage Only,-91.20673073,41.65875794
20251507265,20251019,Property Damage Only,-93.67747734,41.75719328
20251507267,20251018,Property Damage Only,-93.79582226,42.26321561
20251507279,20251020,Property Damage Only,-92.29864633,42.37095983
20251507330,20251018,Property Damage Only,-91.71277074,42.11859906
20251507331,20251020,Property Damage Only,-91.49160803,41.86127683
20251507333,20250930,Property Damage Only,-96.50872687,43.39028263
20251507336,20251010,Property Damage Only,-96.45547843,43.50041585
20251507340,20251013,Property Damage Only,-91.19693808,41.24746359
20251507341,20251016,Property Damage Only,-91.28685853,41.2773451
20251507342,20251019,Property Damage Only,-91.26317215,41.09230253
20251507347,20251017,Property Damage Only,-91.6518867,42.84898109
20251507350,20251019,Property Damage Only,-91.38032118,40.63497438
20251507352,20251019,Property Damage Only,-91.33552398,40.67040608
20251507358,20251018,Property Damage Only,-92.26953122,43.37092684
20251507359,20251019,Property Damage Only,-92.29883774,43.27836354
20251507378,20250906,Property Damage Only,-92.79673899,42.46306594
20251507389,20251021,Property Damage Only,-90.61750196,41.55027719
20251507396,20251020,Property Damage Only,-91.08892861,42.74428888
20251507399,20251017,Property Damage Only,-91.33939031,42.45564623
20251507409,20251020,Property Damage Only,-91.15546346,40.75173175
20251507410,20251020,Property Damage Only,-91.28715704,40.84629167
20251507420,20251019,Possible/Unknown Injury Crash,-92.83039207,40.82942735
20251507421,20251020,Property Damage Only,-92.97412847,40.81218069
20251507423,20251021,Property Damage Only,-91.5502321,42.12307264
20251507424,20251021,Property Damage Only,-94.04165713,41.22049853
20251507429,20251020,Property Damage Only,-91.57540201,41.70532434
20251507431,20251017,Property Damage Only,-93.57672007,41.72200335
20251507435,20251020,Property Damage Only,-90.56862445,41.72959512
20251507436,20251020,Property Damage Only,-90.56881573,41.73567833
20251507441,20251020,Property Damage Only,-91.02252071,42.3057163
20251507442,20251021,Property Damage Only,-91.077321,42.73245995
20251507443,20251021,Property Damage Only,-91.07732072,42.73246895
20251507444,20251020,Property Damage Only,-95.07503736,41.31811737
20251507453,20251020,Property Damage Only,-96.40831297,42.53680864
20251507459,20251019,Property Damage Only,-92.3961753,43.06613572
20251507460,20251020,Property Damage Only,-93.32169216,40.79616841
20251507461,20251021,Property Damage Only,-93.78090646,41.39404069
20251507469,20251016,Property Damage Only,-91.33355572,40.62922821
20251507474,20251016,Property Damage Only,-93.61845252,42.00108804
20251507475,20251018,Property Damage Only,-93.5713395,42.01223019
20251507479,20251020,Property Damage Only,-92.39806068,40.93742417
20251507485,20251020,Property Damage Only,-94.06941587,41.6011578
20251507496,20251013,Property Damage Only,-91.65736536,41.82447995
20251507504,20251014,Property Damage Only,-91.18535407,42.20788659
20251507505,20251016,Property Damage Only,-95.94127091,43.18613815
20251507523,20251018,Property Damage Only,-91.4334137,41.19071909
20251507524,20251019,Property Damage Only,-91.65081922,41.81280264
20251507527,20251016,Property Damage Only,-91.43264323,40.44055586
20251507529,20251021,Property Damage Only,-91.53053474,40.59001418
20251507530,20251020,Property Damage Only,-93.12321299,43.26879413
20251507534,20251017,Property Damage Only,-92.52412485,42.69361552
20251507535,20251001,Property Damage Only,-91.36555297,40.67564555
20251507539,20251012,Property Damage Only,-92.51671264,42.69385465
20251507544,20251020,Property Damage Only,-93.2712263,41.60129026
20251507582,20251020,Property Damage Only,-92.85401566,40.7325634
20251507602,20251016,Property Damage Only,-92.46551238,42.46117144
20251507611,20251021,Property Damage Only,-95.2919497,41.23228147
20251507620,20251020,Property Damage Only,-90.49132635,41.61159984
20251507632,20251015,Property Damage Only,-91.60476605,41.70858486
20251507638,20251022,Property Damage Only,-91.30032275,41.66297253
20251507648,20251021,Property Damage Only,-91.38183957,40.63281567
20251507651,20251022,Property Damage Only,-90.6854813,42.47217444
20251507658,20251021,Property Damage Only,-93.78113691,41.36532311
20251507661,20251022,Property Damage Only,-94.30041826,42.41840481
20251507673,20251021,Property Damage Only,-92.53619379,41.00826374
20251507676,20251021,Property Damage Only,-90.71396871,42.41839038
20251507677,20251022,Property Damage Only,-90.79701255,42.60140138
20251507684,20251022,Property Damage Only,-91.49298369,40.45655589
20251507688,20251012,Property Damage Only,-92.84223352,42.05299261
20251507689,20251019,Property Damage Only,-92.78555097,42.03653572
20251507690,20251020,Property Damage Only,-92.8443645,42.00675555
20251507696,20251015,Property Damage Only,-91.87266143,42.16740232
20251507697,20251015,Property Damage Only,-91.98190339,42.2650242
20251507705,20251021,Property Damage Only,-91.82862636,41.54049194
20251507731,20251016,Property Damage Only,-91.99007066,42.09413989
20251507735,20251022,Property Damage Only,-92.50450456,42.69383851
20251507740,20251007,Property Damage Only,-91.82586553,42.52710755
20251507742,20251019,Property Damage Only,-92.05556067,42.45084459
20251507773,20251022,Property Damage Only,-92.39893065,40.81903186
20251507787,20251022,Property Damage Only,-91.52565517,41.66902979
20251507791,20251022,Property Damage Only,-96.11669485,42.04712937
20251507792,20251022,Property Damage Only,-94.24270383,42.24366332
20251507793,20251022,Property Damage Only,-95.32229251,42.016705
20251507795,20251022,Property Damage Only,-90.63601791,42.00367763
20251507796,20251022,Property Damage Only,-91.53554348,41.9263502
20251507797,20251022,Property Damage Only,-91.55404083,41.96172782
20251507814,20251022,Property Damage Only,-96.29299978,42.58708852
20251507819,20251022,Property Damage Only,-94.42641332,42.01159758
20251507820,20251023,Property Damage Only,-91.41146058,40.91130644
20251507828,20251022,Property Damage Only,-92.89919981,41.30694789
20251507837,20251020,Property Damage Only,-92.96557094,42.00745933
20251507839,20251023,Property Damage Only,-93.35472033,43.18879884
20251507844,20251022,Property Damage Only,-92.83072331,40.89965768
20251507845,20251023,Property Damage Only,-93.98251371,42.31054513
20251507846,20251022,Property Damage Only,-90.95910867,42.16198996
20251507851,20251023,Property Damage Only,-93.39392624,42.00795044
20251507852,20251023,Property Damage Only,-92.64982378,43.02872359
20251507853,20251022,Property Damage Only,-93.72822603,41.76449371
20251507854,20251007,Property Damage Only,-95.24962508,42.6037996
20251507874,20251022,Property Damage Only,-93.85436919,41.56226262
20251507885,20251021,Property Damage Only,-91.89011388,42.44944292
20251507887,20251023,Property Damage Only,-93.61685795,42.83804736
20251507897,20251023,Property Damage Only,-95.88399655,42.48272722
20251507899,20251019,Property Damage Only,-93.05802945,41.73165039
20251507902,20251021,Property Damage Only,-92.19403362,41.81159413
20251507916,20251021,Property Damage Only,-91.71959311,42.46113734
20251507921,20251022,Property Damage Only,-91.96712083,42.44828955
20251507936,20251022,Property Damage Only,-94.4580787,41.68066701
20251507937,20251023,Property Damage Only,-93.44182928,41.03127587
20251507941,20251021,Property Damage Only,-91.28813499,40.84700881
20251507958,20250704,Possible/Unknown Injury Crash,-91.70303295,41.92009656
20251507979,20250316,Property Damage Only,-91.64362552,42.02831592
20251507982,20251020,Property Damage Only,-94.66129804,41.41741953
20251507983,20251022,Property Damage Only,-94.31789879,41.37084
20251507984,20251023,Property Damage Only,-92.9268592,41.34572003
20251507985,20251023,Property Damage Only,-94.62349171,40.64837014
20251507991,20251023,Property Damage Only,-90.74089434,42.50954482
20251507996,20251023,Property Damage Only,-91.25337057,41.41538082
20251507997,20251023,Property Damage Only,-93.24166804,43.19363191
20251508005,20251023,Property Damage Only,-91.71667453,42.12476704
20251508006,20251023,Property Damage Only,-93.07438574,41.49413711
20251508010,20251023,Property Damage Only,-93.72571796,41.52213637
20251508017,20251024,Property Damage Only,-91.43628678,42.05160703
20251508018,20251024,Property Damage Only,-93.96929226,42.10719835
20251508020,20251022,Property Damage Only,-90.87751424,42.32995969
20251508046,20251017,Property Damage Only,-91.03608357,41.60370253
20251508047,20251019,Property Damage Only,-91.06807381,41.68450274
20251508056,20251022,Property Damage Only,-93.81594214,42.45787431
20251508057,20251019,Property Damage Only,-91.32992261,40.68531476
20251508058,20251022,Property Damage Only,-91.48392268,40.62899443
20251508059,20251018,Property Damage Only,-92.14107964,42.78145589
20251508060,20251022,Property Damage Only,-92.39205613,42.71498217
20251508068,20251023,Property Damage Only,-93.77025448,41.36515326
20251508069,20251023,Property Damage Only,-93.55832374,41.46558559
20251508070,20251024,Property Damage Only,-93.56394843,41.29767479
20251508078,20251023,Property Damage Only,-92.5339553,42.77969431
20251508079,20251024,Property Damage Only,-93.15307617,41.56184904
20251508088,20251022,Property Damage Only,-93.68442541,41.44900627
20251508091,20251023,Property Damage Only,-91.41450528,41.17624646
20251508092,20251023,Property Damage Only,-91.33924912,41.27882457
20251508093,20251024,Property Damage Only,-91.36756848,42.74600724
20251508096,20251020,Property Damage Only,-96.04335225,41.70419024
20251508118,20251022,Property Damage Only,-93.08356062,43.21583727
20251508119,20251024,Property Damage Only,-92.82496984,42.0069798
20251508139,20251022,Property Damage Only,-93.76243809,41.0149357
20251508164,20251021,Property Damage Only,-94.3492454,43.29823534
20251508174,20251024,Property Damage Only,-91.16911431,40.87614043
20251508179,20251024,Property Damage Only,-91.54829068,41.785235
20251508181,20251024,Property Damage Only,-92.33885254,42.68224053
20251508183,20251019,Property Damage Only,-95.34214136,42.44537167
20251508188,20251024,Property Damage Only,-90.40784442,41.96072686
20251508191,20251024,Property Damage Only,-91.46531653,42.05044088
20251508192,20251022,Property Damage Only,-92.39900025,40.79817763
20251508196,20251024,Property Damage Only,-90.90041381,41.53748309
20251508199,20251024,Property Damage Only,-92.40924345,40.88354925
20251508203,20251024,Property Damage Only,-91.50473379,41.68287315
20251508205,20251024,Property Damage Only,-91.52264088,41.6201198
20251508211,20251024,Property Damage Only,-93.67730244,41.74399007
20251508212,20251024,Property Damage Only,-92.44386945,43.29888071
20251508213,20251024,Property Damage Only,-91.5454962,41.58800433
20251508217,20251024,Property Damage Only,-93.46948271,41.6033808
20251508218,20251024,Property Damage Only,-94.96931584,43.12654618
20251508219,20251019,Property Damage Only,-92.45744074,42.49867
20251508221,20251024,Property Damage Only,-93.9536573,40.72833769
20251508222,20251024,Property Damage Only,-92.21652354,43.45094019
20251508228,20251024,Property Damage Only,-95.87742692,41.36068315
20251508233,20251024,Property Damage Only,-94.0383394,41.0262113
20251508237,20251023,Property Damage Only,-91.60292961,40.7790425
20251508244,20251025,Property Damage Only,-94.21684715,41.04574141
20251508248,20251024,Property Damage Only,-93.59000147,41.7767976
20251508266,20251025,Property Damage Only,-91.61220986,42.04369239
20251508293,20251023,Property Damage Only,-95.77842034,43.33352017
20251508309,20251024,Property Damage Only,-95.11479196,41.49681842
20251508326,20251025,Property Damage Only,-94.81544713,40.74136557
20251508328,20251024,Property Damage Only,-96.10607696,42.80794403
20251508332,20251024,Property Damage Only,-93.64155861,41.50776551
20251508346,20251023,Property Damage Only,-92.69563653,40.74720876
20251508351,20251025,Property Damage Only,-90.42485571,42.05531848
20251508352,20251025,Property Damage Only,-93.27451008,43.1482546
20251508357,20251021,Property Damage Only,-93.77669321,41.62239625
20251508359,20251025,Property Damage Only,-95.21754248,41.31782779
20251508360,20251025,Property Damage Only,-92.27734889,41.69540011
20251508363,20251024,Property Damage Only,-91.54653407,41.94637612
20251508364,20251025,Property Damage Only,-91.60720206,41.92599904
20251508368,20251025,Property Damage Only,-93.85206183,42.03077233
20251508374,20251026,Property Damage Only,-93.77633883,41.55578128
20251508377,20251025,Property Damage Only,-91.54253238,40.91905513
20251508378,20251025,Property Damage Only,-93.73144401,41.52187491
20251508396,20251026,Property Damage Only,-93.39526276,41.52907028
20251508405,20251025,Possible/Unknown Injury Crash,-95.03204532,41.49713986
20251508410,20251024,Property Damage Only,-91.48752636,41.86423132
20251508411,20251026,Property Damage Only,-91.52941759,42.22889949
20251508432,20251020,Property Damage Only,-91.1963501,41.23760043
20251508433,20251024,Property Damage Only,-91.37935924,41.2627778
20251508435,20251026,Property Damage Only,-91.1557369,43.31264566
20251508450,20251025,Property Damage Only,-93.76011616,41.36727439
20251508457,20251026,Property Damage Only,-94.46953767,41.8492165
20251508459,20251026,Property Damage Only,-92.42713305,41.96439733
20251508460,20251025,Property Damage Only,-91.08728673,41.51058967
20251508465,20251026,Property Damage Only,-93.1232315,43.21074975
20251508472,20251026,Property Damage Only,-92.34022106,43.06712351
20251508473,20251026,Property Damage Only,-90.34366307,41.6585526
20251508475,20251026,Property Damage Only,-93.43647036,42.00790464
20251508484,20251024,Property Damage Only,-92.72272548,42.57042256
20251508485,20251026,Property Damage Only,-92.96637194,42.72860403
20251508486,20251026,Property Damage Only,-91.62890031,40.96737031
20251508487,20251026,Property Damage Only,-91.62359413,40.96708188
20251508488,20251026,Property Damage Only,-91.4265496,40.92493509
20251508492,20251027,Property Damage Only,-95.45119808,41.49666734
20251508493,20251027,Property Damage Only,-95.90136056,41.23148125
20251508494,20251027,Property Damage Only,-91.73809208,42.14041428
20251508495,20251027,Property Damage Only,-91.54412983,41.06088579
20251508500,20251026,Property Damage Only,-94.9952185,41.14470945
20251508514,20251026,Property Damage Only,-91.59083463,41.69155407
20251508518,20251025,Property Damage Only,-90.77018951,42.46336336
20251508519,20251025,Property Damage Only,-90.78681267,42.44204585
20251508521,20251025,Property Damage Only,-90.8502631,42.41123969
20251508522,20251025,Property Damage Only,-90.69374891,42.40137029
20251508524,20251024,Property Damage Only,-93.7797484,41.29403726
20251508533,20251027,Property Damage Only,-92.56466144,41.98005137
20251508546,20251025,Property Damage Only,-93.37939828,42.98034527
20251508547,20251025,Property Damage Only,-93.62140694,41.43914046
20251508548,20251027,Property Damage Only,-93.33349669,41.4382546
20251508550,20251025,Property Damage Only,-91.50001274,43.26932617
20251508553,20251025,Property Damage Only,-93.5709889,41.98652704
20251508555,20251027,Property Damage Only,-93.46336433,41.92301024
20251508556,20251025,Property Damage Only,-91.27286184,40.66054944
20251508557,20251025,Property Damage Only,-91.29919515,40.67072329
20251508558,20251026,Property Damage Only,-91.36125637,40.6641172
20251508559,20251026,Property Damage Only,-91.49961201,40.63166766
20251508560,20251022,Property Damage Only,-93.64976323,42.00589572
20251508569,20251027,Property Damage Only,-95.47213658,42.74871162
20251508570,20251025,Property Damage Only,-95.4006336,41.03054363
20251508571,20251027,Property Damage Only,-91.00078168,41.47175778
20251508572,20251024,Property Damage Only,-91.71352374,43.23945675
20251508574,20251017,Property Damage Only,-91.24670402,42.47061966
20251508577,20251024,Property Damage Only,-96.27610921,42.47513347
20251508578,20251023,Property Damage Only,-93.10365771,41.69917466
20251508579,20251025,Property Damage Only,-92.79205009,41.72825234
20251508580,20251023,Property Damage Only,-92.80343852,41.57748272
20251508584,20251013,Property Damage Only,-93.84937803,41.55751675
20251508591,20251026,Property Damage Only,-94.26133649,41.68837213
20251508592,20251025,Property Damage Only,-93.47706067,42.64112601
20251508593,20251025,Property Damage Only,-94.17302886,42.44518472
20251508594,20251022,Property Damage Only,-92.50168069,42.71568268
20251508595,20251024,Property Damage Only,-93.85031569,42.03481119
20251508600,20251025,Property Damage Only,-93.22172297,42.76499264
20251508601,20251027,Property Damage Only,-94.01321042,41.4229989
20251508604,20251025,Property Damage Only,-93.95444741,41.54916255
20251508606,20251026,Property Damage Only,-94.12331398,41.51014886
20251508607,20251026,Property Damage Only,-91.567591,41.63374882
20251508625,20251025,Property Damage Only,-92.64710227,41.2562958
20251508626,20251027,Property Damage Only,-93.00681446,41.70004986
20251508628,20251024,Property Damage Only,-94.93663631,41.66688764
20251508629,20251024,Property Damage Only,-91.55121246,41.50398688
20251508645,20251027,Property Damage Only,-91.45341358,41.91731143
20251508647,20251027,Property Damage Only,-93.36376599,42.44803429
20251508652,20251022,Property Damage Only,-92.29348714,41.90262328
20251508659,20251026,Property Damage Only,-91.80489918,42.79085
20251508673,20251027,Property Damage Only,-92.54736671,42.89027952
20251508676,20251024,Property Damage Only,-95.65346236,40.77777268
20251508677,20251026,Property Damage Only,-92.53833848,42.83801283
20251508698,20251023,Property Damage Only,-92.69212046,43.07062841
20251508705,20251027,Property Damage Only,-92.69582899,40.78035187
20251508713,20251023,Property Damage Only,-91.52935995,42.23868828
20251508734,20251027,Property Damage Only,-91.79472184,42.10612392
20251508740,20251027,Property Damage Only,-92.35446804,41.35988539
20251508743,20251027,Property Damage Only,-94.34436483,42.53472865
20251508744,20251027,Property Damage Only,-90.56751046,41.82558549
20251508751,20251027,Property Damage Only,-93.93101762,42.03479736
20251508754,20251027,Property Damage Only,-90.56780476,41.78282195
20251508758,20251027,Property Damage Only,-93.13597263,43.08286634
20251508760,20251027,Property Damage Only,-91.17284406,41.04443544
20251508762,20251027,Property Damage Only,-94.34098324,42.03455807
20251508767,20251027,Property Damage Only,-91.33270948,41.48464253
20251508768,20251028,Property Damage Only,-90.56783878,41.85823924
20251508771,20251028,Property Damage Only,-91.27893587,42.73904502
20251508779,20251024,Property Damage Only,-93.65652466,42.00697407
20251508783,20251025,Property Damage Only,-92.96242175,41.40425984
20251508804,20251018,Property Damage Only,-93.62073631,42.07698292
20251508805,20251028,Property Damage Only,-93.5686732,42.14928625
20251508808,20251027,Property Damage Only,-92.80310695,41.05994291
20251508809,20251025,Property Damage Only,-95.99020405,42.57684941
20251508813,20251027,Property Damage Only,-91.02515472,42.0559575
20251508815,20251027,Property Damage Only,-93.7889555,42.4492555
20251508817,20251028,Property Damage Only,-92.99990375,41.76684662
20251508820,20251027,Property Damage Only,-92.22597988,40.93446066
20251508827,20251027,Property Damage Only,-91.98194167,43.29384701
20251508833,20251027,Property Damage Only,-93.3490279,43.23940499
20251508838,20251025,Property Damage Only,-95.09250495,42.8510308
20251508839,20251026,Property Damage Only,-95.151194,42.75486892
20251508841,20251027,Property Damage Only,-92.04274466,42.88336304
20251508845,20251027,Property Damage Only,-90.20451192,41.85935807
20251508857,20251028,Property Damage Only,-93.35965324,41.56855831
20251508859,20251027,Property Damage Only,-91.51374243,42.48368825
20251508865,20251027,Property Damage Only,-93.15997192,41.56666759
20251508892,20251021,Property Damage Only,-92.79826314,42.00906154
20251508893,20251022,Property Damage Only,-92.78539098,41.9439558
20251508898,20251027,Property Damage Only,-91.55350987,41.00264248
20251508901,20251028,Property Damage Only,-90.87013975,41.45213713
20251508903,20251016,Property Damage Only,-95.01309644,42.34861153
20251508906,20251027,Property Damage Only,-92.85834827,42.00686372
20251508907,20251025,Property Damage Only,-92.39269865,41.69604955
20251508915,20251024,Property Damage Only,-94.23654136,43.09473485
20251508925,20251020,Property Damage Only,-92.44545556,42.61808293
20251508926,20251021,Property Damage Only,-93.34870841,43.24385428
20251508927,20251028,Property Damage Only,-93.22182588,43.10447905
20251508935,20251028,Property Damage Only,-91.15314822,40.73866023
20251508938,20251028,Property Damage Only,-91.17078638,40.82616466
20251508941,20251028,Property Damage Only,-91.32590003,43.35727778
20251508960,20251028,Property Damage Only,-91.03821433,41.58723871
20251508963,20251028,Property Damage Only,-93.91220166,41.80240522
20251508964,20251027,Property Damage Only,-95.64434564,41.64989526
20251508977,20251028,Property Damage Only,-91.52944283,42.21580506
20251508978,20251023,Property Damage Only,-92.25649161,42.9503913
20251508985,20251028,Property Damage Only,-91.75586193,41.93886541
20251508987,20251028,Property Damage Only,-92.54421546,42.93734623
20251509003,20251024,Property Damage Only,-91.21808916,43.01709672
20251509004,20251026,Property Damage Only,-93.30103451,41.37095836
20251509007,20251026,Property Damage Only,-92.98529316,41.36603663
20251509008,20251027,Property Damage Only,-93.19075595,41.38564225
20251509009,20251027,Property Damage Only,-92.91460518,41.21910703
20251509010,20251027,Property Damage Only,-93.01543472,41.41030904
20251509013,20251028,Property Damage Only,-90.56829233,41.66603136
20251509023,20251015,Property Damage Only,-94.10584715,42.11717638
20251509029,20251021,Property Damage Only,-92.31196439,42.45374224
20251509030,20251027,Property Damage Only,-90.68320549,42.29620836
20251509031,20251028,Property Damage Only,-90.68878078,42.54440888
20251509032,20251029,Property Damage Only,-90.71409099,42.52695146
20251509041,20251013,Property Damage Only,-90.62921234,42.06268733
20251509042,20251028,Property Damage Only,-91.42283614,40.60409696
20251509043,20251024,Property Damage Only,-92.33994393,40.74775861
20251509045,20251027,Property Damage Only,-91.0743168,42.62931823
20251509046,20251027,Property Damage Only,-90.69176924,42.54626117
20251509047,20251028,Property Damage Only,-90.96994746,42.64370703
20251509052,20251024,Property Damage Only,-95.9101829,41.51171959
20251509057,20251028,Property Damage Only,-92.45700453,42.71461506
20251509076,20251027,Property Damage Only,-94.26550194,41.83447053
20251509083,20251029,Property Damage Only,-93.02376104,43.08663669
20251509084,20251025,Property Damage Only,-92.37143502,41.01054582
20251509094,20251010,Property Damage Only,-96.43193883,43.50036936
20251509097,20251025,Property Damage Only,-96.10625162,43.43281806
20251509099,20251028,Suspected Minor Injury Crash,-91.08836725,41.42534852
20251509100,20251025,Property Damage Only,-96.17910572,43.28569205
20251509111,20251029,Possible/Unknown Injury Crash,-90.56715348,41.72110719
20251509129,20251021,Property Damage Only,-91.63879182,41.69499637
20251509131,20251027,Property Damage Only,-93.63873475,42.44911035
20251509144,20251024,Property Damage Only,-91.75200483,42.02091753
20251509145,20251024,Property Damage Only,-91.37649859,41.66765874
20251509149,20251026,Property Damage Only,-91.55007729,42.08050733
20251509155,20251029,Property Damage Only,-93.26066864,43.12950282
20251509162,20251024,Property Damage Only,-91.5946748,41.69233966
20251509164,20251025,Property Damage Only,-91.67529144,41.69423406
20251509165,20251025,Property Damage Only,-91.6751713,41.69423267
20251509166,20251026,Property Damage Only,-91.84059934,42.21139319
20251509169,20251024,Property Damage Only,-90.7101669,42.16429581
20251509170,20251027,Property Damage Only,-92.46096826,42.65309882
20251509175,20251028,Property Damage Only,-91.75224806,41.94850821
20251509179,20251026,Property Damage Only,-92.4697671,42.52770844
20251509180,20251029,Property Damage Only,-90.2235106,41.8445816
20251509197,20251029,Property Damage Only,0,0
20251509199,20251028,Property Damage Only,-91.38567886,41.67089541
20251509206,20251029,Property Damage Only,-93.84369067,41.02147695
20251509210,20251029,Property Damage Only,-93.95443341,41.40208187
20251509223,20251029,Property Damage Only,-90.68023821,41.75713029
20251509224,20251029,Property Damage Only,-90.71334738,42.53031357
20251509227,20251029,Property Damage Only,-94.4416294,41.68059535
20251509233,20251029,Property Damage Only,-91.82944748,42.15594589
20251509235,20251023,Property Damage Only,-95.68912595,41.03048344
20251509255,20251029,Property Damage Only,-91.0131568,41.46180357
20251509256,20251027,Property Damage Only,-91.70084138,42.07010987
20251509257,20251030,Property Damage Only,-91.03581287,41.62527781
20251509258,20251029,Property Damage Only,-90.99664282,41.58772848
20251509265,20251027,Property Damage Only,-93.33972375,43.14751225
20251509266,20251029,Property Damage Only,-93.55854376,41.39489359
20251509270,20251029,Property Damage Only,-94.75749604,41.3181906
20251509274,20251029,Property Damage Only,-91.38530314,40.63187326
20251509275,20251029,Property Damage Only,-91.35758295,42.0853884
20251509281,20251030,Property Damage Only,-91.52930842,42.62457357
20251509283,20251030,Possible/Unknown Injury Crash,-91.53600717,41.29990655
20251509290,20251030,Property Damage Only,-96.32280449,42.48612404
20251509294,20251026,Property Damage Only,-95.73759612,41.49889389
20251509298,20251028,Property Damage Only,-95.63656018,41.49859021
20251509300,20251028,Property Damage Only,-95.65979315,41.40147116
20251509306,20251030,Property Damage Only,-91.69855371,40.95704391
20251509312,20251027,Property Damage Only,-91.42290827,42.9353672
20251509317,20251029,Property Damage Only,-93.60037471,41.75497399
20251509321,20251029,Property Damage Only,-92.78681274,40.78320434
20251509325,20251020,Property Damage Only,-92.12018104,42.61321893
20251509328,20251030,Property Damage Only,-91.56875573,42.58363907
20251509330,20251025,Property Damage Only,-91.89697116,42.24954079
20251509332,20251029,Property Damage Only,-91.97566568,42.64219554
20251509333,20251030,Property Damage Only,-92.49027231,41.96442483
20251509335,20251030,Property Damage Only,-95.32366524,42.10471791
20251509338,20251023,Property Damage Only,-91.34558329,41.26299085
20251509340,20251029,Property Damage Only,-92.07253634,42.84747936
20251509341,20251030,Property Damage Only,-93.90619296,40.73248565
20251509345,20251019,Property Damage Only,-91.61731547,42.37660061
20251509357,20251029,Property Damage Only,-90.76623095,42.46899562
20251509362,20251030,Property Damage Only,-90.53439853,41.69872182
20251509373,20251029,Property Damage Only,-93.67854829,42.00215356
20251509376,20251027,Property Damage Only,-91.90043653,41.76722312
20251509380,20251029,Property Damage Only,-92.96413576,40.6088158
20251509382,20251022,Property Damage Only,-91.93396326,40.98675558
20251509395,20251031,Property Damage Only,-90.52221265,41.56308669
20251509396,20251030,Property Damage Only,-93.30002085,42.30249173
20251509397,20251016,Property Damage Only,-91.50945932,43.41170073
20251509405,20251030,Property Damage Only,-91.07997284,42.70470564
20251509407,20251023,Property Damage Only,-91.25924301,40.83324466
20251509410,20251030,Property Damage Only,-91.13147534,41.00787695
20251509412,20251030,Property Damage Only,-93.5597543,41.50937272
20251509414,20251025,Property Damage Only,-92.5213407,41.30973504
20251509416,20251030,Property Damage Only,-94.87944006,41.99291415
20251509418,20251030,Property Damage Only,-93.6988407,41.51377288
20251509424,20251030,Property Damage Only,-91.55042844,41.40905954
20251509425,20251030,Suspected Minor Injury Crash,-93.65717282,41.14154329
20251509426,20251030,Property Damage Only,-92.73225645,42.95290708
20251509427,20251030,Property Damage Only,-90.86358701,41.45518594
20251509428,20251030,Property Damage Only,-91.20291896,41.45466677
20251509431,20251030,Property Damage Only,-91.52351616,41.92596197
20251509432,20251030,Property Damage Only,-91.5492292,42.17442199
20251509434,20251030,Property Damage Only,-91.53458644,42.1919328
20251509438,20251030,Property Damage Only,-96.10405978,41.92454999
20251509453,20251031,Property Damage Only,-91.68880129,42.04782636
20251509455,20251030,Property Damage Only,-94.17807574,42.5184937
20251509482,20251031,Property Damage Only,-93.09012818,43.11905742
20251509487,20251028,Property Damage Only,-90.6282254,42.41899789
20251509489,20251031,Property Damage Only,-90.69051863,42.55837492
20251509490,20251030,Property Damage Only,-93.60557959,41.30731774
20251509492,20251030,Property Damage Only,-93.69144273,41.43564227
20251509501,20251023,Property Damage Only,-91.3102401,43.17291586
20251509505,20251030,Property Damage Only,-95.80221082,42.48229028
20251509506,20251030,Property Damage Only,-95.00736169,42.45325726
20251509509,20251030,Property Damage Only,-93.82151808,41.25335627
20251509516,20251029,Property Damage Only,-92.67490264,41.29484991
20251509531,20251031,Property Damage Only,-93.1488317,42.36087723
20251509532,20251030,Property Damage Only,-91.76073836,42.68701734
20251509535,20251031,Property Damage Only,-93.60043932,41.64305163
20251509556,20251030,Suspected Minor Injury Crash,-95.15162782,42.63132943
20251509572,20251020,Property Damage Only,-92.74216532,43.10460169
20251509574,20251022,Property Damage Only,-91.13256773,41.7256574
20251509577,20251025,Property Damage Only,-91.36441278,41.7582748
20251509578,20251026,Property Damage Only,-90.98462029,41.87577858
20251509579,20251026,Property Damage Only,-91.24937704,41.71464446
20251509580,20251028,Property Damage Only,-91.15181664,41.92861301
20251509581,20251030,Property Damage Only,-91.08365442,41.65300643
20251509593,20251031,Property Damage Only,-93.41897054,42.93969316
20251509599,20251013,Property Damage Only,-92.85248546,41.69483934
20251509601,20251031,Property Damage Only,-93.43818468,40.93362256
20251509604,20251101,Property Damage Only,-93.29673076,41.8191723
20251509605,20251031,Property Damage Only,-91.36017227,41.91511678
20251509609,20251022,Property Damage Only,-91.41740117,41.80713043
20251509614,20251009,Property Damage Only,-93.10118966,41.68109049
20251509615,20251011,Suspected Minor Injury Crash,-93.62068525,41.64939322
20251509618,20251018,Property Damage Only,-93.22399744,41.86879407
20251509620,20251025,Property Damage Only,-93.57627839,41.7452257
20251509623,20251028,Property Damage Only,-94.03818015,41.53372824
20251509625,20251021,Property Damage Only,-93.50929067,41.8776557
20251509630,20251027,Property Damage Only,-93.34052665,41.78581513
20251509633,20251031,Property Damage Only,-90.19214625,42.04406681
20251509636,20251031,Property Damage Only,-95.40638912,42.86533786
20251509637,20251031,Property Damage Only,-92.49853373,41.74608095
20251509643,20251031,Property Damage Only,-91.60421085,41.0617464
20251509647,20251031,Property Damage Only,-91.70003509,42.0580863
20251509648,20251024,Property Damage Only,-92.18012341,42.5002727
20251509653,20251031,Property Damage Only,-95.89676564,41.58636691
20251509654,20251030,Property Damage Only,-93.76729166,41.5228573
20251509661,20251101,Property Damage Only,-92.3558248,41.54324883
20251509665,20251031,Property Damage Only,-94.42118443,42.01160841
20251509668,20251101,Property Damage Only,-93.21089809,43.32528711
20251509669,20251101,Property Damage Only,-93.51672058,41.54068557
20251509671,20251101,Property Damage Only,-91.54479105,41.55368778
20251509678,20251031,Property Damage Only,-95.4035628,41.20455125
20251509679,20251101,Property Damage Only,-92.65856502,41.74605546
20251509685,20251030,Property Damage Only,-90.54047633,41.71833246
20251509688,20251031,Property Damage Only,-93.20578036,43.18650726
20251509689,20251031,Property Damage Only,-93.20266301,43.18159621
20251509692,20251022,Property Damage Only,-91.58686715,41.75199493
20251509727,20251101,Property Damage Only,-93.58815185,41.50382657
20251509738,20251101,Property Damage Only,-93.81935754,41.62923372
20251509751,20251031,Property Damage Only,-95.65167549,42.47461825
20251509753,20251031,Property Damage Only,-91.53769366,41.26557373
20251509754,20251031,Property Damage Only,-91.53769366,41.26557373
20251509760,20251101,Property Damage Only,-92.26746587,43.05962103
20251509761,20251030,Property Damage Only,-91.40406789,42.84100373
20251509768,20251101,Property Damage Only,-93.7862748,41.19292597
20251509786,20251031,Property Damage Only,-90.97351832,41.46393097
20251509787,20251101,Property Damage Only,-90.7655506,41.52409665
20251509794,20251031,Property Damage Only,-91.56512912,40.85596725
20251509795,20251101,Property Damage Only,-95.59453785,40.96366889
20251509801,20251101,Possible/Unknown Injury Crash,-92.66833499,40.72540472
20251509807,20251031,Property Damage Only,-91.618843,42.13231295
20251509808,20251031,Property Damage Only,-91.43572003,41.9056065
20251509810,20251013,Property Damage Only,-92.29825909,43.20211747
20251509811,20251028,Property Damage Only,-92.20788785,43.06671626
20251509813,20251031,Property Damage Only,-94.41755219,41.67291483
20251509818,20251030,Property Damage Only,-93.51191398,41.56663916
20251509823,20251101,Property Damage Only,-95.53201745,42.76161214
20251509828,20251101,Property Damage Only,-96.13047361,42.85878375
20251509830,20251101,Property Damage Only,-91.86532017,41.78216621
20251509831,20251101,Property Damage Only,-92.06585191,41.61243358
20251509833,20251101,Property Damage Only,-92.64565398,41.26365073
20251509843,20251031,Property Damage Only,-93.60017935,41.76111778
20251509852,20251029,Property Damage Only,-93.85020086,41.57911901
20251509872,20251031,Property Damage Only,-94.85537681,42.64403174
20251509874,20251102,Property Damage Only,-92.23938955,41.48144985
20251509882,20251101,Property Damage Only,-93.35058946,42.93302504
20251509887,20251029,Property Damage Only,-91.27700325,43.00839996
20251509888,20251101,Property Damage Only,-92.72397515,43.09949849
20251509890,20251101,Property Damage Only,-93.07755452,41.68960263
20251509891,20251102,Property Damage Only,-92.99990388,41.68012624
20251509900,20251028,Property Damage Only,-90.50533339,41.60188987
20251509905,20251102,Property Damage Only,-92.35453381,41.38105359
20251509916,20251101,Property Damage Only,-90.50657148,41.59778287
20251509917,20251101,Property Damage Only,-90.57046775,41.59473861
20251509919,20251029,Property Damage Only,-92.71811311,43.04598569
20251509920,20251030,Property Damage Only,-93.56740954,42.52410819
20251509921,20251101,Property Damage Only,-94.2272876,42.536799
20251509922,20251102,Property Damage Only,-91.53346341,42.69893923
20251509931,20251030,Property Damage Only,-91.36240727,40.64801784
20251509932,20251031,Property Damage Only,-91.45077108,40.44389922
20251509933,20251031,Property Damage Only,-91.44457155,40.47599451
20251509950,20251027,Property Damage Only,-92.99236156,42.46212918
20251509954,20251102,Property Damage Only,-92.4096773,40.89883863
20251509956,20251102,Property Damage Only,-92.69483307,43.03881202
20251509957,20251028,Property Damage Only,-92.3486171,42.00722853
20251509958,20251101,Property Damage Only,-92.5063467,41.96444103
20251509960,20251101,Property Damage Only,-90.64756624,41.97076437
20251509961,20251102,Property Damage Only,-91.75206793,42.15401345
20251509973,20251102,Property Damage Only,-90.72966055,42.19562693
20251509977,20251031,Property Damage Only,-92.85512886,40.7325648
20251509981,20251102,Property Damage Only,-91.33310117,42.47037812
20251509987,20251031,Property Damage Only,-91.13857883,40.83337805
20251509989,20251103,Property Damage Only,-93.40469633,42.74543668
20251509990,20251101,Property Damage Only,-94.10640034,41.82480098
20251509991,20251028,Property Damage Only,-93.01817315,41.23276619
20251509992,20251029,Property Damage Only,-93.25673984,41.2116642
20251509993,20251029,Property Damage Only,-92.88917644,41.30736204
20251509995,20251030,Property Damage Only,-92.9133958,41.49304766
20251509996,20251031,Property Damage Only,-93.04265504,41.3190455
20251509997,20251102,Property Damage Only,-93.13194031,41.20459642
20251509998,20251030,Property Damage Only,-93.02629116,41.30211582
20251509999,20251102,Property Damage Only,-92.66554338,42.46349669
20251510000,20251103,Property Damage Only,-90.89384172,41.51799853
20251510002,20251101,Property Damage Only,-95.40018489,42.03876905
20251510005,20251102,Property Damage Only,-93.56995208,41.92438604
20251510006,20251102,Possible/Unknown Injury Crash,-93.39333446,42.00794346
20251510007,20251102,Property Damage Only,-93.26469861,42.00791587
20251510008,20251103,Property Damage Only,-96.38059697,42.59059462
20251510011,20251102,Property Damage Only,-91.56407431,40.76353983
20251510012,20251102,Property Damage Only,-93.57055089,41.98208894
20251510013,20251031,Property Damage Only,-94.01424963,41.60633246
20251510014,20251031,Property Damage Only,-91.42237189,40.60725254
20251510015,20251102,Property Damage Only,-91.22608174,41.37874578
20251510034,20251103,Property Damage Only,-91.11712127,42.45389357
20251510040,20251030,Property Damage Only,-92.8979327,41.7042471
20251510041,20251101,Property Damage Only,-92.84893644,41.81960033
20251510043,20251101,Property Damage Only,-91.1485738,42.26354011
20251510044,20251101,Property Damage Only,-91.1252839,42.06348228
20251510045,20251102,Property Damage Only,-91.26763676,42.08916295
20251510046,20251030,Property Damage Only,-92.45543312,42.72533315
20251510048,20251019,Property Damage Only,-93.59938039,42.00560244
20251510052,20251030,Property Damage Only,-93.63919964,41.97841279
20251510064,20251101,Property Damage Only,-93.6251865,42.01919985
20251510069,20251030,Property Damage Only,-93.28399693,41.52243616
20251510071,20251031,Property Damage Only,-93.85518186,42.03462193
20251510073,20251101,Property Damage Only,-91.80552727,43.34904887
20251510078,20251031,Property Damage Only,-93.73110231,41.16549119
20251510085,20251101,Property Damage Only,-93.77950706,41.35699315
20251510086,20251102,Property Damage Only,-93.6450955,41.37984865
20251510087,20251102,Property Damage Only,-93.60707293,41.30732788
20251510091,20251026,Property Damage Only,-94.25657675,42.51566948
20251510092,20251031,Property Damage Only,-93.76755746,40.86969833
20251510093,20251031,Property Damage Only,-93.78557076,41.20784771
20251510096,20251102,Property Damage Only,-96.31954094,42.57287815
20251510097,20251031,Property Damage Only,-95.35231441,42.60483397
20251510102,20251101,Property Damage Only,-91.48050808,42.34503252
20251510107,20251102,Property Damage Only,-92.53518518,41.30489158
20251510110,20251102,Property Damage Only,-94.64883273,42.2948569
20251510111,20251102,Property Damage Only,-94.51007738,42.26712992
20251510112,20251101,Property Damage Only,-93.55902896,41.41103276
20251510114,20251013,Property Damage Only,-92.4304038,42.57581743
20251510118,20251103,Property Damage Only,-96.51741389,42.88720987
20251510119,20251103,Property Damage Only,-90.40420775,42.2325587
20251510121,20251031,Property Damage Only,-94.45652783,42.4472368
20251510125,20251101,Property Damage Only,-95.65000795,41.49846107
20251510126,20251102,Property Damage Only,-94.6259439,41.49331388
20251510132,20251031,Property Damage Only,-93.91278399,41.82731348
20251510133,20251028,Property Damage Only,-93.90050503,41.80438895
20251510134,20251102,Property Damage Only,-93.96352029,41.83475299
20251510141,20251026,Property Damage Only,-91.65670003,42.91709813
20251510145,20251102,Property Damage Only,-95.0335235,42.62781432
20251510146,20251030,Possible/Unknown Injury Crash,-95.93425958,43.02938543
20251510147,20251101,Property Damage Only,-96.01602785,42.97432225
20251510150,20251031,Property Damage Only,-91.39038115,42.47044058
20251510151,20251028,Property Damage Only,-91.87994375,42.44898375
20251510152,20251030,Property Damage Only,-92.07507458,42.61286364
20251510153,20251030,Property Damage Only,-92.062269,42.5692083
20251510155,20251103,Property Damage Only,-92.04835783,42.44947916
20251510156,20251031,Property Damage Only,-94.01424977,41.60634146
20251510157,20251013,Property Damage Only,-91.8048727,42.78904867
20251510160,20251031,Property Damage Only,-91.73681353,40.98824973
20251510161,20251101,Property Damage Only,-92.05080143,41.01455787
20251510165,20251031,Property Damage Only,-93.98930003,41.542671
20251510171,20251103,Property Damage Only,-91.51582731,41.92571872
20251510180,20251101,Property Damage Only,-92.97694667,42.00743516
20251510181,20251102,Property Damage Only,-91.98135444,40.98709404
20251510184,20251103,Property Damage Only,-91.50241601,41.9221221
20251510186,20251102,Property Damage Only,-93.56574417,41.70288186
20251510191,20251030,Property Damage Only,-91.89034228,42.27155978
20251510192,20251030,Property Damage Only,-91.89088428,42.24133155
20251510193,20251030,Property Damage Only,-91.97030292,41.96295609
20251510195,20251102,Property Damage Only,-92.02815636,42.14119371
20251510196,20251103,Property Damage Only,-93.97582922,41.61470838
20251510197,20251102,Property Damage Only,-91.08575068,41.77184658
20251510212,20251022,Property Damage Only,-91.64730742,42.6220384
20251510215,20251006,Possible/Unknown Injury Crash,-91.78656838,43.28990605
20251510225,20251103,Property Damage Only,-91.52990242,41.64496385
20251510229,20251101,Property Damage Only,-92.11979221,43.33880697
20251510230,20251102,Property Damage Only,-92.29839577,43.2202628
20251510234,20251101,Property Damage Only,-91.53662929,42.18895086
20251510236,20251102,Property Damage Only,-91.10927437,40.86088846
20251510239,20251103,Property Damage Only,-92.53404249,41.96446671
20251510240,20251031,Property Damage Only,-93.62043432,42.04100351
20251510247,20251030,Property Damage Only,-92.5729283,40.72555961
20251510248,20251103,Property Damage Only,-95.53033252,42.76074893
20251510252,20251102,Property Damage Only,-95.46499804,42.3890057
20251510253,20251103,Property Damage Only,-95.48725912,42.35009002
20251510255,20251103,Property Damage Only,-92.5541924,43.34348627
20251510256,20251103,Possible/Unknown Injury Crash,-92.58302031,41.91540621
20251510263,20251030,Possible/Unknown Injury Crash,-95.91066579,41.5120676
20251510264,20251103,Property Damage Only,-95.51893475,41.50020147
20251510269,20251103,Property Damage Only,-92.47475298,41.96441792
20251510274,20251101,Property Damage Only,-93.48335527,43.12900395
20251510275,20251020,Property Damage Only,-93.89743798,42.11501497
20251510276,20251026,Property Damage Only,-93.98475749,42.03029593
20251510279,20251031,Property Damage Only,-90.78249835,41.70582408
20251510287,20251103,Property Damage Only,-91.86371877,41.77540428
20251510290,20251103,Property Damage Only,-90.26690231,41.93166372
20251510292,20251103,Property Damage Only,-91.36901304,41.91029821
20251510304,20251104,Property Damage Only,-93.06178083,41.71887636
20251510305,20251102,Property Damage Only,-96.28784328,42.64168666
20251510306,20251103,Property Damage Only,-93.62046735,42.09156586
20251510308,20251104,Property Damage Only,-90.68235519,42.07888512
20251510311,20251104,Property Damage Only,-92.29726696,41.97237628
20251510312,20251104,Property Damage Only,-90.75998852,42.06274001
20251510320,20251101,Property Damage Only,-90.75924083,42.52135085
20251510321,20251103,Property Damage Only,-91.08069709,42.34197134
20251510327,20251104,Property Damage Only,-94.45347764,42.51669106
20251510334,20251102,Property Damage Only,-93.9598759,41.83507173
20251510335,20251103,Property Damage Only,-93.91188624,41.747871
20251510336,20251101,Property Damage Only,-90.44486219,41.5975619
20251510339,20251104,Property Damage Only,-90.44196656,41.59736238
20251510346,20251103,Suspected Minor Injury Crash,-93.67750025,41.75136563
20251510349,20251102,Property Damage Only,-93.13840056,41.55228381
20251510350,20251104,Property Damage Only,-93.66542045,42.03437487
20251510353,20251103,Property Damage Only,-91.34101729,42.51973536
20251510360,20251102,Property Damage Only,-93.05770511,41.30023075
20251510366,20251031,Property Damage Only,-95.207736,43.43050682
20251510368,20251104,Property Damage Only,-94.35859807,42.01531144
20251510375,20251103,Property Damage Only,-93.34975405,43.41129994
20251510377,20251027,Property Damage Only,-96.00785743,43.18624224
20251510379,20251103,Property Damage Only,-95.65424752,40.78052881
20251510381,20251017,Property Damage Only,-91.80363188,43.29161658
20251510382,20251010,Property Damage Only,-91.78112898,43.28883971
20251510390,20251102,Property Damage Only,-91.8060636,43.3468664
20251510391,20251102,Property Damage Only,-91.80845858,43.34174985
20251510392,20251104,Property Damage Only,-94.79844335,43.35618194
20251510399,20251103,Property Damage Only,-91.37382408,40.90535
20251510403,20251101,Property Damage Only,-91.74030853,43.43950002
20251510405,20251102,Property Damage Only,-91.87277703,41.8256523
20251510406,20251103,Property Damage Only,-91.84072483,41.59672893
20251510415,20251102,Property Damage Only,-91.96771096,41.07747587
20251510416,20251103,Property Damage Only,-91.967667,41.07876361
20251510417,20251103,Property Damage Only,-91.80230001,41.13146233
20251510418,20251104,Property Damage Only,-91.49001353,41.66703582
20251510434,20251103,Property Damage Only,-95.50882493,42.34654006
20251510438,20251102,Property Damage Only,-93.79769433,40.99568098
20251510439,20251102,Property Damage Only,-93.79437578,41.02427759
20251510448,20251104,Property Damage Only,-94.12755294,41.45746893
20251510472,20251102,Property Damage Only,-91.17036516,40.95733775
20251510473,20251103,Property Damage Only,-91.14638466,40.78133935
20251510474,20251104,Property Damage Only,-91.16073022,40.86048661
20251510481,20251104,Property Damage Only,-94.27818647,41.50370389
20251510482,20251104,Property Damage Only,-91.64189095,41.70533688
20251510484,20251103,Property Damage Only,-90.615803,41.5038497
20251510497,20251104,Property Damage Only,-91.10313188,41.63544243
20251510500,20251103,Property Damage Only,-92.4660331,42.4428288
20251510501,20251104,Property Damage Only,-92.46606078,42.4467285
20251510502,20251104,Property Damage Only,-91.86987567,41.83725148
20251510513,20251104,Property Damage Only,-90.7504151,42.48707495
20251510528,20251104,Property Damage Only,-91.35982336,41.28306481
20251510529,20251104,Property Damage Only,-95.78424727,41.04781275
20251510533,20251104,Property Damage Only,-90.53236255,41.72774994
20251510534,20251104,Property Damage Only,-93.64409224,41.70256852
20251510536,20251104,Property Damage Only,-94.0245992,41.69605894
20251510543,20251104,Property Damage Only,-91.20630628,43.03276095
20251510547,20251104,Property Damage Only,-91.73419438,42.13621947
20251510548,20251104,Property Damage Only,-91.59549023,41.9260545
20251510553,20251026,Property Damage Only,-91.48547037,41.68610649
20251510554,20251105,Property Damage Only,-91.36726731,43.02067341
20251510555,20251104,Property Damage Only,-93.47614459,41.59870566
20251510556,20251104,Property Damage Only,-91.0866531,41.53209637
20251510562,20251104,Property Damage Only,-94.02308617,41.65820696
20251510569,20251105,Property Damage Only,-91.23752555,43.38436711
20251510574,20251103,Property Damage Only,-92.85154262,41.71289742
20251510575,20251103,Property Damage Only,-93.04956364,41.6838175
20251510579,20251103,Property Damage Only,-92.49951626,41.01025427
20251510586,20251007,Property Damage Only,-94.98462012,41.3294671
20251510587,20251031,Property Damage Only,-94.76719506,41.49686814
20251510588,20251104,Property Damage Only,-93.30606253,42.55732695
20251510591,20251104,Property Damage Only,-91.47749395,42.46525512
20251510595,20251103,Property Damage Only,-92.33760187,42.60918889
20251510597,20251101,Property Damage Only,-90.7328049,41.64929381
20251510598,20251103,Suspected Serious Injury Crash,-93.4613189,42.66501033
20251510600,20251104,Property Damage Only,-93.3425851,43.05420374
20251510610,20251105,Property Damage Only,-93.05263831,41.28259594
20251510611,20251102,Property Damage Only,-95.2891294,42.52445574
20251510614,20251104,Property Damage Only,-91.55122868,41.37626519
20251510617,20251104,Property Damage Only,-93.69337713,41.75472058
20251510626,20251030,Property Damage Only,-93.27997018,41.83023885
20251510632,20251101,Property Damage Only,-92.42149281,42.77358005
20251510633,20251101,Property Damage Only,-92.52951744,42.71508897
20251510636,20251029,Property Damage Only,-92.18071231,42.71480006
20251510651,20251104,Property Damage Only,-95.90941604,41.63909191
20251510652,20251030,Property Damage Only,-92.53545613,42.82911291
20251510653,20251030,Property Damage Only,-92.53317466,42.69802945
20251510663,20251105,Property Damage Only,-92.11231272,41.53175487
20251510668,20251103,Property Damage Only,-91.55109903,41.37833523
20251510677,20251103,Property Damage Only,-91.6835522,42.46244009
20251510686,20251105,Property Damage Only,-90.19368298,42.03523403
20251510688,20251104,Property Damage Only,-91.70562089,42.4610074
20251510691,20251105,Property Damage Only,-93.97063209,42.03165015
20251510697,20251101,Property Damage Only,-93.57079468,41.97424294
20251510698,20251102,Property Damage Only,-95.6835152,41.36838894
20251510699,20251104,Property Damage Only,-93.30741785,41.6819849
20251510709,20251104,Property Damage Only,-91.92874441,41.04988923
20251510718,20251028,Property Damage Only,-93.40934677,41.67900996
20251510730,20251016,Property Damage Only,-93.31881035,41.8015676
20251510734,20251105,Property Damage Only,-93.2700153,41.83703589
20251510735,20251105,Property Damage Only,-92.72940797,42.39123912
20251510737,20251105,Property Damage Only,-93.81766082,41.34882875
20251510744,20251105,Property Damage Only,-90.56486893,42.37876595
20251510752,20251103,Property Damage Only,-93.51093648,42.60411978
20251510753,20251105,Property Damage Only,-91.9147318,41.00107903
20251510754,20251104,Property Damage Only,-91.41113684,40.91094167
20251510755,20251105,Property Damage Only,-94.62336362,40.66065015
20251510758,20251105,Property Damage Only,-91.39850559,42.84458211
20251510762,20251104,Property Damage Only,-94.00068565,41.54163573
20251510772,20251104,Property Damage Only,-93.46876734,43.21337659
20251510773,20251105,Property Damage Only,-93.12234447,43.13029263
20251510777,20251105,Property Damage Only,-93.98108564,42.36856505
20251510780,20251103,Property Damage Only,-93.3396825,43.12228974
20251510781,20251104,Property Damage Only,-91.14774858,40.77873996
20251510782,20251105,Property Damage Only,-91.36436705,40.79950813
20251510785,20251105,Property Damage Only,-91.43633279,42.28219901
20251510786,20251105,Property Damage Only,-91.83426839,41.9912867
20251510787,20251105,Property Damage Only,-91.55401762,41.96275425
20251510790,20251106,Property Damage Only,-91.48174776,42.04954268
20251510791,20251106,Property Damage Only,-95.79950646,41.27967617
20251510792,20251104,Property Damage Only,-95.28946734,40.81763975
20251510793,20251102,Property Damage Only,-90.8560438,41.51912815
20251510795,20251104,Property Damage Only,-93.10916194,41.39256735
20251510796,20251104,Possible/Unknown Injury Crash,-93.20570307,41.32762511
20251510801,20251031,Property Damage Only,-92.90963056,41.4869377
20251510803,20251105,Property Damage Only,-92.87091019,41.39850075
20251510804,20251027,Property Damage Only,-91.60514117,41.69512421
20251510807,20251104,Property Damage Only,-92.63181321,42.4512353
20251510809,20251106,Property Damage Only,-92.58402052,42.77368238
20251510810,20251106,Property Damage Only,-95.22932243,42.03910068
20251510811,20251106,Property Damage Only,-93.73010408,41.52209059
20251510812,20251106,Property Damage Only,-94.22683598,42.52492538
20251510813,20251105,Property Damage Only,-96.37774338,42.46958681
20251510822,20251105,Property Damage Only,-90.97545438,42.31345007
20251510823,20251105,Property Damage Only,-93.73873508,41.17645011
20251510824,20251105,Property Damage Only,-93.33731689,41.43859476
20251510825,20251106,Property Damage Only,-93.47309784,41.49030581
20251510826,20251105,Property Damage Only,-91.47058073,40.63024179
20251510827,20251105,Property Damage Only,-91.31735405,40.64725287
20251510828,20251105,Property Damage Only,-94.20526926,42.61579559
20251510829,20251101,Property Damage Only,-93.08328972,41.68287026
20251510834,20251106,Property Damage Only,-92.64337228,42.46301558
20251510835,20251107,Property Damage Only,-91.68042407,41.69416702
20251510837,20251108,Property Damage Only,-95.48039609,41.08907433
20251510844,20251009,Property Damage Only,-92.8752501,42.3541874
20251510859,20251018,Property Damage Only,-91.65832224,42.03254154
20251510871,20251028,Property Damage Only,-92.78776402,42.3833196
20251510876,20251005,Property Damage Only,-91.46351147,40.65286688
20251510878,20251005,Property Damage Only,-91.23929831,40.70387575
20251510879,20251005,Property Damage Only,-91.36126041,40.66346867
20251510888,20251021,Property Damage Only,-92.86837884,40.85959229
20251510889,20251028,Property Damage Only,-92.79225493,40.87747016
20251510890,20251030,Property Damage Only,-91.01571782,41.71054888
20251510892,20250922,Property Damage Only,-91.47046212,40.63025824
20251510896,20251014,Property Damage Only,-94.22657469,42.6750146
20251510906,20251031,Property Damage Only,-93.9135697,41.82921668
20251510916,20251101,Property Damage Only,-91.43493541,41.14734155
20251510918,20251031,Property Damage Only,-91.17842808,41.11583611
20251510919,20251101,Property Damage Only,-92.42162904,42.51000432
20251510922,20251031,Property Damage Only,-95.57153914,41.28943812
20251510923,20251031,Property Damage Only,-92.43898607,42.60120182
20251510952,20251105,Property Damage Only,-93.55326245,42.11411049
20251510955,20251104,Property Damage Only,-91.11452442,42.46505372
20251510959,20251102,Property Damage Only,-91.43290793,41.17642632
20251510963,20251104,Possible/Unknown Injury Crash,-92.91456294,41.46182858
20251510968,20251104,Property Damage Only,-91.38006698,40.63619594
20251510969,20251104,Property Damage Only,-91.55334141,40.50825275
20251510971,20251103,Property Damage Only,-94.22849232,42.58704635
20251510973,20251103,Property Damage Only,-92.43939817,42.601465
20251510974,20251104,Property Damage Only,-92.07536328,42.35783979
20251510978,20251105,Property Damage Only,-96.4807794,43.22676787
20251510980,20251031,Property Damage Only,-92.99987973,41.74479736
20251510982,20251104,Property Damage Only,-95.42030371,42.33362108
20251510985,20251102,Property Damage Only,-91.1795844,41.08777816
20251510986,20251104,Property Damage Only,-91.21939307,41.08832835
20251510990,20251103,Property Damage Only,-91.2494013,41.70932191
20251511002,20251105,Property Damage Only,-92.28329264,42.47997175
20251511006,20251104,Property Damage Only,-95.84477345,41.31825649
20251511007,20251102,Property Damage Only,-93.89375733,42.03465225
20251511008,20251102,Property Damage Only,-92.3373699,42.59886706
20251511009,20251102,Property Damage Only,-92.11429599,42.37839263
20251511010,20251104,Property Damage Only,-92.9805212,42.00742682
20251511011,20251104,Property Damage Only,-91.790805,41.11644338
20251511012,20251104,Possible/Unknown Injury Crash,-92.51365043,41.69521996
20251511013,20251103,Property Damage Only,-91.97004298,41.68689597
20251511014,20251104,Property Damage Only,-93.23222694,41.65173516
20251511016,20251106,Property Damage Only,-94.01282878,41.4961869
20251511017,20251107,Possible/Unknown Injury Crash,-93.91789132,41.41436812
20251511018,20251108,Property Damage Only,-94.01311962,41.41176746
20251511019,20251109,Property Damage Only,-93.97404183,41.34442275
20251511022,20251106,Property Damage Only,-90.74653652,42.51511314
20251511024,20251106,Property Damage Only,-90.97012842,42.44046918
20251511026,20251107,Property Damage Only,-90.6952271,42.45056914
20251511027,20251108,Property Damage Only,-90.79529353,42.52913759
20251511028,20251108,Property Damage Only,-90.65559052,42.4530428
20251511029,20251108,Property Damage Only,-90.59426514,42.43050099
20251511031,20251108,Property Damage Only,-90.88888901,42.31464415
20251511032,20251109,Property Damage Only,-90.77248641,42.46032822
20251511033,20251109,Property Damage Only,-91.10720538,42.46898551
20251511034,20251110,Property Damage Only,-90.78501291,42.48171559
20251511047,20251107,Property Damage Only,-90.75121892,42.48569491
20251511058,20251106,Property Damage Only,-93.86072188,41.57826611
20251511068,20251107,Property Damage Only,-93.57273323,41.35564981
20251511069,20251108,Property Damage Only,-93.74442294,41.17653959
20251511070,20251109,Property Damage Only,-93.76033507,41.44455731
20251511072,20251107,Property Damage Only,-90.74018504,41.6525194
20251511074,20251109,Property Damage Only,-90.4325407,41.66376179
20251511075,20251109,Property Damage Only,-90.49064001,41.68309408
20251511082,20251106,Property Damage Only,-90.53398027,41.58945816
20251511089,20251107,Property Damage Only,-90.57066726,41.57630684
20251511090,20251107,Property Damage Only,-90.59572016,41.52108406
20251511101,20251110,Property Damage Only,-91.56583426,42.02016507
20251511103,20251105,Property Damage Only,-93.95462875,41.57533598
20251511104,20251105,Property Damage Only,-94.02311007,41.67413116
20251511105,20251105,Property Damage Only,-94.14657377,41.5176655
20251511106,20251105,Property Damage Only,-93.78473525,41.51928079
20251511107,20251106,Property Damage Only,-94.18468252,41.59047119
20251511108,20251107,Property Damage Only,-94.09248885,41.51769665
20251511109,20251107,Property Damage Only,-94.07995375,41.53070439
20251511110,20251107,Property Damage Only,-93.85352411,41.75466928
20251511151,20251108,Property Damage Only,-93.36308728,41.77872059
20251511170,20251110,Property Damage Only,-93.60954709,41.49822066
20251511192,20251110,Property Damage Only,-91.48293949,41.66699669
20251511201,20251031,Property Damage Only,-95.8997157,41.38181913
20251511203,20251101,Property Damage Only,-91.78729917,42.17633041
20251511207,20251102,Property Damage Only,-92.8330288,41.71356556
20251511208,20251103,Property Damage Only,-92.70002876,41.99978618
20251511210,20251104,Property Damage Only,-91.65314065,41.8163515
20251511212,20251104,Property Damage Only,-91.20096783,42.08484964
20251511214,20251104,Property Damage Only,-91.64932067,41.81020912
20251511216,20251104,Suspected Minor Injury Crash,-95.68796934,42.47451065
20251511219,20251105,Property Damage Only,-91.28421796,42.07554271
20251511227,20251105,Property Damage Only,-95.71586003,41.34466334
20251511228,20251106,Property Damage Only,-93.78008166,41.45208142
20251511229,20251106,Property Damage Only,-92.69406707,43.07190333
20251511234,20251106,Suspected Minor Injury Crash,-91.25544566,40.67839387
20251511236,20251106,Property Damage Only,-90.82278229,42.35337404
20251511237,20251106,Property Damage Only,-90.59414081,41.59985697
20251511240,20251107,Property Damage Only,-91.28708669,42.07405453
20251511242,20251107,Property Damage Only,-93.13114494,43.11184085
20251511245,20251107,Property Damage Only,-92.94503327,43.14085353
20251511247,20251107,Property Damage Only,-95.66228198,41.49833953
20251511248,20251107,Property Damage Only,-90.70078069,42.53400627
20251511249,20251108,Property Damage Only,-94.01056686,42.42948612
20251511250,20251108,Property Damage Only,-94.42856247,41.49580927
20251511251,20251108,Property Damage Only,-91.77515956,41.99634524
20251511252,20251108,Property Damage Only,-93.41214835,43.27015306
20251511253,20251108,Property Damage Only,-93.34606593,42.97655169
20251511262,20251108,Property Damage Only,-91.25685065,40.83311845
20251511263,20251108,Property Damage Only,-91.67032307,41.92208209
20251511266,20251109,Property Damage Only,-95.80819237,40.77913434
20251511267,20251109,Property Damage Only,-93.81560239,42.26734557
20251511271,20251106,Property Damage Only,-91.78635753,42.22554807
20251511272,20251106,Property Damage Only,-91.62086913,41.89002985
20251511273,20251106,Property Damage Only,-91.51458369,42.20260884
20251511274,20251106,Property Damage Only,-91.45295826,42.04930225
20251511275,20251107,Property Damage Only,-91.68212216,42.09500595
20251511276,20251107,Property Damage Only,-91.46744864,41.88106847
20251511277,20251107,Property Damage Only,-91.36369385,41.90942995
20251511278,20251107,Property Damage Only,-91.5257138,41.92584611
20251511303,20251109,Property Damage Only,-92.63134005,42.34517885
20251511304,20251110,Property Damage Only,-92.69020661,42.34824397
20251511309,20251107,Property Damage Only,-93.62042281,42.13660728
20251511310,20251107,Property Damage Only,-93.63431025,41.95034812
20251511311,20251107,Property Damage Only,-93.56987825,41.94996548
20251511312,20251107,Property Damage Only,-93.34881128,42.00826752
20251511313,20251107,Property Damage Only,-93.56987825,41.94996548
20251511327,20251106,Property Damage Only,-92.02289408,41.17813346
20251511348,20251109,Property Damage Only,-93.57771039,41.67416172
20251511349,20251107,Property Damage Only,-92.49662993,40.74030548
20251511351,20251109,Property Damage Only,-92.52376064,40.61113676
20251511355,20251106,Property Damage Only,-94.4446756,42.03465051
20251511362,20251108,Property Damage Only,-93.31738083,40.78196486
20251511364,20251105,Property Damage Only,-93.32948885,41.01322103
20251511365,20251107,Property Damage Only,-93.24223153,41.1137069
20251511366,20251106,Property Damage Only,-93.32777183,40.99792098
20251511369,20251107,Property Damage Only,-91.20168544,41.18224387
20251511374,20251108,Property Damage Only,-94.67886153,42.74741606
20251511375,20251107,Property Damage Only,-91.4665019,42.52984078
20251511376,20251106,Property Damage Only,-93.58521606,42.23834758
20251511377,20251107,Property Damage Only,-93.81347721,42.48166726
20251511378,20251108,Property Damage Only,-93.65612385,42.44906617
20251511381,20251110,Property Damage Only,-93.51550159,42.23832184
20251511388,20251108,Property Damage Only,-95.84895083,41.27539108
20251511397,20251109,Property Damage Only,-95.10872783,41.01599041
20251511398,20251108,Property Damage Only,-96.08862188,41.97591888
20251511400,20251106,Property Damage Only,-92.54500155,42.92379656
20251511401,20251106,Suspected Minor Injury Crash,-92.31738836,42.98630476
20251511403,20251108,Property Damage Only,-92.14059641,42.95575732
20251511404,20251109,Property Damage Only,-92.54493623,42.92767754
20251511406,20251107,Property Damage Only,-91.49791175,42.74446839
20251511407,20251106,Property Damage Only,-91.23164246,43.01348897
20251511408,20251106,Property Damage Only,-91.23161793,43.01348859
20251511409,20251107,Property Damage Only,-91.12456829,42.84667114
20251511410,20251107,Property Damage Only,-91.36533624,42.77468389
20251511411,20251105,Property Damage Only,-94.9686395,43.12653981
20251511412,20251108,Property Damage Only,-91.50574195,42.73588077
20251511413,20251109,Property Damage Only,-91.5372036,42.66702708
20251511414,20251105,Possible/Unknown Injury Crash,-95.13727997,41.28700286
20251511415,20251107,Property Damage Only,-94.9459548,41.48905496
20251511416,20251105,Suspected Minor Injury Crash,-94.72613205,42.17008615
20251511417,20251106,Property Damage Only,-92.78849041,43.06005913
20251511418,20251107,Property Damage Only,-92.73232281,43.05630352
20251511419,20251107,Property Damage Only,-92.97276121,43.11622611
20251511420,20251108,Property Damage Only,-92.72699574,43.10833056
20251511423,20251105,Property Damage Only,-93.06505326,42.36097338
20251511424,20251107,Property Damage Only,-93.19865621,42.36069365
20251511429,20251105,Property Damage Only,-91.965513,42.84743587
20251511432,20251107,Property Damage Only,-92.04089333,42.74182945
20251511433,20251107,Property Damage Only,-95.99777433,42.9973758
20251511435,20251110,Property Damage Only,-92.0469874,42.71486407
20251511436,20251110,Property Damage Only,-91.56733679,40.98843867
20251511438,20251105,Property Damage Only,-92.33747407,42.72120842
20251511439,20251106,Property Damage Only,-92.22008107,42.8475439
20251511440,20251109,Property Damage Only,-90.46938832,42.31315556
20251511441,20251108,Property Damage Only,-90.52320061,42.3542429
20251511444,20251107,Property Damage Only,-92.91824745,41.16825989
20251511445,20251107,Property Damage Only,-93.05692735,41.28493593
20251511446,20251108,Property Damage Only,-93.02545123,41.41516235
20251511450,20251109,Property Damage Only,-93.28475938,41.40094111
20251511451,20251109,Property Damage Only,-93.16195601,41.32319111
20251511452,20251106,Property Damage Only,-91.44709272,40.62079385
20251511453,20251106,Property Damage Only,-91.44481132,40.46816031
20251511454,20251106,Property Damage Only,-91.50179907,40.68930414
20251511455,20251107,Property Damage Only,-91.38763791,40.62427588
20251511456,20251107,Property Damage Only,-91.48691312,40.54936342
20251511457,20251105,Property Damage Only,-91.51666082,40.64830114
20251511459,20251107,Property Damage Only,-91.42754332,40.66745338
20251511460,20251108,Property Damage Only,-91.44891289,40.42214557
20251511461,20251108,Property Damage Only,-91.42617725,40.57654095
20251511462,20251109,Property Damage Only,-91.40410979,40.62465786
20251511463,20251110,Property Damage Only,-91.42594955,40.54138708
20251511465,20251107,Property Damage Only,-93.72127321,41.7763727
20251511467,20251109,Property Damage Only,-93.72036904,41.76439012
20251511470,20251109,Property Damage Only,-91.11957777,41.44189541
20251511499,20251106,Property Damage Only,-94.22729272,42.5370601
20251511500,20251107,Property Damage Only,-94.12187041,42.45524305
20251511501,20251109,Property Damage Only,-94.02008533,42.4489625
20251511504,20251110,Property Damage Only,-91.4688222,43.28711984
20251511506,20251109,Property Damage Only,-93.50326206,41.61085802
20251511510,20251107,Property Damage Only,-91.25239681,42.13469161
20251511511,20251108,Property Damage Only,-91.17371591,42.21534783
20251511514,20251109,Property Damage Only,-95.17513582,43.14295117
20251511517,20251106,Property Damage Only,-95.9297865,43.1860549
20251511523,20251106,Property Damage Only,-92.40233708,42.6858944
20251511524,20251106,Property Damage Only,-92.46737272,42.70033597
20251511525,20251106,Property Damage Only,-92.544423,42.85259879
20251511528,20251108,Property Damage Only,-90.8275879,42.15396335
20251511531,20251106,Property Damage Only,-92.98600992,41.70284143
20251511534,20251107,Property Damage Only,-93.03909671,41.66149273
20251511536,20251107,Property Damage Only,-93.93533525,40.57735937
20251511537,20251108,Property Damage Only,-93.61696893,40.76120351
20251511538,20251108,Property Damage Only,-93.91013201,40.60337064
20251511539,20251108,Property Damage Only,-93.84593468,40.70130506
20251511540,20251109,Property Damage Only,-93.80129119,40.88020681
20251511542,20251107,Property Damage Only,-94.22389297,43.08277739
20251511543,20251106,Property Damage Only,-93.35822296,41.60057472
20251511544,20251106,Property Damage Only,-93.60045829,41.64121407
20251511547,20251107,Property Damage Only,-93.49311608,41.56297427
20251511551,20251109,Property Damage Only,-93.56066968,41.76757724
20251511554,20251109,Property Damage Only,-93.43308357,41.71068206
20251511555,20251110,Property Damage Only,-93.49739167,41.62628593
20251511559,20251106,Property Damage Only,-92.43761768,43.37119258
20251511560,20251107,Property Damage Only,-92.08049604,43.32191149
20251511561,20251108,Property Damage Only,-92.3672838,43.498309
20251511570,20251108,Property Damage Only,-91.30901448,41.22661924
20251511571,20251109,Property Damage Only,-91.28293019,41.27734961
20251511572,20251109,Property Damage Only,-91.14062694,41.24595523
20251511573,20251107,Property Damage Only,-95.53250702,40.59935371
20251511574,20251107,Property Damage Only,-91.33113289,42.44510678
20251511575,20251108,Property Damage Only,-91.32394448,42.47072185
20251511576,20251108,Property Damage Only,-93.57054198,42.2817414
20251511577,20251109,Property Damage Only,-93.79553321,42.21898815
20251511578,20251109,Property Damage Only,-93.57150778,42.2181346
20251511579,20251105,Possible/Unknown Injury Crash,-92.83040567,40.82874272
20251511582,20251106,Property Damage Only,-94.01346469,41.6029527
20251511584,20251107,Property Damage Only,-93.61687424,42.83599406
20251511585,20251107,Property Damage Only,-93.55793922,42.70189049
20251511586,20251108,Property Damage Only,-91.23776418,43.01268294
20251511588,20251110,Property Damage Only,-91.16384361,41.64647102
20251511589,20251106,Property Damage Only,-96.24745644,42.60480498
20251511592,20251107,Property Damage Only,-92.53206524,41.96420648
20251511593,20251109,Property Damage Only,-95.99639732,42.98394157
20251511595,20251105,Property Damage Only,-90.87402588,42.16051629
20251511598,20251109,Property Damage Only,-92.68554301,41.31257068
20251511599,20251105,Property Damage Only,-93.03910424,41.67394066
20251511600,20251107,Property Damage Only,-92.79056718,41.73318553
20251511603,20251105,Property Damage Only,-91.0796914,41.54497707
20251511604,20251106,Property Damage Only,-91.03925685,41.48014817
20251511608,20251107,Property Damage Only,-91.08407564,41.58203191
20251511609,20251108,Possible/Unknown Injury Crash,-91.03821162,41.58495096
20251511622,20251024,Property Damage Only,-92.43996961,42.52399139
20251511628,20251107,Property Damage Only,-92.45601632,42.55485945
20251511633,20251108,Property Damage Only,-92.98581029,41.40730967
20251511636,20251109,Property Damage Only,-91.55017544,41.39030327
20251511637,20251110,Property Damage Only,-91.53690217,41.2748233
20251511642,20251106,Property Damage Only,-91.41079098,42.47099563
20251511643,20251106,Property Damage Only,-90.18182572,42.01817508
20251511647,20251109,Property Damage Only,-90.29883355,41.77786263
20251511648,20251109,Property Damage Only,-90.19976666,42.00288187
20251511650,20251109,Property Damage Only,-94.54358508,42.44941136
20251511651,20251107,Property Damage Only,-94.2242094,40.92991105
20251511658,20251106,Property Damage Only,-96.39850834,42.54190854
20251511665,20251105,Property Damage Only,-94.10566937,42.44960976
20251511666,20251107,Property Damage Only,-94.42568712,41.68063213
20251511667,20251107,Property Damage Only,-93.92407088,42.04896666
20251511668,20251022,Property Damage Only,-91.50934766,41.92482419
20251511673,20251105,Property Damage Only,-91.80966685,43.39227709
20251511674,20251107,Property Damage Only,-91.93436874,43.19994589
20251511675,20251107,Property Damage Only,-93.20122489,43.06955092
20251511676,20251108,Property Damage Only,-93.31658189,43.14813693
20251511677,20251108,Property Damage Only,-93.02907263,43.14713042
20251511678,20251108,Property Damage Only,-93.35457415,42.98029879
20251511679,20251109,Property Damage Only,-93.32131091,43.19865872
20251511680,20251109,Property Damage Only,-93.29682224,43.13363804
20251511682,20251108,Property Damage Only,-93.45210024,43.13365216
20251511686,20251110,Property Damage Only,-90.23677803,41.84385712
20251511688,20251108,Property Damage Only,-92.25636753,42.45844732
20251511689,20251106,Property Damage Only,-94.79780885,43.40654357
20251511690,20251107,Property Damage Only,-94.47441072,43.39187534
20251511703,20251106,Property Damage Only,-93.18677859,43.13356442
20251511724,20251106,Property Damage Only,-95.59694213,41.46137737
20251511726,20251106,Property Damage Only,-95.78344264,41.23262909
20251511727,20251107,Property Damage Only,-95.88283136,41.35935896
20251511729,20251106,Property Damage Only,-91.1756806,41.06018951
20251511731,20251107,Property Damage Only,-91.12997158,41.00849209
20251511732,20251107,Property Damage Only,-93.87830054,41.96668203
20251511733,20251109,Property Damage Only,-94.02816211,42.09622955
20251511734,20251106,Property Damage Only,-92.33763925,42.6413212
20251511735,20251107,Property Damage Only,-92.17193696,42.56999933
20251511736,20251107,Suspected Minor Injury Crash,-92.20887717,42.44947472
20251511737,20251107,Property Damage Only,-92.43335522,42.583604
20251511738,20251110,Property Damage Only,-92.49409343,42.39184716
20251511739,20251106,Property Damage Only,-92.95898942,42.0075022
20251511740,20251106,Property Damage Only,-93.02107209,42.07827245
20251511741,20251106,Possible/Unknown Injury Crash,-91.78263068,40.99012096
20251511742,20251107,Property Damage Only,-91.75987885,40.98746428
20251511743,20251108,Property Damage Only,-92.01156478,40.9924376
20251511745,20251107,Property Damage Only,-92.46838389,41.58523987
20251511746,20251106,Property Damage Only,-91.86372953,41.77547644
20251511747,20251107,Property Damage Only,-92.06509625,41.5217249
20251511753,20251106,Property Damage Only,-92.29843729,42.44207865
20251511761,20251106,Property Damage Only,-92.00933551,41.68605249
20251511767,20251106,Property Damage Only,-93.48618598,41.66870366
20251511769,20251107,Property Damage Only,-93.41406511,41.59970261
20251511771,20251106,Property Damage Only,-93.18179441,41.68844919
20251511773,20251105,Possible/Unknown Injury Crash,-95.70649516,42.24067853
20251511777,20251106,Property Damage Only,-91.16177265,40.86826793
20251511778,20251106,Property Damage Only,-92.18575533,42.42447453
20251511779,20251107,Property Damage Only,-92.33868089,42.45279177
20251511796,20251108,Property Damage Only,-91.22919579,42.1652894
20251511797,20251109,Property Damage Only,-90.67992109,42.45047632
20251511799,20251110,Property Damage Only,-91.50082558,42.16152425
20251511803,20251110,Property Damage Only,-92.78783671,42.3869852
20251511804,20251110,Property Damage Only,-94.9884443,40.98771987
20251511805,20251110,Property Damage Only,-91.39331291,42.85464904
20251511806,20251108,Property Damage Only,-93.26996776,41.35631692
20251511808,20251109,Property Damage Only,-90.68309662,42.08973405
20251511809,20251110,Property Damage Only,-90.76673774,42.12803767
20251511815,20251107,Property Damage Only,-91.15168884,40.84728076
20251511816,20251108,Property Damage Only,-91.31452773,40.83486754
20251511818,20251110,Property Damage Only,-91.32779019,40.85126584
20251511819,20251103,Property Damage Only,-92.24315107,42.45205669
20251511821,20251107,Property Damage Only,-92.37654881,42.61461272
20251511822,20251106,Property Damage Only,-92.81009974,42.83824572
20251511824,20251107,Property Damage Only,-95.75960563,41.56434641
20251511825,20251109,Property Damage Only,-95.89477071,41.60935527
20251511826,20251110,Property Damage Only,-91.48580184,40.98726121
20251511827,20251110,Property Damage Only,-90.68277675,42.08357664
20251511829,20251107,Property Damage Only,-95.44536602,42.5036486
20251511830,20251108,Property Damage Only,-95.43920973,42.33195047
20251511836,20251110,Suspected Minor Injury Crash,-93.69871827,42.10731868
20251511845,20251110,Property Damage Only,-91.55037366,42.00211124
20251511847,20251110,Property Damage Only,-91.62951734,41.06150972
20251511850,20251110,Property Damage Only,-91.33866716,42.47011675
20251511852,20251109,Property Damage Only,-95.36797509,41.99349072
20251511853,20251110,Possible/Unknown Injury Crash,-96.31056961,42.58314196
20251511860,20251110,Property Damage Only,-92.54497878,42.92189638
20251511861,20251110,Property Damage Only,-90.99133866,41.48243739
20251511868,20251110,Property Damage Only,-91.36104894,42.77734215
20251511869,20251110,Property Damage Only,-91.37226714,42.74340859
20251511871,20251110,Property Damage Only,-92.62097786,41.27812872
20251511873,20251110,Property Damage Only,-92.98496754,41.43006271
20251511877,20251109,Property Damage Only,-90.46580263,42.31361665
20251511878,20251111,Property Damage Only,-92.31583491,41.96399517
20251511881,20251110,Property Damage Only,-90.53212713,41.69872707
20251511882,20251111,Property Damage Only,-92.6332157,42.5338597
20251511883,20251111,Property Damage Only,-91.49364303,42.82734104
20251511895,20251110,Property Damage Only,-91.49401989,40.69578793
20251511896,20251110,Property Damage Only,-91.0258811,41.44257691
20251511897,20251025,Property Damage Only,-93.89478022,40.61768827
20251511898,20251105,Property Damage Only,-91.63675602,41.70376292
20251511899,20251111,Property Damage Only,-90.62895819,41.94764145
20251511900,20251111,Property Damage Only,-93.88461195,41.96666059
20251511913,20251110,Property Damage Only,-93.44691107,42.68762642
20251511915,20251110,Property Damage Only,-93.03888124,41.62276171
20251511917,20251110,Property Damage Only,-90.55292309,41.61103697
20251511920,20251109,Property Damage Only,-93.96590422,42.03215837
20251511924,20251104,Property Damage Only,-91.19686255,41.24283267
20251511927,20251106,Property Damage Only,-95.88504589,43.12727958
20251511928,20251111,Property Damage Only,-93.7924588,41.87799629
20251511938,20251110,Property Damage Only,-92.31427052,42.25423605
20251511941,20251109,Property Damage Only,-90.66621537,41.58457352
20251511944,20251111,Property Damage Only,-90.5125503,41.57488336
20251511946,20251108,Property Damage Only,-92.78619346,43.12730374
20251511964,20251111,Property Damage Only,-94.14569597,42.4099152
20251511968,20251111,Property Damage Only,-90.47643667,42.18889208
20251511971,20251111,Property Damage Only,-90.62039216,41.94052958
20251511972,20251111,Property Damage Only,-90.23398928,41.84876112
20251511974,20251107,Possible/Unknown Injury Crash,0,0
20251511976,20251026,Property Damage Only,-91.58148239,43.15806061
20251511977,20251104,Property Damage Only,-91.7066441,42.08079386
20251511979,20251111,Property Damage Only,-94.1301679,41.83562084
20251511993,20251111,Property Damage Only,-95.07470015,40.74230964
20251512001,20251111,Property Damage Only,-96.22315446,42.15651517
20251512002,20251111,Property Damage Only,-92.91022823,43.11910273
20251512004,20251111,Property Damage Only,-94.20692214,42.4922661
20251512005,20251111,Property Damage Only,-91.14190737,40.83946695
20251512012,20251111,Property Damage Only,-93.16141729,43.1117031
20251512015,20251111,Property Damage Only,-94.33837346,42.03454351
20251512017,20251111,Property Damage Only,-91.55561966,41.92601012
20251512019,20251111,Property Damage Only,-93.80742439,41.54160593
20251512020,20251111,Property Damage Only,-93.5290304,41.6006272
20251512025,20251111,Property Damage Only,-93.80136697,41.74680354
20251512028,20251108,Property Damage Only,-90.61983516,41.56020558
20251512030,20251111,Property Damage Only,-91.38523397,43.03706496
20251512031,20251112,Property Damage Only,-92.75351901,42.00618212
20251512032,20251111,Property Damage Only,-94.41419601,41.11763103
20251512035,20251111,Property Damage Only,-96.21078064,42.13847424
20251512036,20251111,Property Damage Only,-90.91826051,41.5110218
20251512037,20251111,Property Damage Only,-90.82801456,41.51587297
20251512040,20251111,Property Damage Only,-91.09061375,41.45689204
20251512041,20251111,Property Damage Only,-90.85651306,41.51943412
20251512043,20251109,Property Damage Only,-93.5776558,41.38777332
20251512044,20251111,Property Damage Only,-93.51555029,42.60037976
20251512045,20251112,Possible/Unknown Injury Crash,-93.7222673,41.65248371
20251512046,20251111,Property Damage Only,-93.20222086,42.96890865
20251512048,20251110,Suspected Minor Injury Crash,-91.57886957,41.64334608
20251512050,20251112,Property Damage Only,-96.20799083,42.13354556
20251512056,20251111,Property Damage Only,-96.32653528,42.63377915
20251512057,20251112,Property Damage Only,-93.78179714,41.05895454
20251512062,20251111,Property Damage Only,-93.85129312,41.62937995
20251512071,20251111,Property Damage Only,-96.32625925,42.46064885
20251512079,20251111,Property Damage Only,-96.11853192,42.47477926
20251512085,20251106,Property Damage Only,-95.33390826,41.62893649
20251512089,20251110,Property Damage Only,-93.24558565,41.82013968
20251512090,20251111,Property Damage Only,-92.96232057,41.70278206
20251512096,20251106,Property Damage Only,-93.61021066,41.99279202
20251512102,20251111,Property Damage Only,-93.67843598,41.99158047
20251512103,20251110,Property Damage Only,-94.59309868,42.3988963
20251512122,20251109,Suspected Minor Injury Crash,-96.33630674,42.44811029
20251512136,20251112,Property Damage Only,-92.48116339,41.06521279
20251512137,20251112,Property Damage Only,-93.76020986,41.17671572
20251512142,20251112,Property Damage Only,-92.89421531,41.10886847
20251512143,20251102,Property Damage Only,-93.81454937,42.44331271
20251512144,20251112,Property Damage Only,-96.39880901,42.56448271
20251512147,20251111,Property Damage Only,-92.63998691,41.19340789
20251512150,20251112,Property Damage Only,-93.85800017,41.87385055
20251512151,20251106,Property Damage Only,-92.27065068,40.90026824
20251512152,20251112,Property Damage Only,-93.82611321,41.34893052
20251512156,20251110,Property Damage Only,-96.10257012,42.80800317
20251512169,20251110,Property Damage Only,-92.4514141,41.04875234
20251512171,20251111,Property Damage Only,-92.4300073,41.09289608
20251512172,20251112,Property Damage Only,-93.41850349,41.37235661
20251512173,20251111,Property Damage Only,-93.96990263,41.83470828
20251512186,20251110,Property Damage Only,-92.68864456,41.24571433
20251512199,20251103,Property Damage Only,-91.91025108,42.26114153
20251512217,20251112,Property Damage Only,-92.33696639,41.33619495
20251512224,20251110,Property Damage Only,-91.85296862,41.68040989
20251512225,20251111,Property Damage Only,-92.1047609,41.69232977
20251512226,20251111,Property Damage Only,-92.27542261,41.84431786
20251512227,20251112,Property Damage Only,-91.88432496,41.80345529
20251512239,20251028,Property Damage Only,-91.65573709,41.92695588
20251512250,20251111,Property Damage Only,-95.92615585,43.18603984
20251512252,20251106,Property Damage Only,-91.7804626,43.28887763
20251512253,20251107,Property Damage Only,-91.86966306,43.11786809
20251512255,20251111,Property Damage Only,-91.8550841,43.40782315
20251512257,20251111,Property Damage Only,-91.84329196,43.24780322
20251512258,20251110,Property Damage Only,-91.86438497,43.16927795
20251512261,20251111,Property Damage Only,-91.09769551,42.10178108
20251512278,20251112,Property Damage Only,-95.6533027,40.58501175
20251512280,20251111,Property Damage Only,-94.11384996,42.03461862
20251512288,20251108,Property Damage Only,-93.3990965,42.98050341
20251512290,20251112,Property Damage Only,-92.64589788,43.01985056
20251512293,20251110,Property Damage Only,-92.35026106,41.74650907
20251512300,20251112,Property Damage Only,-96.57115602,43.44773457
20251512301,20251112,Property Damage Only,-94.19547626,42.46312643
20251512303,20251112,Property Damage Only,-93.89746955,41.35633182
20251512314,20251111,Property Damage Only,-93.21228384,42.8033016
20251512322,20251109,Property Damage Only,-95.37529608,41.37165528
20251512325,20251112,Property Damage Only,-92.41014088,41.07353689
20251512326,20251112,Property Damage Only,-91.48749658,42.04814158
20251512327,20251112,Property Damage Only,-91.57565074,41.9764533
20251512328,20251112,Property Damage Only,-91.76624658,42.01210111
20251512329,20251112,Property Damage Only,-91.79757701,42.16811688
20251512331,20251112,Property Damage Only,-91.56505812,40.8532099
20251512332,20251112,Property Damage Only,-93.70058225,40.7187554
20251512339,20251112,Property Damage Only,-93.52897465,40.76097375
20251512341,20251112,Property Damage Only,-90.67030144,42.20198289
20251512342,20251112,Property Damage Only,-93.6766168,41.7428322
20251512348,20251112,Property Damage Only,-94.46837694,42.03459285
20251512349,20251104,Property Damage Only,-91.67589626,42.04782228
20251512354,20251107,Property Damage Only,-90.56567898,41.70699029
20251512357,20251113,Property Damage Only,-90.67983222,42.29095296
20251512358,20251106,Property Damage Only,-93.47872678,42.63729166
20251512359,20251107,Property Damage Only,-91.64093498,41.70507338
20251512363,20251031,Property Damage Only,-93.60990589,42.00639362
20251512367,20251104,Property Damage Only,-91.4127581,42.81558611
20251512368,20251112,Property Damage Only,-91.3500554,41.37209687
20251512369,20251112,Property Damage Only,-91.03827406,41.5373065
20251512371,20251112,Property Damage Only,-93.25268114,43.14837693
20251512372,20251113,Property Damage Only,-94.01767341,41.45666508
20251512373,20251110,Property Damage Only,-90.9780755,42.31306406
20251512375,20251112,Property Damage Only,-90.89955968,42.58515559
20251512376,20251112,Property Damage Only,-90.82638079,42.44050698
20251512377,20251111,Property Damage Only,-93.62098759,42.07547747
20251512391,20251106,Property Damage Only,-93.20092831,43.17793431
20251512392,20251112,Property Damage Only,-95.54288748,41.28931843
20251512393,20251113,Property Damage Only,-93.97136626,42.16774831
20251512402,20251111,Property Damage Only,-93.05825023,41.72314757
20251512403,20251112,Property Damage Only,-93.05838359,41.81725294
20251512404,20251112,Property Damage Only,-91.44005081,40.44552071
20251512406,20251112,Property Damage Only,-91.56455035,40.69402017
20251512414,20251111,Property Damage Only,-95.1488576,41.49848344
20251512415,20251112,Property Damage Only,-95.85809967,41.494051
20251512416,20251113,Property Damage Only,-93.46327347,41.95045413
20251512417,20251111,Property Damage Only,-91.42337042,40.60047389
20251512418,20251112,Property Damage Only,-91.38731124,40.46214724
20251512419,20251112,Suspected Minor Injury Crash,-91.224523,40.7204764
20251512420,20251110,Property Damage Only,-91.41960068,40.43309933
20251512422,20251112,Property Damage Only,-91.32009889,42.63016129
20251512423,20251112,Property Damage Only,-91.46520986,42.46671227
20251512424,20251111,Property Damage Only,-91.1904788,41.73940959
20251512425,20251106,Property Damage Only,-91.33889961,41.66399602
20251512426,20251106,Property Damage Only,-90.91896531,41.74243075
20251512427,20251107,Property Damage Only,-91.35258405,41.91807031
20251512428,20251107,Property Damage Only,-90.89959079,41.94199858
20251512429,20251107,Property Damage Only,-91.13264111,41.66539552
20251512430,20251109,Property Damage Only,-91.0581423,41.64078845
20251512431,20251110,Property Damage Only,-91.13265927,41.70132316
20251512432,20251111,Property Damage Only,-91.32090448,41.78642308
20251512434,20251112,Property Damage Only,-94.65754104,42.44996309
20251512436,20251113,Property Damage Only,-96.33617042,42.44851946
20251512438,20251031,Property Damage Only,-94.47916658,41.68130718
20251512439,20251112,Property Damage Only,-92.27141485,42.47606037
20251512442,20251113,Property Damage Only,-93.58234901,41.24332047
20251512446,20251113,Property Damage Only,-95.13460132,43.42223466
20251512447,20251112,Property Damage Only,-92.47996143,42.71487469
20251512449,20251112,Property Damage Only,-92.45030233,42.72265202
20251512465,20251022,Property Damage Only,-91.0377231,41.00362529
20251512466,20251106,Property Damage Only,-91.15153879,40.76512676
20251512467,20251112,Property Damage Only,-91.22809194,40.82684311
20251512469,20251112,Property Damage Only,-93.58336529,41.89812702
20251512471,20251104,Property Damage Only,-91.29024065,41.21635278
20251512472,20251111,Property Damage Only,-91.55270184,40.90089707
20251512475,20251104,Property Damage Only,-91.1967805,41.19762376
20251512476,20251112,Property Damage Only,-91.16077279,41.17821985
20251512485,20251109,Property Damage Only,-92.66720565,41.27942463
20251512486,20251112,Property Damage Only,-92.64043916,41.23714255
20251512487,20251112,Property Damage Only,-92.63060402,41.17177717
20251512488,20251112,Property Damage Only,-92.62243862,41.38092936
20251512489,20251102,Property Damage Only,-92.45263011,42.49906139
20251512500,20251105,Property Damage Only,-95.32447022,42.85129093
20251512502,20251106,Property Damage Only,-95.04480074,42.60463222
20251512507,20251113,Property Damage Only,-94.33535712,41.05004988
20251512508,20251113,Property Damage Only,-94.33552367,41.05004795
20251512509,20251107,Property Damage Only,-95.14840861,42.35344043
20251512526,20251112,Property Damage Only,-92.92815465,40.73984027
20251512528,20251113,Property Damage Only,-90.61861637,41.93930396
20251512541,20251111,Property Damage Only,-92.10340662,42.44961681
20251512546,20251110,Property Damage Only,-92.45567655,42.55330885
20251512548,20251107,Property Damage Only,-92.22069423,42.44971778
20251512549,20251106,Property Damage Only,-91.80330086,41.96425476
20251512558,20251113,Property Damage Only,-92.19312702,43.00847705
20251512564,20251113,Property Damage Only,-90.35499304,41.743993
20251512578,20251113,Property Damage Only,-96.19388463,42.57594913
20251512583,20251112,Property Damage Only,-95.50168465,42.35566546
20251512587,20251113,Property Damage Only,-93.52622583,41.70286245
20251512589,20251113,Property Damage Only,-95.4337281,41.0306598
20251512590,20251113,Property Damage Only,-92.68169948,41.99977285
20251512593,20251113,Property Damage Only,-91.41598016,42.01972557
20251512595,20251113,Property Damage Only,-92.99142063,40.681495
20251512596,20251112,Property Damage Only,-91.03893327,41.50794667
20251512597,20251113,Property Damage Only,-91.19453626,41.34239776
20251512600,20251113,Property Damage Only,-93.26026341,42.8913107
20251512608,20251113,Property Damage Only,-93.66136079,42.78970144
20251512609,20251113,Property Damage Only,-95.72489323,41.3457646
20251512621,20251007,Property Damage Only,-91.99110552,41.00638495
20251512627,20251113,Property Damage Only,-92.35285384,41.69548982
20251512631,20251113,Property Damage Only,-93.30804894,40.99337217
20251512633,20251112,Property Damage Only,-93.9018883,42.03467871
20251512641,20251113,Property Damage Only,-93.69985828,42.86297399
20251512647,20251106,Property Damage Only,-92.72732864,41.73060294
20251512650,20251113,Possible/Unknown Injury Crash,-91.05644351,41.45289698
20251512651,20251113,Property Damage Only,-94.12850194,42.45001762
20251512652,20251113,Property Damage Only,-93.60992879,41.95060633
20251512653,20251114,Property Damage Only,-93.60939209,42.06513712
20251512654,20251113,Property Damage Only,-91.24841748,40.6919437
20251512655,20251113,Possible/Unknown Injury Crash,-91.5558802,40.6373037
20251512666,20251112,Property Damage Only,-93.4873233,43.10848301
20251512668,20251112,Property Damage Only,-91.87053611,41.68714996
20251512669,20251112,Property Damage Only,-91.84433507,41.75930486
20251512670,20251113,Property Damage Only,-92.26573539,41.84456257
20251512674,20251113,Property Damage Only,-93.66689641,41.19094976
20251512675,20251113,Property Damage Only,-93.55857911,41.40880108
20251512676,20251114,Property Damage Only,-93.55813952,41.45387678
20251512680,20251113,Property Damage Only,-96.42773275,42.89447136
20251512681,20251113,Property Damage Only,-95.12455905,43.46673064
20251512687,20251109,Property Damage Only,-91.23123329,41.46921066
20251512689,20251112,Property Damage Only,-92.0028425,43.30782608
20251512691,20251112,Property Damage Only,-92.52576058,41.10162638
20251512693,20251113,Property Damage Only,-93.4425253,41.26613798
20251512695,20251114,Property Damage Only,-92.72429778,43.13439326
20251512696,20251112,Property Damage Only,-93.17415563,41.77880205
20251512697,20251102,Property Damage Only,-91.44209815,40.44877339
20251512698,20251112,Property Damage Only,-91.42349707,40.59961082
20251512699,20251112,Property Damage Only,-92.99304511,41.77635783
20251512702,20251113,Property Damage Only,-91.53994887,41.30739672
20251512737,20251112,Property Damage Only,-92.53485668,42.81768269
20251512738,20251106,Property Damage Only,-92.39526798,42.71498116
20251512748,20251113,Property Damage Only,-94.49315232,41.78360492
20251512754,20251113,Property Damage Only,-91.33169307,41.91827297
20251512758,20251114,Property Damage Only,-91.7561646,42.06588649
20251512761,20251111,Property Damage Only,-91.59479633,41.0617851
20251512767,20251103,Property Damage Only,-92.75400795,43.12720305
20251512773,20251113,Property Damage Only,-91.18926785,40.72996349
20251512774,20251113,Property Damage Only,-91.1482412,40.77721653
20251512775,20251113,Property Damage Only,-91.15497421,40.75314718
20251512778,20251113,Property Damage Only,-93.79743658,40.98119768
20251512779,20251114,Property Damage Only,-92.68709583,42.09355519
20251512781,20251114,Property Damage Only,-91.34130364,42.87718518
20251512783,20251114,Property Damage Only,-92.67073603,41.9997059
20251512784,20251115,Property Damage Only,-92.52392644,40.64938869
20251512785,20251115,Property Damage Only,-94.04204469,41.32296566
20251512787,20251113,Property Damage Only,-92.47543514,42.79547982
20251512788,20251106,Property Damage Only,-91.5501336,42.06847569
20251512789,20251114,Property Damage Only,-93.85111309,41.34932483
20251512791,20251114,Property Damage Only,-92.57416555,42.97883117
20251512792,20251114,Property Damage Only,-94.78467695,40.58692434
20251512793,20251114,Property Damage Only,-90.85406031,42.15674023
20251512805,20251108,Property Damage Only,-91.81257467,42.19152709
20251512810,20251111,Property Damage Only,-92.64585309,41.32398529
20251512811,20251114,Property Damage Only,-91.40463923,40.9061138
20251512813,20251114,Property Damage Only,-92.71750752,43.08162591
20251512816,20251114,Property Damage Only,-91.53424372,40.9904727
20251512819,20251114,Property Damage Only,-90.7625301,42.46805889
20251512829,20251114,Property Damage Only,-93.5199245,41.52757443
20251512831,20251114,Property Damage Only,-92.37991558,40.73437735
20251512833,20251114,Property Damage Only,-90.92793671,41.85520794
20251512835,20251115,Property Damage Only,-95.92323492,42.13384859
20251512837,20251114,Property Damage Only,-90.23646061,41.84451591
20251512844,20251115,Property Damage Only,-91.54301422,40.84406961
20251512846,20251114,Property Damage Only,-91.47629651,41.87236885
20251512848,20251114,Property Damage Only,-93.16449153,43.16272032
20251512850,20251114,Property Damage Only,-90.34105792,41.67924226
20251512855,20251113,Property Damage Only,-90.90160976,41.51717687
20251512856,20251113,Property Damage Only,-91.09417259,41.46823671
20251512857,20251113,Property Damage Only,-90.8165417,41.51459284
20251512858,20251115,Property Damage Only,-90.8124002,41.5140998
20251512860,20251115,Property Damage Only,-91.24921077,41.77254527
20251512862,20251114,Property Damage Only,-90.98838712,41.48570029
20251512867,20251114,Property Damage Only,-92.04252523,41.58286033
20251512871,20251115,Property Damage Only,-92.52358468,40.63424356
20251512874,20251114,Property Damage Only,-91.10752646,40.78345581
20251512879,20251114,Possible/Unknown Injury Crash,-93.50311684,41.67707949
20251512881,20251114,Property Damage Only,-95.81770977,41.22019472
20251512883,20251115,Property Damage Only,-90.66280411,41.53812999
20251512900,20251114,Property Damage Only,-94.38928772,41.07119305
20251512910,20251114,Property Damage Only,-92.64029283,41.18980568
20251512911,20251115,Property Damage Only,-91.42490881,41.97946419
20251512913,20251113,Property Damage Only,-92.78785591,42.38849825
20251512914,20251114,Property Damage Only,-92.99000187,42.46239917
20251512915,20251115,Property Damage Only,-95.70750889,41.0732762
20251512916,20251114,Property Damage Only,-92.64569987,41.31256303
20251512917,20251114,Property Damage Only,-90.51063705,41.8077052
20251512921,20251114,Property Damage Only,-92.9250907,42.41844399
20251512922,20251115,Property Damage Only,-92.33573696,43.05699401
20251512923,20251115,Property Damage Only,-90.6765402,42.16394359
20251512924,20251115,Property Damage Only,-93.18310906,41.89738221
20251512931,20251115,Property Damage Only,-91.16965199,40.93196984
20251512932,20251115,Property Damage Only,-91.16964038,40.93368112
20251512937,20251115,Property Damage Only,-93.69730802,41.53063491
20251512940,20251115,Property Damage Only,-90.6689335,42.0452917
20251512945,20251115,Suspected Minor Injury Crash,-92.91544614,40.73981365
20251512947,20251114,Property Damage Only,-91.52275929,41.66801987
20251512953,20251115,Property Damage Only,-90.62406596,42.05874439
20251512954,20251113,Property Damage Only,-93.7248811,42.02244133
20251512955,20251104,Property Damage Only,-90.27403544,41.79123556
20251512956,20251115,Property Damage Only,-93.65695446,43.00962489
20251512960,20251115,Property Damage Only,-91.57486662,41.97643456
20251512962,20251115,Property Damage Only,-90.67229705,42.17995964
20251512974,20251115,Property Damage Only,-91.56255836,42.0202862
20251512978,20251112,Property Damage Only,-91.0754365,42.59297376
20251512979,20251113,Property Damage Only,-90.69455177,42.41195873
20251512980,20251113,Property Damage Only,-91.10951543,42.49689558
20251512981,20251113,Property Damage Only,-91.08363846,42.36821795
20251512982,20251114,Property Damage Only,-90.62739928,42.42317726
20251512984,20251110,Property Damage Only,-91.44647964,40.42236513
20251512985,20251115,Property Damage Only,-91.27829403,40.64894701
20251512986,20251116,Property Damage Only,-91.56445033,40.54131752
20251512996,20251114,Property Damage Only,-91.84695858,41.75924115
20251512997,20251114,Property Damage Only,-92.00688017,41.73161556
20251513000,20251114,Property Damage Only,-96.14390649,42.84517001
20251513001,20251115,Property Damage Only,-96.60594892,42.76163755
20251513003,20251116,Suspected Minor Injury Crash,-93.84656948,41.17545574
20251513004,20251116,Property Damage Only,-95.14422088,43.13447647
20251513009,20251116,Property Damage Only,-93.79964472,41.00359461
20251513011,20251116,Property Damage Only,-95.12816823,43.12645617
20251513012,20251114,Property Damage Only,-94.29086573,42.75389738
20251513013,20251115,Property Damage Only,-94.25081462,42.65929911
20251513020,20251115,Property Damage Only,-93.96378727,42.58709343
20251513023,20251115,Property Damage Only,-93.35122209,42.91494967
20251513040,20251111,Property Damage Only,-91.55136425,41.42724789
20251513042,20251116,Property Damage Only,-92.72929837,42.35735803
20251513044,20251111,Property Damage Only,-93.79699537,41.61488942
20251513056,20251114,Property Damage Only,-91.51365363,41.67848547
20251513058,20251112,Property Damage Only,-95.60126399,41.64606069
20251513065,20251116,Property Damage Only,-90.72529429,42.08970512
20251513071,20251115,Property Damage Only,-90.70762548,41.47970654
20251513074,20251116,Property Damage Only,-93.75553729,41.60962095
20251513075,20251116,Property Damage Only,-93.34309419,43.06843009
20251513076,20251116,Property Damage Only,-93.202527,42.95008734
20251513081,20251116,Property Damage Only,-90.56783903,41.85569055
20251513090,20251117,Property Damage Only,-92.46263821,41.69497474
20251513092,20251114,Property Damage Only,-93.43886439,43.13624306
20251513094,20251116,Property Damage Only,-94.18824874,42.49577535
20251513095,20251116,Property Damage Only,-93.83335433,42.66443887
20251513098,20251116,Property Damage Only,-93.67703479,41.51421858
20251513105,20251113,Property Damage Only,-90.48817829,41.56066362
20251513107,20251117,Property Damage Only,-91.78359519,41.92549967
20251513108,20251116,Property Damage Only,-96.36090643,42.57319272
20251513116,20251115,Property Damage Only,-91.56488053,40.68966426
20251513118,20251115,Property Damage Only,-96.03213573,42.48217831
20251513120,20251114,Property Damage Only,-93.25434057,43.19857507
20251513122,20251114,Property Damage Only,-93.37314224,42.00780373
20251513125,20251114,Property Damage Only,-91.37674827,40.64286047
20251513126,20251113,Property Damage Only,-93.46330275,41.94116809
20251513127,20251112,Property Damage Only,-93.62880257,42.00373379
20251513132,20251117,Property Damage Only,-93.81351885,42.49614832
20251513139,20251115,Property Damage Only,-92.31935274,41.07583788
20251513144,20251114,Property Damage Only,-91.41797605,42.63027628
20251513145,20251114,Property Damage Only,-91.69918278,42.46120468
20251513146,20251115,Property Damage Only,-91.12601662,42.47082566
20251513148,20251116,Property Damage Only,-91.5288742,41.22129776
20251513149,20251115,Property Damage Only,-92.84503527,41.81958613
20251513151,20251108,Property Damage Only,-96.37619018,42.52546053
20251513163,20251114,Possible/Unknown Injury Crash,-96.32686148,42.50641052
20251513174,20251116,Property Damage Only,-91.1249278,41.64518509
20251513177,20251116,Property Damage Only,-92.00777029,43.31339772
20251513181,20251115,Property Damage Only,-93.57415813,42.4486595
20251513183,20251113,Property Damage Only,-91.70168453,42.98555093
20251513185,20251114,Property Damage Only,-91.51097739,42.57095234
20251513190,20251114,Property Damage Only,-93.55849257,41.44757884
20251513194,20251117,Property Damage Only,-91.42306862,42.67248256
20251513204,20251116,Property Damage Only,-95.55450168,42.66933545
20251513206,20251114,Property Damage Only,-91.44575852,41.28978788
20251513210,20251115,Property Damage Only,-92.6343698,41.36462804
20251513214,20251114,Property Damage Only,-90.77065163,42.53287508
20251513228,20251114,Property Damage Only,-95.55023422,40.75049476
20251513230,20251113,Property Damage Only,-93.26272594,42.3607989
20251513232,20251115,Property Damage Only,-93.04569537,42.46006697
20251513233,20251116,Property Damage Only,-93.0708492,42.4072611
20251513235,20251115,Property Damage Only,-92.40634384,42.71505711
20251513237,20251111,Property Damage Only,-94.99395126,42.66407167
20251513238,20251112,Property Damage Only,-95.17361402,42.87592121
20251513242,20251110,Property Damage Only,-92.53736989,42.71510295
20251513243,20251111,Property Damage Only,-92.3374904,42.65764748
20251513244,20251114,Property Damage Only,-92.21917009,42.66206225
20251513245,20251115,Property Damage Only,-92.09161579,43.22612851
20251513249,20251108,Property Damage Only,-92.54477264,42.90495677
20251513251,20251116,Property Damage Only,-92.93467236,42.00330285
20251513252,20251116,Property Damage Only,-92.78534275,41.91156735
20251513260,20251113,Property Damage Only,-93.95149715,41.5425757
20251513262,20251110,Property Damage Only,-93.16692556,42.36085231
20251513264,20251117,Property Damage Only,-91.16713743,41.69460106
20251513266,20251114,Property Damage Only,-92.27044479,42.71507359
20251513267,20251113,Property Damage Only,-93.84384396,41.55798985
20251513268,20251116,Property Damage Only,-93.96846951,41.83471137
20251513269,20251116,Property Damage Only,-93.79937123,41.51851344
20251513272,20251106,Property Damage Only,-93.15582037,41.69556696
20251513273,20251107,Property Damage Only,-92.98456059,41.68207976
20251513277,20251116,Possible/Unknown Injury Crash,-93.30304888,41.81593132
20251513278,20251116,Property Damage Only,-93.78103637,41.07009361
20251513287,20251117,Property Damage Only,-94.88645796,40.67044174
20251513292,20251109,Property Damage Only,-91.61772095,41.69297949
20251513295,20251115,Property Damage Only,-91.14751052,40.77920455
20251513298,20251115,Property Damage Only,-90.55137893,41.5906318
20251513301,20251116,Property Damage Only,-91.51923166,42.46400092
20251513302,20251116,Property Damage Only,-92.23933245,42.84751132
20251513303,20251105,Property Damage Only,-92.46532425,42.48613488
20251513304,20251105,Property Damage Only,-92.41600829,42.48222881
20251513310,20251117,Property Damage Only,-93.55601046,41.74629832
20251513315,20251114,Property Damage Only,-95.77368892,41.04654541
20251513317,20251117,Property Damage Only,-94.04156806,41.21864375
20251513321,20251113,Property Damage Only,-93.36339603,41.76733476
20251513322,20251110,Property Damage Only,-93.87840007,41.56384696
20251513326,20251117,Property Damage Only,-90.56984164,41.83111954
20251513331,20251117,Property Damage Only,-93.88053918,41.57211724
20251513341,20251117,Property Damage Only,-91.55136565,41.97115082
20251513342,20251117,Property Damage Only,-91.55186254,40.90236384
20251513344,20251117,Property Damage Only,-93.52264732,41.68840436
20251513348,20251114,Property Damage Only,-95.01338922,43.02457628
20251513349,20251114,Property Damage Only,-93.52774638,41.60062409
20251513350,20251115,Property Damage Only,-93.48700332,41.59858811
20251513351,20251116,Property Damage Only,-94.22657469,42.6750146
20251513353,20251117,Property Damage Only,-93.84357772,40.71057409
20251513354,20251117,Possible/Unknown Injury Crash,-95.77298364,41.13332341
20251513355,20251116,Property Damage Only,-93.47400829,43.13017767
20251513357,20251117,Property Damage Only,-95.52514643,43.34534808
20251513358,20251117,Property Damage Only,-93.84357772,40.71057409
20251513368,20251118,Property Damage Only,-92.22792398,41.17702412
20251513372,20251115,Property Damage Only,-92.72882862,43.11353075
20251513379,20251113,Property Damage Only,-90.88641092,42.45517421
20251513380,20251115,Property Damage Only,-90.72435776,42.4167781
20251513381,20251116,Property Damage Only,-91.11734473,42.42166643
20251513392,20251117,Property Damage Only,-93.47806949,43.21113194
20251513395,20251117,Property Damage Only,-93.69863232,42.08406455
20251513397,20251118,Property Damage Only,-95.80806291,41.21497264
20251513398,20251028,Property Damage Only,-92.70387995,43.05940321
20251513399,20251118,Property Damage Only,-92.8103146,43.1948555
20251513401,20251117,Property Damage Only,-94.09085305,42.54454614
20251513402,20251118,Property Damage Only,-95.22230134,40.74231722
20251513403,20251117,Property Damage Only,-90.99366178,42.06556984
20251513411,20251117,Property Damage Only,-93.62516345,42.30827697
20251513412,20251108,Property Damage Only,-92.63996995,41.19432665
20251513413,20251117,Property Damage Only,-92.81067102,41.30183702
20251513414,20251118,Property Damage Only,-92.66991654,41.30542883
20251513416,20251117,Property Damage Only,-91.54983504,41.39862168
20251513425,20251114,Property Damage Only,-91.28355552,41.18323224
20251513430,20251113,Property Damage Only,-91.43514314,41.14662377
20251513435,20251117,Property Damage Only,-95.7269087,40.89422214
20251513436,20251117,Property Damage Only,-95.33726856,42.08491704
20251513440,20251118,Property Damage Only,-90.68894659,42.49732402
20251513465,20251107,Property Damage Only,-94.8327588,43.39136581
20251513470,20251117,Property Damage Only,-92.47558168,42.85918422
20251513482,20251114,Property Damage Only,-90.19637789,42.07666201
20251513485,20251106,Property Damage Only,-94.35633907,42.80429034
20251513486,20251118,Property Damage Only,-96.35731089,42.38041203
20251513488,20251117,Property Damage Only,-91.90987127,41.72441326
20251513531,20251118,Property Damage Only,-95.55452929,42.69442236
20251513536,20251118,Property Damage Only,-92.53358205,42.72841573
20251513537,20251106,Property Damage Only,-91.66724683,41.70729104
20251513538,20251112,Property Damage Only,-92.10620715,42.70021235
20251513546,20251118,Property Damage Only,-91.45788185,42.05007102
20251513553,20251118,Possible/Unknown Injury Crash,-91.48177331,41.65988391
20251513559,20251118,Property Damage Only,-92.61791137,43.00481215
20251513566,20251118,Property Damage Only,-91.36071995,41.28397831
20251513573,20251118,Possible/Unknown Injury Crash,-91.05994209,41.45280294
20251513575,20251118,Possible/Unknown Injury Crash,-92.8855783,40.6414487
20251513578,20251118,Property Damage Only,-91.57963549,41.92530103
20251513579,20251118,Property Damage Only,-94.37851061,42.07441666
20251513580,20251119,Property Damage Only,-94.46814747,42.03459579
20251513588,20251118,Property Damage Only,-93.61723983,42.75094532
20251513589,20251119,Property Damage Only,-93.8469742,42.5719234
20251513590,20251106,Property Damage Only,-91.43299854,43.34055288
20251513591,20251109,Property Damage Only,-91.57566976,43.15200929
20251513596,20251118,Property Damage Only,-91.47647493,40.54147895
20251513598,20251119,Property Damage Only,-94.01774619,41.46897746
20251513599,20251119,Property Damage Only,-93.56283635,41.26417144
20251513600,20251118,Property Damage Only,-93.61062628,42.06527467
20251513601,20251117,Property Damage Only,-95.00336477,41.420896
20251513606,20251118,Property Damage Only,-91.71488601,41.45106962
20251513607,20251118,Property Damage Only,-93.91149338,42.03471991
20251513610,20251118,Property Damage Only,-91.91235117,43.28427391
20251513611,20251112,Property Damage Only,-94.72603025,42.21707175
20251513612,20251112,Property Damage Only,-91.36252894,42.77823683
20251513616,20251119,Property Damage Only,-95.14206963,43.35620285
20251513618,20251117,Property Damage Only,-91.20111699,42.20521703
20251513620,20251113,Property Damage Only,-91.22448146,41.73520274
20251513629,20251117,Property Damage Only,-92.08164955,42.69306585
20251513635,20251106,Property Damage Only,-94.09043626,41.60024877
20251513636,20251114,Property Damage Only,-92.25698909,42.39966969
20251513637,20251116,Property Damage Only,-92.81014728,42.85468953
20251513638,20251119,Property Damage Only,-90.49755723,41.59632602
20251513642,20251118,Property Damage Only,-95.73863407,41.66842668
20251513643,20251119,Property Damage Only,-90.79976128,41.51294891
20251513655,20251118,Property Damage Only,-92.93732323,42.46230142
20251513672,20251111,Property Damage Only,-91.75331713,42.46313019
20251513673,20251114,Property Damage Only,-91.90483934,42.560355
20251513674,20251114,Property Damage Only,-91.90859644,42.63758671
20251513675,20251119,Property Damage Only,-91.74715531,42.46837638
20251513683,20251113,Property Damage Only,-93.9031285,40.61080372
20251513684,20251116,Property Damage Only,-92.43493187,42.58984373
20251513705,20251104,Property Damage Only,-91.88924072,42.35562924
20251513706,20251104,Property Damage Only,-91.88924072,42.35562924
20251513707,20251105,Property Damage Only,-91.89022522,42.44795804
20251513709,20251107,Property Damage Only,-91.90473775,42.57939192
20251513710,20251108,Property Damage Only,-91.69581049,42.44905363
20251513711,20251109,Property Damage Only,-91.84113883,42.45432564
20251513712,20251110,Suspected Minor Injury Crash,-91.88924541,42.35605257
20251513713,20251110,Property Damage Only,-91.753343,42.45998747
20251513714,20251115,Property Damage Only,-91.88973437,42.42548375
20251513715,20251112,Property Damage Only,-95.24623226,42.21731907
20251513716,20251117,Property Damage Only,-95.2514595,42.21270471
20251513718,20251105,Property Damage Only,-93.46749555,42.0064585
20251513719,20251106,Property Damage Only,-93.40586143,41.96104717
20251513725,20251115,Property Damage Only,-92.49531554,42.55145498
20251513727,20251108,Property Damage Only,-91.69980974,41.93451558
20251513736,20251115,Property Damage Only,-93.13868201,42.43367676
20251513737,20251117,Property Damage Only,-93.08088641,42.28353735
20251513738,20251118,Property Damage Only,-93.44824857,42.44866267
20251513740,20251119,Property Damage Only,-94.01717521,41.53965357
20251513741,20251119,Property Damage Only,-91.62305821,42.28212578
20251513745,20251109,Property Damage Only,-92.84568133,42.05148419
20251513746,20251109,Property Damage Only,-92.91476308,41.98297973
20251513747,20251109,Property Damage Only,-92.84318923,42.05257962
20251513748,20251112,Property Damage Only,-92.90802513,42.06821324
20251513750,20251114,Property Damage Only,-92.88005509,42.00355599
20251513751,20251116,Property Damage Only,-92.93534891,42.07450045
20251513759,20251116,Property Damage Only,-92.49815535,41.31561741
20251513764,20251119,Property Damage Only,-93.28073614,43.01710037
20251513767,20251119,Property Damage Only,-94.03791263,41.68846367
20251513769,20251119,Property Damage Only,-95.25371441,43.1416998
20251513770,20251110,Property Damage Only,-93.97180229,42.11553502
20251513775,20251119,Property Damage Only,-91.55530985,41.66542541
20251513776,20251119,Property Damage Only,-91.48897367,42.02711336
20251513779,20251104,Property Damage Only,-93.89867723,42.03485701
20251513780,20251109,Property Damage Only,-93.71800206,42.16662373
20251513781,20251115,Property Damage Only,-92.53600774,41.73133173
20251513788,20251116,Property Damage Only,-91.37788963,42.88228406
20251513791,20251119,Property Damage Only,-91.92610104,41.05365697
20251513798,20251119,Property Damage Only,-93.45005906,41.60065722
20251513800,20251119,Property Damage Only,-93.69879565,42.79693556
20251513801,20251119,Property Damage Only,-93.53286267,42.66645596
20251513805,20251119,Property Damage Only,-95.65098201,41.37598839
20251513807,20251119,Property Damage Only,-93.45518194,43.13305462
20251513808,20251119,Property Damage Only,-91.18964797,40.86600661
20251513815,20251118,Property Damage Only,-95.42087785,42.33371702
20251513818,20251119,Property Damage Only,-91.11274362,41.5672668
20251513822,20251120,Property Damage Only,-95.7968331,41.26712323
20251513823,20251119,Property Damage Only,-95.1534227,42.63174595
20251513836,20251112,Property Damage Only,-92.52654153,42.54239336
20251513838,20251119,Property Damage Only,-92.44188597,42.60954624
20251513839,20251119,Property Damage Only,-91.01765276,42.30890128
20251513840,20251120,Property Damage Only,-90.69948583,42.4538156
20251513849,20251119,Property Damage Only,-95.88534041,42.35332803
20251513850,20251119,Property Damage Only,-96.31612692,42.32945676
20251513852,20251118,Property Damage Only,-92.06970242,41.68936722
20251513854,20251120,Property Damage Only,-94.37726157,41.99367181
20251513858,20251119,Suspected Minor Injury Crash,-96.46852813,42.84081959
20251513859,20251119,Property Damage Only,-91.43846422,40.84859273
20251513860,20251119,Property Damage Only,-93.56951416,42.00933013
20251513861,20251119,Property Damage Only,-93.05796262,41.73755907
20251513864,20251015,Property Damage Only,-93.17216009,41.90535217
20251513865,20251120,Property Damage Only,-93.45318314,41.48447712
20251513870,20251119,Property Damage Only,-93.79532352,42.38834043
20251513872,20251119,Property Damage Only,-91.80504634,42.82640422
20251513875,20251120,Property Damage Only,-93.83157597,41.58041716
20251513878,20251120,Property Damage Only,-94.37605777,40.98578645
20251513881,20251119,Property Damage Only,-93.5198393,41.23607111
20251513887,20251120,Property Damage Only,-95.83465145,41.25559708
20251513893,20251119,Property Damage Only,-94.41408657,41.1108676
20251513906,20251119,Property Damage Only,-96.39597055,42.56739435
20251513915,20251119,Property Damage Only,-96.3290112,43.19983098
20251513920,20251120,Property Damage Only,-93.7707188,41.52279836
20251513926,20251118,Property Damage Only,-93.32365588,41.79807736
20251513936,20251114,Property Damage Only,-91.35557503,41.31100784
20251513962,20251119,Property Damage Only,-91.70897318,42.0004383
20251513967,20251117,Property Damage Only,-93.32547235,43.14791388
20251513969,20251120,Property Damage Only,-96.46898749,42.85906592
20251513972,20251120,Property Damage Only,-94.31797486,41.38289996
20251513973,20251119,Property Damage Only,-94.67840498,42.69107709
20251513985,20251120,Property Damage Only,-94.61433728,43.3996289
20251513988,20251120,Property Damage Only,-93.55857794,41.41285448
20251513994,20251120,Property Damage Only,-91.21545952,41.46101381
20251513995,20251120,Property Damage Only,-95.39190991,41.99207563
20251513998,20251120,Property Damage Only,-95.46813958,41.75246994
20251514004,20251120,Property Damage Only,-91.59166302,41.65246543
20251514006,20251119,Property Damage Only,-91.34528688,40.8269986
20251514007,20251118,Property Damage Only,-92.40281918,40.99202975
20251514009,20251120,Property Damage Only,-91.58876619,41.65038533
20251514014,20251119,Property Damage Only,-91.14826904,40.84442447
20251514023,20251115,Property Damage Only,-92.07246586,42.44908241
20251514031,20251112,Property Damage Only,-92.42845324,42.57191725
20251514037,20251120,Property Damage Only,-91.59942194,42.07359104
20251514046,20251120,Property Damage Only,-92.19990392,42.44937641
20251514050,20251121,Property Damage Only,-90.69450952,42.41145359
20251514056,20251121,Property Damage Only,-91.28056201,42.71202685
20251514063,20251121,Property Damage Only,-91.55141223,41.9701607
20251514064,20251121,Property Damage Only,-93.85312645,42.44924613
20251514065,20251120,Property Damage Only,-92.64074875,41.25251989
20251514067,20251120,Property Damage Only,-91.42625389,40.41573146
20251514068,20251113,Property Damage Only,-94.71053148,42.44936446
20251514071,20251114,Property Damage Only,-93.79698214,42.40708832
20251514072,20251120,Property Damage Only,-91.43112938,40.55673582
20251514073,20251121,Property Damage Only,-94.86041385,41.49735212
20251514075,20251120,Property Damage Only,-92.58888321,41.35388155
20251514084,20251112,Property Damage Only,-91.72788883,42.13144847
20251514094,20251120,Property Damage Only,-91.08974831,41.43171235
20251514095,20251120,Property Damage Only,-91.25749203,41.37891059
20251514097,20251120,Property Damage Only,-93.55767398,41.50992327
20251514099,20251111,Property Damage Only,-91.70725029,42.10988198
20251514101,20251113,Property Damage Only,-91.56448549,41.62978306
20251514102,20251114,Property Damage Only,-92.5098548,41.69496965
20251514103,20251115,Property Damage Only,-91.65613449,41.82230395
20251514104,20251115,Property Damage Only,-91.76039641,42.16015592
20251514106,20251117,Property Damage Only,-91.46299967,41.91783645
20251514114,20251115,Property Damage Only,-92.6684697,41.69568079
20251514118,20251120,Property Damage Only,-94.30338457,41.05004665
20251514127,20251121,Property Damage Only,-93.78065809,41.38127872
20251514128,20251119,Property Damage Only,-96.37468556,43.19964381
20251514140,20251120,Property Damage Only,-90.56783985,41.85725761
20251514141,20251120,Property Damage Only,-90.50169112,41.80776304
20251514144,20251119,Property Damage Only,-92.33701405,42.81251162
20251514145,20251120,Property Damage Only,-92.18927301,42.71480694
20251514146,20251121,Property Damage Only,-92.47230277,42.6616979
20251514155,20251119,Property Damage Only,-93.63948986,42.0062056
20251514157,20251119,Property Damage Only,-94.48259958,43.38185571
20251514167,20251120,Property Damage Only,0,0
20251514168,20251113,Property Damage Only,0,0
20251514178,20251121,Property Damage Only,-91.8528015,42.21994564
20251514180,20251121,Property Damage Only,-90.53891685,41.72171238
20251514193,20251117,Property Damage Only,-95.92678866,43.4326223
20251514196,20251121,Property Damage Only,-90.533387,41.55683351
20251514199,20251120,Property Damage Only,-93.77075367,41.52371687
20251514205,20251121,Property Damage Only,-93.7967687,41.54180636
20251514210,20251121,Property Damage Only,-91.54893442,41.02854547
20251514220,20251121,Property Damage Only,-91.30626192,42.47101118
20251514223,20251121,Property Damage Only,-94.16499826,42.52751601
20251514227,20251120,Property Damage Only,-92.43367568,42.53740611
20251514229,20251122,Property Damage Only,-92.41714371,43.10206603
20251514236,20251122,Property Damage Only,-91.32711117,41.45315373
20251514239,20251122,Property Damage Only,-93.52249571,41.69045868
20251514257,20251119,Property Damage Only,-91.61924271,41.69374535
20251514260,20251122,Property Damage Only,-93.6268818,41.49928043
20251514271,20251121,Property Damage Only,-93.57965363,41.76079083
20251514275,20251120,Property Damage Only,-94.01354457,41.6034564
20251514285,20251122,Property Damage Only,-93.20931781,41.87903554
20251514286,20251122,Property Damage Only,-92.35569518,41.53335806
20251514295,20251122,Property Damage Only,-93.55436235,41.70289229
20251514296,20251122,Property Damage Only,-92.84623322,42.74491377
20251514301,20251121,Property Damage Only,-93.91681972,40.59542613
20251514304,20251122,Property Damage Only,-91.38495059,43.2486697
20251514309,20251117,Property Damage Only,-93.31958972,41.80095296
20251514310,20251117,Property Damage Only,-93.25057178,41.85132887
20251514311,20251115,Property Damage Only,-93.33943152,42.02255313
20251514314,20251122,Property Damage Only,-95.38640645,41.99566649
20251514315,20251121,Property Damage Only,-91.24210283,40.72730339
20251514316,20251121,Property Damage Only,-92.64520234,41.26328002
20251514317,20251122,Property Damage Only,-92.64293714,43.01825647
20251514329,20251122,Property Damage Only,-93.6898519,41.75351685
20251514333,20251122,Property Damage Only,-91.80246277,42.12023678
20251514334,20251122,Property Damage Only,-91.55858455,42.02029039
20251514335,20251122,Property Damage Only,-90.99710356,41.53865908
20251514337,20251122,Property Damage Only,-94.56605213,41.24632032
20251514339,20251122,Property Damage Only,-95.19933874,43.15640912
20251514351,20251122,Property Damage Only,-96.11268022,42.86832766
20251514360,20251021,Property Damage Only,-91.43034518,40.53367261
20251514361,20251120,Property Damage Only,-91.42280764,40.60430376
20251514362,20251120,Property Damage Only,-91.32716278,40.69630076
20251514363,20251121,Property Damage Only,-91.42627196,40.57602876
20251514364,20251122,Property Damage Only,-91.38723715,40.46327227
20251514365,20251122,Property Damage Only,-91.56475034,40.51398034
20251514371,20251119,Property Damage Only,-92.43212473,42.54057747
20251514373,20251113,Property Damage Only,-91.77509732,43.29027002
20251514374,20251113,Property Damage Only,-91.74698526,43.2846168
20251514376,20251114,Property Damage Only,-91.7927238,43.31335586
20251514377,20251114,Property Damage Only,-91.80413754,43.29160386
20251514392,20251123,Property Damage Only,-94.05290645,40.93626885
20251514409,20251121,Property Damage Only,-92.04668121,41.65911307
20251514424,20251123,Property Damage Only,-95.80216527,43.17836848
20251514425,20251123,Property Damage Only,-90.62955719,42.06283855
20251514426,20251120,Property Damage Only,-91.24674907,41.18282179
20251514427,20251120,Property Damage Only,-90.56561717,41.69971198
20251514429,20251121,Property Damage Only,-90.67853588,41.5617846
20251514430,20251123,Suspected Minor Injury Crash,-90.74366402,41.71174148
20251514431,20251123,Property Damage Only,-93.5585685,41.50943253
20251514438,20251123,Property Damage Only,-91.25010421,41.41537621
20251514441,20251123,Property Damage Only,-93.79756953,41.74608239
20251514447,20251123,Property Damage Only,-92.85775942,40.7929978
20251514453,20251120,Property Damage Only,-90.78249644,41.70622933
20251514465,20251123,Property Damage Only,-93.6007073,41.6706031
20251514467,20251109,Property Damage Only,-95.11125159,42.0219174
20251514469,20251124,Property Damage Only,-92.03728764,41.6591969
20251514479,20251121,Property Damage Only,-93.40484994,41.92134004
20251514484,20251123,Property Damage Only,-91.45197996,40.51962308
20251514488,20251120,Property Damage Only,-90.73371478,42.44750069
20251514489,20251120,Property Damage Only,-90.97305079,42.44071003
20251514490,20251120,Property Damage Only,-90.97303864,42.44070981
20251514491,20251121,Property Damage Only,-90.73675762,42.46125792
20251514497,20251123,Property Damage Only,-96.28397037,42.47519641
20251514498,20251123,Property Damage Only,-93.36182039,41.41286681
20251514501,20251123,Property Damage Only,-95.07754764,43.45380063
20251514502,20251123,Property Damage Only,-95.09302605,43.42597483
20251514510,20251121,Property Damage Only,-96.19702807,42.47506374
20251514511,20251121,Property Damage Only,-91.85455243,43.09104558
20251514512,20251122,Property Damage Only,-91.90747874,43.34918587
20251514514,20251122,Property Damage Only,-91.81350766,43.30103012
20251514515,20251124,Property Damage Only,-91.72916881,43.27306553
20251514516,20251119,Property Damage Only,-93.20605224,43.18684895
20251514517,20251122,Property Damage Only,-93.40427887,43.06755493
20251514518,20251122,Property Damage Only,-93.21074427,43.21645709
20251514524,20251124,Property Damage Only,-96.23896506,42.72134684
20251514525,20251121,Property Damage Only,-93.12115324,41.51148173
20251514526,20251121,Suspected Minor Injury Crash,-94.76518149,42.44901296
20251514530,20251123,Possible/Unknown Injury Crash,-92.41100895,41.04962489
20251514533,20251121,Property Damage Only,-93.46241033,41.34666091
20251514542,20251117,Property Damage Only,-91.94201924,42.2827294
20251514569,20251124,Property Damage Only,-90.3064824,41.9185328
20251514582,20251122,Property Damage Only,-92.33660542,42.76260144
20251514586,20251124,Property Damage Only,-91.18510415,41.74024347
20251514588,20251121,Property Damage Only,-93.12247454,43.05987387
20251514590,20251124,Property Damage Only,-91.36351177,40.82707846
20251514591,20251124,Property Damage Only,-91.34503794,40.82699503
20251514592,20251121,Property Damage Only,-92.09554258,41.00930563
20251514601,20251119,Property Damage Only,-92.78781533,42.37529529
20251514605,20251121,Property Damage Only,-91.18806452,42.21773686
20251514608,20251120,Property Damage Only,-95.52267829,42.75673067
20251514610,20251123,Property Damage Only,-91.04152566,41.45173419
20251514617,20251104,Property Damage Only,-91.64461998,41.69385835
20251514622,20251123,Property Damage Only,-92.34471644,41.69564186
20251514635,20251103,Property Damage Only,-91.53855428,41.63671581
20251514636,20251116,Property Damage Only,-91.14412732,42.26756586
20251514637,20251122,Property Damage Only,-91.26236034,43.17584535
20251514641,20251118,Property Damage Only,-91.98030409,42.53733051
20251514648,20251119,Property Damage Only,-91.92685757,42.31209233
20251514678,20251124,Property Damage Only,-90.6170808,42.16073311
20251514680,20251123,Property Damage Only,-91.16217843,40.81581293
20251514684,20251124,Property Damage Only,-91.33849204,40.826991
20251514685,20251124,Property Damage Only,-91.51964363,42.86974303
20251514686,20251124,Property Damage Only,-91.40309692,42.6932242
20251514691,20251115,Property Damage Only,-93.02444032,41.23981819
20251514692,20251117,Property Damage Only,-93.0265989,41.32451802
20251514694,20251120,Property Damage Only,-93.14529605,41.19789647
20251514697,20251121,Property Damage Only,-93.10972242,41.38443293
20251514699,20251124,Property Damage Only,-93.00755018,41.3096941
20251514700,20251121,Property Damage Only,-93.02397329,41.33328311
20251514703,20251104,Property Damage Only,-91.57799521,42.687983
20251514704,20251125,Property Damage Only,-90.57937316,42.185249
20251514705,20250601,Property Damage Only,-92.28803148,42.46011634
20251514707,20251125,Property Damage Only,-91.24968536,41.41537884
20251514715,20251027,Property Damage Only,-93.29237667,43.28424497
20251514724,20251122,Property Damage Only,-93.03912607,43.11784355
20251514726,20251125,Property Damage Only,-92.81198091,41.00291791
20251514727,20251104,Property Damage Only,-92.29921579,42.14662802
20251514729,20251120,Property Damage Only,-90.50084489,41.80754649
20251514754,20251124,Property Damage Only,-95.96630621,42.23324001
20251514762,20251120,Property Damage Only,-92.07175305,42.84748202
20251514763,20251123,Property Damage Only,-92.0717041,42.84748162
20251514766,20251121,Property Damage Only,-91.81434169,42.92373838
20251514774,20251107,Property Damage Only,-94.50227633,41.65056429
20251514776,20251122,Property Damage Only,-93.55818398,41.34862329
20251514778,20251122,Property Damage Only,-94.53741706,42.51686529
20251514784,20251119,Property Damage Only,-96.34473575,42.45022356
20251514801,20251124,Property Damage Only,-94.02305137,41.63931048
20251514802,20251125,Property Damage Only,-93.12239669,43.11331835
20251514803,20251124,Property Damage Only,-91.10043375,42.48615495
20251514813,20251120,Property Damage Only,-92.95782066,42.00352084
20251514814,20251122,Property Damage Only,-93.02612203,42.18756479
20251514815,20251125,Property Damage Only,-92.96647665,42.0074596
20251514832,20251117,Property Damage Only,-93.78894741,42.50768543
20251514833,20251122,Property Damage Only,-91.87310694,42.46880151
20251514835,20251119,Property Damage Only,-92.90806325,42.07530143
20251514844,20251107,Property Damage Only,-92.90673564,42.12333208
20251514845,20251107,Property Damage Only,-92.84443696,42.00675564
20251514846,20251107,Property Damage Only,-92.85728706,42.04940968
20251514847,20251108,Property Damage Only,-92.85829006,42.09287655
20251514889,20251122,Property Damage Only,-95.68715425,41.80186791
20251514895,20251123,Property Damage Only,-91.19108058,42.7854268
20251514900,20251124,Property Damage Only,-95.87863596,41.75328679
20251514909,20251125,Property Damage Only,-91.08649478,41.53299442
20251514912,20251125,Property Damage Only,-93.96140944,42.03691551
20251514913,20251125,Property Damage Only,-93.94789282,42.03383964
20251514917,20251118,Property Damage Only,-92.86849358,40.87956413
20251514922,20251125,Property Damage Only,-93.82461559,42.45986557
20251514927,20251124,Property Damage Only,-91.32055564,40.66059557
20251514929,20250917,Property Damage Only,-93.80872645,41.3126633
20251514931,20251023,Property Damage Only,-93.95761832,41.34438043
20251514932,20251027,Property Damage Only,-94.03079243,41.42391458
20251514936,20251124,Property Damage Only,-91.85550247,41.84698951
20251514937,20251126,Property Damage Only,-91.87110533,41.82827485
20251514939,20251125,Property Damage Only,-96.19090912,42.47505434
20251514953,20251121,Property Damage Only,-91.28764533,41.67089936
20251514956,20251119,Property Damage Only,-96.32351975,42.46816619
20251514961,20251124,Property Damage Only,-91.74427851,43.44292029
20251514966,20251125,Property Damage Only,-94.81608999,41.6741972
20251514967,20251122,Property Damage Only,-93.05079151,43.14773517
20251514973,20251123,Property Damage Only,-92.39887057,42.68587626
20251514981,20251030,Property Damage Only,-91.91207956,43.20470666
20251514983,20251124,Property Damage Only,-96.10412348,41.92089209
20251514984,20251124,Property Damage Only,-91.19660268,41.22928166
20251514988,20251111,Property Damage Only,-91.87011894,41.87270425
20251514991,20251114,Property Damage Only,-92.12372724,42.18107786
20251514999,20251121,Property Damage Only,-91.92925594,42.09427299
20251515004,20251122,Property Damage Only,-91.71631963,41.30467105
20251515031,20251126,Property Damage Only,-94.09459718,41.83172318
20251515044,20251119,Property Damage Only,-92.37968717,43.2988568
20251515068,20251126,Property Damage Only,-91.1631942,42.24730364
20251515099,20251126,Property Damage Only,-92.47522568,41.96416789
20251515100,20251126,Property Damage Only,-93.23255364,41.00042247
20251515117,20251126,Property Damage Only,-91.90243858,41.76763856
20251515145,20251114,Property Damage Only,-96.00440055,42.997418
20251515149,20251103,Property Damage Only,-94.29078253,42.4463776
20251515151,20251126,Property Damage Only,-92.42546339,42.55915017
20251515153,20251119,Property Damage Only,-92.24713163,42.38670882
20251515154,20251127,Property Damage Only,-93.69778177,41.65042822
20251515157,20251127,Property Damage Only,-91.12235612,42.78716583
20251515158,20251127,Property Damage Only,-92.34143239,42.67835599
20251515159,20251127,Property Damage Only,-95.2732767,42.02868289
20251515161,20251127,Property Damage Only,-93.29779551,41.06883355
20251515162,20251127,Property Damage Only,-95.77926938,42.20007015
20251515168,20251126,Property Damage Only,-92.29889091,43.24044534
20251515173,20251123,Property Damage Only,-92.06458308,42.44927051
20251515186,20251128,Property Damage Only,-95.81690776,41.27926038
20251515214,20251127,Property Damage Only,-91.46829723,41.67104465
20251515246,20251128,Property Damage Only,-92.81033963,42.88382198
20251515252,20251126,Property Damage Only,-91.59125445,40.96724067
20251515253,20251128,Property Damage Only,-90.72989343,42.24254185
20251515271,20251127,Property Damage Only,-95.73445618,41.13097564
20251515276,20251119,Property Damage Only,-92.65541303,41.28528102
20251515295,20251128,Property Damage Only,-91.37769189,42.88235329
20251515307,20251128,Property Damage Only,-93.93738071,42.03454743
20251515318,20251115,Property Damage Only,-91.67835174,40.97501914
20251515396,20251125,Suspected Minor Injury Crash,-93.87906571,41.57667715
20251515461,20250919,Property Damage Only,-92.81201976,40.73743938
20251515567,20251122,Property Damage Only,-91.48085795,41.2495791
20251515585,20251125,Property Damage Only,-95.8089305,41.87912151
20251515603,20251126,Property Damage Only,-94.22663415,42.68796376
20251515604,20251127,Property Damage Only,-93.78517041,42.44900231
20251515609,20251125,Property Damage Only,-95.20880442,41.60898355
20251515616,20251130,Possible/Unknown Injury Crash,-93.81187219,41.78923349
20251515625,20251130,Property Damage Only,-91.35974029,41.59007925
20251515633,20251130,Property Damage Only,-95.32442841,42.01599531
20251515663,20251122,Property Damage Only,-90.6015463,42.40628535
20251515669,20251127,Property Damage Only,-93.69863479,42.0842897
20251515675,20251127,Property Damage Only,-93.13252172,42.24461834
20251515676,20251128,Property Damage Only,-93.14031922,42.360951
20251515679,20251127,Property Damage Only,-92.44111926,42.46463944
20251515699,20251128,Property Damage Only,-93.94391802,42.3836919
20251515701,20251130,Property Damage Only,-90.97682561,41.96844114
20251515705,20251111,Property Damage Only,-93.6100663,41.97387884
20251515707,20251120,Possible/Unknown Injury Crash,-93.61527166,42.00431148
20251515708,20251122,Property Damage Only,-93.57147232,42.02301943
20251515712,20251124,Property Damage Only,-93.58550439,42.03445911
20251515736,20251128,Property Damage Only,-91.71996665,43.45074552
20251515739,20251127,Property Damage Only,-95.63217579,41.16992695
20251515743,20251127,Property Damage Only,-95.81460121,41.23003379
20251515746,20251127,Property Damage Only,-92.66246944,41.20668157
20251515755,20251122,Property Damage Only,-91.547514,41.03742726
20251515794,20251126,Property Damage Only,-91.53024558,42.59976657
20251515795,20251128,Property Damage Only,-91.3551079,42.61409954
20251515796,20251128,Property Damage Only,-91.48071629,42.4502044
20251515799,20251127,Property Damage Only,-92.60486878,41.29612611
20251515800,20251127,Property Damage Only,-95.47935409,41.92130665
20251515814,20251116,Property Damage Only,-91.98560517,40.98199693
20251515815,20251125,Property Damage Only,-91.96808707,41.03209719
20251515836,20251115,Property Damage Only,-91.86362042,42.22675391
20251515855,20251126,Property Damage Only,-91.53545866,40.72592226
20251515872,20251124,Property Damage Only,-92.69533161,42.46347167
20251515902,20251126,Property Damage Only,-91.43884238,40.52162635
20251515910,20251126,Property Damage Only,-93.45411191,42.44893678
20251515940,20251126,Property Damage Only,-94.16475186,41.59701584
20251515945,20251108,Property Damage Only,-91.50154169,41.84347484
20251515949,20251124,Property Damage Only,-93.26339743,41.84151868
20251515953,20251127,Property Damage Only,-93.45098033,41.67088281
20251515972,20251124,Property Damage Only,-92.29838766,43.27677597
20251515989,20251126,Property Damage Only,-95.62822338,40.68723347
20251515991,20251120,Property Damage Only,-91.71285881,41.29782275
20251515996,20251128,Property Damage Only,-93.20224511,42.78134656
20251516044,20251201,Property Damage Only,-94.04147617,41.3060186
20251516061,20251128,Property Damage Only,-91.2133135,40.95971396
20251516077,20251127,Property Damage Only,-93.40125386,43.10841197
20251516078,20251122,Property Damage Only,-95.1112337,42.03268888
20251516093,20251201,Property Damage Only,-92.55329007,42.95699523
20251516103,20251105,Property Damage Only,-93.43829498,41.67270629
20251516113,20251124,Property Damage Only,-93.90239487,41.55844596
20251516151,20251201,Property Damage Only,-95.16740579,41.01497355
20251516179,20251201,Property Damage Only,-93.20264022,42.94349536
20251516190,20251124,Suspected Minor Injury Crash,-93.56360843,42.02296825
20251516202,20251202,Property Damage Only,-92.49584734,41.31589557
20251516208,20251125,Property Damage Only,-92.40450518,40.96055479
20251516209,20251126,Property Damage Only,-92.51900222,41.07634879
20251516235,20251107,Property Damage Only,-94.93691359,41.70656586
20251516240,20251202,Possible/Unknown Injury Crash,-94.80436896,42.26046286
20251516254,20251128,Property Damage Only,-91.40353139,42.47089472
20251516259,20250715,Property Damage Only,-92.40924442,40.88477439
20251516293,20251126,Property Damage Only,-92.43239106,40.79847283
20251516295,20251126,Property Damage Only,-92.06466635,42.3553214
20251516322,20251202,Property Damage Only,-91.80510841,42.81365347
20251516358,20251201,Property Damage Only,-91.60200799,41.66167069
20251516370,20251201,Property Damage Only,-91.18997882,42.13496648
20251516371,20251202,Property Damage Only,-91.32233088,42.11598544
20251516400,20251130,Property Damage Only,-91.24664748,41.47712065
20251516401,20251130,Property Damage Only,-91.04536666,41.45219585
20251516444,20251202,Property Damage Only,-92.67920607,42.08264453
20251516473,20251202,Property Damage Only,-95.83733051,41.30200382
20251516474,20251202,Property Damage Only,-95.78258152,41.30028815
20251516477,20250531,Property Damage Only,-92.41894893,40.72085135
20251516500,20251202,Property Damage Only,-95.93730754,43.3456188
20251516501,20251126,Property Damage Only,-91.44694649,40.45842376
20251516505,20251202,Property Damage Only,-91.39699499,42.44149914
20251516531,20251202,Property Damage Only,-90.6262567,42.41609344
20251516563,20251203,Property Damage Only,-91.84853251,42.45302227
20251516574,20251120,Property Damage Only,-92.29712475,40.69698571
20251516595,20251203,Property Damage Only,-91.24942058,41.70595372
20251516599,20251122,Property Damage Only,-93.44416022,42.0057856
20251516610,20251203,Property Damage Only,-91.87334953,41.80467216
20251516619,20251202,Property Damage Only,-96.33746368,43.19978252
20251516629,20251202,Property Damage Only,-92.8921293,40.73741593
20251516650,20251203,Property Damage Only,-91.14256634,40.8553673
20251516653,20251126,Property Damage Only,-91.41065192,42.8772416
20251516655,20251126,Property Damage Only,-93.79584039,42.2463379
20251516714,20251127,Property Damage Only,-92.96628617,41.38087725
20251516715,20251128,Property Damage Only,-93.03002287,41.41671055
20251516717,20251201,Property Damage Only,-92.91909714,41.43619642
20251516720,20251202,Property Damage Only,-93.06253281,41.32734154
20251516725,20251204,Property Damage Only,-93.61687341,42.83222084
20251516735,20251125,Property Damage Only,-92.78565578,42.04489404
20251516753,20251203,Property Damage Only,-95.74386695,41.19693211
20251516755,20251204,Property Damage Only,-90.70336921,42.5324823
20251516768,20251203,Property Damage Only,-92.94892311,41.56124602
20251516774,20251203,Property Damage Only,-91.81402931,43.20752309
20251516777,20251203,Property Damage Only,-90.41125263,41.69566088
20251516780,20251118,Property Damage Only,-93.20257558,42.93499458
20251516781,20251120,Property Damage Only,-92.66745234,42.56465589
20251516784,20251203,Property Damage Only,-91.19653112,41.22928054
20251516793,20251203,Property Damage Only,-92.83403562,40.93767778
20251516795,20251204,Property Damage Only,-91.56683546,43.18163228
20251516808,20251120,Property Damage Only,-95.75117861,41.75163875
20251516839,20251203,Property Damage Only,-94.02759167,41.51759231
20251516850,20251202,Property Damage Only,-92.92807612,43.11974568
20251516864,20251128,Property Damage Only,-91.09741583,40.8511452
20251516866,20251203,Property Damage Only,-91.13499935,40.84430072
20251516924,20251120,Property Damage Only,-92.4347926,42.00301977
20251516933,20251204,Property Damage Only,-95.76242024,41.06979234
20251516934,20251203,Property Damage Only,-90.4326031,41.62319945
20251516957,20251117,Property Damage Only,-90.90157045,42.32336028
20251516960,20251104,Property Damage Only,-93.77699668,41.60767647
20251516965,20251108,Property Damage Only,-94.03323907,41.53584441
20251516970,20251119,Property Damage Only,-94.02362871,41.53912792
20251517003,20251203,Property Damage Only,-92.98096688,40.73950072
20251517018,20251204,Property Damage Only,-93.65505478,41.4510328
20251517027,20251203,Property Damage Only,-95.96838831,42.2331951
20251517028,20251204,Property Damage Only,-91.82904527,43.33682096
20251517036,20251120,Property Damage Only,-95.32512253,41.68470171
20251517044,20251204,Property Damage Only,-94.19628975,41.61349912
20251517053,20251118,Property Damage Only,-91.75498456,41.94924043
20251517083,20251117,Property Damage Only,-91.67020201,41.87330115
20251517115,20251201,Property Damage Only,-92.86790406,40.72211206
20251517120,20251205,Property Damage Only,-92.5001586,43.36393725
20251517122,20251204,Property Damage Only,-93.67877805,42.02603765
20251517136,20251204,Property Damage Only,-91.09563398,40.94226452
20251517140,20251205,Property Damage Only,-95.88069324,42.00744532
20251517141,20251205,Property Damage Only,-91.07712489,42.66484599
20251517153,20251203,Property Damage Only,-91.26115891,42.33587226
20251517156,20251205,Property Damage Only,-93.60630899,41.35636957
20251517164,20251113,Property Damage Only,-93.22453673,41.33831809
20251517168,20251205,Property Damage Only,-94.2188004,41.31655467
20251517174,20251205,Property Damage Only,-93.9085917,41.9649692
20251517175,20251205,Property Damage Only,-94.2060698,41.31813899
20251517177,20251205,Property Damage Only,-90.73325011,42.51528323
20251517211,20251205,Property Damage Only,-91.54938799,42.19607463
20251517212,20251205,Property Damage Only,-94.2209549,43.12595971
20251517213,20251206,Property Damage Only,-91.1696441,41.6689181
20251517214,20251205,Property Damage Only,-93.96967989,42.36845496
20251517220,20251205,Property Damage Only,-90.78469018,41.82942331
20251517228,20251206,Property Damage Only,-91.48731573,42.75615277
20251517229,20251201,Property Damage Only,-93.88055913,41.57270255
20251517237,20251206,Property Damage Only,-90.19353888,42.0368605
20251517244,20251206,Property Damage Only,-93.50302579,41.564976
20251517264,20251206,Property Damage Only,-92.34731339,41.27897425
20251517267,20251123,Property Damage Only,-92.42120498,42.53748789
20251517280,20251205,Property Damage Only,-95.35541561,42.05257532
20251517285,20251205,Property Damage Only,-96.45256787,42.57293152
20251517293,20251204,Property Damage Only,-96.3095551,42.58469305
20251517302,20251205,Property Damage Only,-90.76780786,42.24210661
20251517323,20251206,Property Damage Only,-93.46478085,41.01665544
20251517336,20251206,Property Damage Only,-91.53417735,42.23843475
20251517349,20251205,Property Damage Only,-91.19997997,41.45314366
20251517354,20251206,Property Damage Only,-91.58275106,41.92566377
20251517355,20251206,Property Damage Only,-91.58889677,41.92589259
20251517367,20251205,Possible/Unknown Injury Crash,-95.80048157,41.26395428
20251517400,20251126,Property Damage Only,-91.7435158,43.28191341
20251517430,20251206,Property Damage Only,-92.17062267,41.41864324
20251517476,20251207,Property Damage Only,-91.38526026,41.91579663
20251517492,20251207,Property Damage Only,-90.65607163,41.99945106
20251517503,20251206,Property Damage Only,-91.52893032,41.19057383
20251517525,20251205,Property Damage Only,-92.85775942,40.7929978
20251517528,20251207,Property Damage Only,-93.84927169,41.8772119
20251517534,20251207,Property Damage Only,-91.48167983,41.91778782
20251517536,20251109,Property Damage Only,-92.9406889,41.30617506
20251517539,20251112,Property Damage Only,-92.91420709,41.35921381
20251517540,20251112,Property Damage Only,-92.9406889,41.30617506
20251517541,20251112,Property Damage Only,-93.24217123,41.2429801
20251517542,20251113,Property Damage Only,-93.02662406,41.41561246
20251517552,20251203,Property Damage Only,-91.70746739,42.03485281
20251517563,20251206,Property Damage Only,-91.35993421,40.64613605
20251517569,20251204,Property Damage Only,-93.58377398,42.16599829
20251517576,20251205,Property Damage Only,-91.5367887,42.49821375
20251517577,20251205,Property Damage Only,-93.99899635,41.61409505
20251517584,20251208,Property Damage Only,-90.29920887,41.77752023
20251517585,20251202,Property Damage Only,-91.91079345,41.68332333
20251517586,20251206,Property Damage Only,-92.18249381,41.72775718
20251517591,20251205,Property Damage Only,-91.42639705,40.40705811
20251517609,20251205,Property Damage Only,-93.87379721,42.03449973
20251517610,20251203,Property Damage Only,-91.97433142,43.29849739
20251517612,20251205,Property Damage Only,-91.93718227,43.13567833
20251517614,20251206,Property Damage Only,-92.05491628,43.21285547
20251517622,20251204,Property Damage Only,-92.98255,42.00740012
20251517651,20251205,Property Damage Only,-93.07036087,41.07214251
20251517656,20251205,Property Damage Only,-92.65163591,41.5054874
20251517689,20251126,Property Damage Only,-91.86917155,42.05872486
20251517696,20251205,Property Damage Only,-96.30204664,43.08413908
20251517699,20251124,Property Damage Only,-93.77591401,40.5946569
20251517700,20251205,Property Damage Only,-91.37691218,41.27964109
20251517701,20251206,Property Damage Only,-91.33932051,41.2788346
20251517702,20251207,Property Damage Only,-91.19801676,41.20646128
20251517715,20251206,Property Damage Only,-92.17660924,42.32537032
20251517734,20251202,Property Damage Only,-93.13738188,42.24440548
20251517749,20251205,Property Damage Only,-92.81028744,43.19170378
20251517751,20251204,Possible/Unknown Injury Crash,-94.91642551,42.45412089
20251517783,20251203,Property Damage Only,0,0
20251517788,20251208,Property Damage Only,-92.16792684,43.45091204
20251517806,20251208,Property Damage Only,-91.0025466,41.44235411
20251517807,20251208,Property Damage Only,-93.48387438,41.61825514
20251517813,20251208,Property Damage Only,-93.54421819,41.70286872
20251517819,20251206,Property Damage Only,-91.77036717,42.197837
20251517821,20251208,Property Damage Only,-91.03819803,41.58143812
20251517828,20251120,Property Damage Only,-93.72722316,41.61473949
20251517830,20251208,Property Damage Only,-90.6914549,42.06363269
20251517849,20251208,Property Damage Only,-90.65552658,42.40259377
20251517857,20251209,Property Damage Only,-92.39066452,41.96431765
20251517868,20251208,Property Damage Only,-96.39432446,42.5684877
20251517870,20251209,Property Damage Only,-92.63887077,43.06712291
20251517872,20251208,Property Damage Only,-93.57638972,42.16605364
20251517876,20251209,Property Damage Only,-92.42974975,41.96462652
20251517877,20251208,Property Damage Only,-93.65585823,41.42500562
20251517879,20251206,Property Damage Only,-91.55081685,41.38404229
20251517899,20251208,Property Damage Only,-94.16117164,41.68838314
20251517904,20251209,Property Damage Only,-93.77943438,41.34488746
20251517922,20251205,Property Damage Only,-90.18372122,41.90072606
20251517924,20251208,Property Damage Only,-93.08654896,41.31622846
20251517925,20251208,Property Damage Only,-93.35208168,42.44835897
20251517944,20251209,Property Damage Only,-92.0455561,41.82045393
20251517947,20251126,Property Damage Only,-91.54353045,41.68602847
20251517980,20251208,Property Damage Only,-96.50452408,42.94514109
20251517985,20251205,Property Damage Only,-91.03557404,41.65132084
20251518007,20251207,Property Damage Only,-90.58593112,41.54552045
20251518023,20251209,Property Damage Only,-90.77011686,42.5003377
20251518025,20251208,Property Damage Only,-94.54001464,41.51152912
20251518033,20251206,Property Damage Only,-91.57638758,41.92546795
20251518034,20251119,Property Damage Only,-91.71239119,41.93747642
20251518042,20251209,Property Damage Only,-95.6361909,43.08452094
20251518043,20251209,Property Damage Only,-96.22743669,42.73263994
20251518044,20251209,Property Damage Only,-91.70186684,42.09867143
20251518059,20251209,Property Damage Only,-92.44026635,41.80659092
20251518069,20251209,Property Damage Only,-93.88489334,42.02271526
20251518092,20251209,Property Damage Only,-95.78284598,41.30004759
20251518093,20251208,Property Damage Only,-93.95922093,42.03278183
20251518094,20251203,Property Damage Only,-92.94854867,42.43400127
20251518119,20251209,Property Damage Only,-93.44252131,41.26377796
20251518124,20251209,Property Damage Only,-91.36239187,40.63558626
20251518130,20251126,Property Damage Only,-92.03815032,41.01518264
20251518135,20251209,Property Damage Only,-96.54240352,42.66144414
20251518140,20251208,Property Damage Only,-93.61160008,42.86324534
20251518158,20251209,Property Damage Only,-94.47308245,41.68109712
20251518174,20251207,Property Damage Only,-94.45255101,41.49224819
20251518222,20251124,Property Damage Only,-91.5080475,43.24054485
20251518223,20251202,Property Damage Only,-95.79377671,42.18601141
20251518226,20251209,Property Damage Only,-91.80006904,41.96413096
20251518227,20251121,Property Damage Only,-93.11941944,42.36060543
20251518235,20251209,Property Damage Only,-91.30707392,42.99287429
20251518253,20251125,Property Damage Only,-93.83855518,41.87792113
20251518255,20251210,Property Damage Only,-91.59940658,42.08088592
20251518257,20251210,Property Damage Only,-90.83015941,41.51587744
20251518260,20251106,Property Damage Only,-90.68319329,42.07578605
20251518277,20251210,Property Damage Only,-94.12877466,42.48956828
20251518283,20251210,Property Damage Only,-90.18436217,42.00722365
20251518292,20251208,Property Damage Only,-90.69414723,42.4074119
20251518295,20251210,Property Damage Only,-90.74664201,42.55449502
20251518303,20251204,Property Damage Only,-92.91693723,41.94482884
20251518307,20251210,Property Damage Only,-93.5817705,42.21817307
20251518321,20251209,Property Damage Only,-91.74989611,43.2863235
20251518327,20251119,Property Damage Only,-92.78785613,42.38843521
20251518375,20251126,Property Damage Only,-91.79059578,42.46192663
20251518381,20251209,Property Damage Only,-94.86080991,43.40342851
20251518388,20251120,Property Damage Only,-92.43661535,42.84751737
20251518390,20251207,Property Damage Only,-92.39059063,42.71498338
20251518392,20251205,Property Damage Only,-91.93257795,42.49813526
20251518434,20251209,Property Damage Only,-93.78786114,42.44926303
20251518515,20251212,Property Damage Only,-93.69867237,42.09652924
20251518516,20251210,Property Damage Only,-95.12913361,40.8428791
20251518519,20251211,Property Damage Only,-93.40418503,41.21871763
20251518523,20251211,Property Damage Only,-93.24107806,41.85750089
20251518527,20251211,Property Damage Only,-93.65888511,42.02273107
20251518556,20251212,Property Damage Only,-92.39026622,41.96432454
20251518567,20251210,Property Damage Only,-91.82267131,42.84339053
20251518568,20251211,Property Damage Only,-92.06909926,42.77313976
20251518576,20251205,Property Damage Only,-95.93219378,41.81905959
20251518597,20251211,Property Damage Only,-92.85775942,40.7929978
20251518627,20251212,Property Damage Only,-91.16244063,42.82119794
20251518632,20251213,Property Damage Only,-90.84483499,42.51639241
20251518641,20251205,Property Damage Only,-92.37667331,42.66689998
20251518668,20251211,Property Damage Only,-93.41410846,43.14106288
20251518669,20251209,Property Damage Only,-91.10694206,40.85779657
20251518683,20251212,Property Damage Only,-92.73234608,43.14687509
20251518691,20251212,Property Damage Only,-90.37094412,42.05251939
20251518703,20251209,Property Damage Only,-93.05482819,41.31659024
20251518724,20251212,Property Damage Only,-92.81017089,43.16576975
20251518725,20251212,Property Damage Only,-92.14846567,41.82248789
20251518803,20251203,Property Damage Only,-90.45500113,41.56823742
20251518815,20251212,Property Damage Only,-92.46577317,42.20811916
20251518892,20251212,Property Damage Only,-93.21113589,43.29778664
20251518970,20251212,Property Damage Only,-93.4141279,43.15122928
20251518971,20251213,Property Damage Only,-93.37898861,43.00948708
20251519084,20251212,Property Damage Only,-90.64889377,41.55778658
20251519101,20251212,Property Damage Only,-91.17091877,40.85542415
20251519111,20251208,Property Damage Only,-90.40041483,41.60490456
20251519159,20251211,Property Damage Only,-92.23157361,42.35548083
20251519174,20251214,Property Damage Only,-90.60767156,41.92974618
20251519175,20251210,Property Damage Only,-92.25862642,42.48037321
20251519176,20251210,Property Damage Only,-91.10926027,42.53805514
20251519177,20251211,Property Damage Only,-90.97902926,42.59337541
20251519178,20251210,Property Damage Only,-90.91581822,42.44081796
20251519180,20251212,Property Damage Only,-90.81871343,42.44037927
20251519181,20251212,Property Damage Only,-90.69919387,42.53477587
20251519182,20251212,Property Damage Only,-90.75749466,42.3968181
20251519183,20251212,Property Damage Only,-90.6277874,42.42255492
20251519197,20251211,Property Damage Only,-94.92771863,41.34569248
20251519279,20251211,Property Damage Only,-91.89259897,43.45761728
20251519281,20251212,Property Damage Only,-91.71351844,43.23853823
20251519282,20251213,Property Damage Only,-91.6978568,43.2446822
20251519305,20251208,Property Damage Only,-92.01753943,42.19465457
20251519306,20251208,Property Damage Only,-92.0175411,42.19454651
20251519308,20251213,Property Damage Only,-91.91236494,42.13801093
20251519314,20251212,Property Damage Only,-92.87251192,41.70430278
20251519408,20251212,Property Damage Only,-92.91682526,41.97528052
20251519432,20251213,Property Damage Only,-91.57445942,41.68705582
20251519467,20251212,Property Damage Only,-93.59305779,41.77679988
20251519485,20251215,Property Damage Only,-94.04168526,41.31315069
20251519487,20251215,Property Damage Only,-90.68906556,42.5360308
20251519520,20251215,Property Damage Only,-93.60044717,41.78467861
20251519521,20251215,Property Damage Only,-93.59575307,41.77679494
20251519527,20251215,Property Damage Only,-93.45177906,42.00564779
20251519530,20251215,Property Damage Only,-91.31458073,40.95435731
20251519545,20251216,Property Damage Only,-95.52082199,42.74862224
20251519560,20251215,Property Damage Only,-93.60099299,42.13827781
20251519566,20251209,Property Damage Only,-91.4440546,40.48407721
20251519571,20251215,Property Damage Only,-95.12778658,43.40260675
20251519577,20251215,Property Damage Only,-91.40552016,42.47113854
20251519597,20251216,Property Damage Only,-93.90298964,41.86385037
20251519604,20251208,Property Damage Only,-91.07423118,42.60361576
20251519622,20251215,Property Damage Only,-94.93714397,41.49727386
20251519623,20251215,Property Damage Only,-95.00842102,41.14471412
20251519625,20251215,Property Damage Only,-96.57082209,42.68792437
20251519638,20251210,Property Damage Only,-91.19770998,41.08800915
20251519652,20251216,Property Damage Only,-92.16853863,43.37101156
20251519657,20251212,Property Damage Only,-96.51422497,42.93040098
20251519670,20251205,Property Damage Only,-92.45548643,42.62837047
20251519687,20251216,Property Damage Only,-91.03827785,41.53638788
20251519688,20251216,Property Damage Only,-91.03827785,41.53638788
20251519708,20251216,Property Damage Only,-94.50227283,41.64731286
20251519723,20251201,Property Damage Only,-93.83677148,41.87791613
20251519753,20251215,Property Damage Only,-95.17923872,43.18399618
20251519758,20251216,Property Damage Only,-93.77510729,41.72141285
20251519763,20251216,Property Damage Only,-90.50407047,42.2537601
20251519766,20251216,Property Damage Only,-90.72871567,42.09445593
20251519774,20251217,Property Damage Only,-94.9493424,43.1266542
20251519776,20251217,Property Damage Only,-91.15671649,40.81652747
20251519805,20251216,Property Damage Only,-94.23012829,42.59153158
20251519819,20251216,Property Damage Only,-93.34959813,43.27450347
20251519828,20251210,Property Damage Only,-93.0429512,42.10970811
20251519830,20251210,Property Damage Only,-92.89595762,42.07809213
20251519832,20251212,Property Damage Only,-93.03193499,42.1875363
20251519843,20251216,Property Damage Only,-92.78553363,41.74259764
20251519877,20251216,Property Damage Only,-92.00646203,41.76809892
20251519886,20251217,Property Damage Only,-93.39988384,41.8057274
20251519889,20251217,Property Damage Only,-92.78552388,41.74552492
20251519914,20251216,Property Damage Only,-91.12074207,41.15936965
20251519941,20251218,Property Damage Only,-91.67546796,41.84470294
20251519948,20251217,Property Damage Only,-91.45806014,42.01271538
20251519949,20251217,Property Damage Only,-92.35425288,40.74776749
20251519963,20251217,Property Damage Only,-93.69976941,41.5365738
20251519969,20251212,Property Damage Only,-93.57579771,41.65904833
20251519970,20251217,Property Damage Only,-91.60736763,42.28198131
20251519999,20251217,Property Damage Only,-90.7069288,42.48677105
20251520000,20251217,Property Damage Only,-90.69899457,42.53489794
20251520002,20251217,Property Damage Only,-90.56901726,42.38079918
20251520005,20251217,Property Damage Only,-93.45595921,42.00591948
20251520007,20251218,Property Damage Only,-92.80998492,43.00325704
20251520008,20251217,Property Damage Only,-93.75446515,41.52268096
20251520010,20251217,Property Damage Only,-91.07605325,41.36980437
20251520015,20251218,Property Damage Only,-90.74078095,42.49715136
20251520016,20251217,Property Damage Only,-94.41397191,41.10052818
20251520022,20251217,Property Damage Only,-93.32817922,41.46858016
20251520031,20251217,Property Damage Only,-94.95535458,42.3109589
20251520039,20251215,Property Damage Only,-92.32734632,42.89528574
20251520044,20251217,Property Damage Only,-93.99384842,41.61259946
20251520046,20251214,Suspected Minor Injury Crash,-92.22843505,42.35099276
20251520055,20251212,Property Damage Only,-93.16853505,41.69558505
20251520082,20251025,Property Damage Only,-94.75828032,43.20483061
20251520100,20251217,Property Damage Only,-92.24994559,41.89905066
20251520102,20251209,Property Damage Only,-91.1325646,41.69919607
20251520120,20251217,Property Damage Only,-90.48989024,41.74250005
20251520121,20251217,Property Damage Only,-90.47120639,41.54755648
20251520134,20251218,Property Damage Only,-92.33964349,41.33619232
20251520142,20251213,Property Damage Only,-93.24201928,42.51512576
20251520157,20251217,Property Damage Only,-91.35025838,41.3503384
20251520158,20251218,Property Damage Only,-91.12106342,41.41736674
20251520168,20251218,Property Damage Only,-90.48607307,42.06940158
20251520169,20251217,Property Damage Only,-93.05422155,40.68144655
20251520209,20251216,Property Damage Only,-96.17470062,43.00548553
20251520211,20251219,Property Damage Only,-94.97213368,40.97969524
20251520216,20251218,Property Damage Only,-93.54490524,41.51198411
20251520278,20251217,Property Damage Only,-93.72730717,41.61473896
20251520282,20251209,Property Damage Only,-93.57052286,42.28634365
20251520289,20251214,Property Damage Only,-92.91701686,41.92994072
20251520298,20251219,Property Damage Only,-90.25236689,41.94997624
20251520301,20251218,Property Damage Only,-93.50320924,41.63494356
20251520314,20251215,Property Damage Only,-93.46740001,43.13099728
20251520325,20251219,Property Damage Only,-93.75358011,41.54246681
20251520343,20251219,Property Damage Only,-93.6788842,41.64859584
20251520356,20251220,Property Damage Only,-93.85286591,41.62756686
20251520370,20251215,Property Damage Only,-91.59514624,42.01530394
20251520371,20251218,Property Damage Only,-91.5980508,42.0381165
20251520381,20251219,Property Damage Only,-93.63982727,41.73182922
20251520384,20251220,Property Damage Only,-92.31714151,42.91658564
20251520408,20251220,Property Damage Only,-90.89848559,41.94626526
20251520429,20251220,Property Damage Only,-91.4675744,42.05051609
20251520431,20251220,Property Damage Only,-92.57597755,42.97928815
20251520433,20251216,Property Damage Only,-92.07659209,42.48275249
20251520438,20251219,Property Damage Only,-91.73520161,42.90796085
20251520441,20251220,Property Damage Only,-91.43109084,43.26895972
20251520483,20251219,Property Damage Only,-90.51202546,41.54325078
20251520525,20251120,Property Damage Only,-95.99481982,41.55090003
20251520531,20251221,Property Damage Only,-91.17084937,41.4438662
20251520536,20251220,Property Damage Only,-93.23820191,43.19164011
20251520543,20251218,Property Damage Only,-90.54434579,41.70952619
20251520547,20251201,Property Damage Only,-92.98735001,41.3645416
20251520552,20251219,Property Damage Only,-92.75722457,42.36114909
20251520555,20251219,Property Damage Only,-92.59211509,42.33186108
20251520558,20251221,Suspected Minor Injury Crash,-91.43344755,40.7154123
20251520566,20251221,Property Damage Only,-91.44505456,40.44380444
20251520572,20251120,Property Damage Only,-94.49283663,41.80318948
20251520575,20251221,Property Damage Only,-93.56499734,42.00793842
20251520577,20251222,Property Damage Only,-93.34972911,42.00827374
20251520587,20251219,Property Damage Only,-93.64957967,42.05311816
20251520610,20251221,Property Damage Only,-93.21060868,43.19851986
20251520611,20251221,Property Damage Only,-93.21039875,43.19115434
20251520613,20251218,Property Damage Only,-90.71277801,42.56057763
20251520614,20251218,Property Damage Only,-91.10176224,42.60261651
20251520615,20251221,Property Damage Only,-90.66543962,42.45666593
20251520628,20251221,Property Damage Only,-94.75801398,41.52239037
20251520637,20251221,Property Damage Only,-94.77079661,41.49670465
20251520638,20251216,Property Damage Only,-91.55396997,40.92170336
20251520641,20251222,Property Damage Only,-95.12833066,43.42236959
20251520645,20251221,Property Damage Only,-92.68119278,41.31043289
20251520646,20251221,Property Damage Only,-94.75475876,42.23510684
20251520658,20251222,Property Damage Only,-94.98451816,41.34539326
20251520661,20251222,Property Damage Only,-92.27378741,40.78485466
20251520663,20251221,Property Damage Only,-91.80786781,40.99614985
20251520665,20251221,Property Damage Only,-93.99403889,41.83479014
20251520666,20251221,Property Damage Only,-93.99403889,41.83479014
20251520675,20251222,Property Damage Only,-91.67365765,42.99581934
20251520689,20251222,Property Damage Only,-90.4371486,41.74944948
20251520726,20251222,Property Damage Only,-91.48653501,41.86488474
20251520744,20251222,Property Damage Only,-90.62447961,42.091714
20251520756,20251222,Property Damage Only,-90.63922719,41.56837811
20251520765,20251222,Property Damage Only,-92.31730614,42.94162096
20251520766,20251222,Property Damage Only,-91.17394335,41.56218476
20251520769,20251221,Property Damage Only,-90.68826128,41.49447684
20251520775,20251222,Property Damage Only,-90.19884284,41.95349087
20251520777,20251220,Property Damage Only,-91.36432167,40.8143887
20251520778,20251218,Property Damage Only,-93.43659279,43.13668398
20251520784,20251222,Property Damage Only,-91.57873666,42.19651411
20251520785,20251222,Property Damage Only,-91.48906095,41.96678105
20251520786,20251222,Property Damage Only,-91.39495361,42.85982294
20251520797,20251222,Property Damage Only,-92.60776256,42.32573747
20251520803,20251222,Property Damage Only,-90.96754072,41.44216407
20251520808,20251220,Property Damage Only,-92.96246342,41.39420736
20251520819,20251221,Property Damage Only,-92.54656413,41.0064313
20251520823,20251222,Property Damage Only,-91.36909641,40.64773419
20251520824,20251216,Property Damage Only,-91.71985046,43.4492225
20251520847,20251222,Property Damage Only,-92.77905471,43.45648127
20251520848,20251223,Property Damage Only,-94.30063738,42.1661267
20251520858,20251124,Property Damage Only,-95.0331919,42.60451471
20251520863,20251219,Property Damage Only,-91.32721951,41.20513237
20251520864,20251219,Property Damage Only,-91.32130689,41.27727623
20251520865,20251222,Property Damage Only,-95.74545013,40.78424808
20251520866,20251223,Property Damage Only,-93.98248924,41.613832
20251520874,20251220,Property Damage Only,-91.12761566,43.23530939
20251520904,20251223,Property Damage Only,-95.40563845,42.04562528
20251520924,20251223,Property Damage Only,-93.81346626,42.47706536
20251520929,20251217,Property Damage Only,-91.88981688,42.39324355
20251520930,20251222,Property Damage Only,-91.70836111,42.46083118
20251520945,20251222,Property Damage Only,-92.54008973,42.83946973
20251520949,20251221,Property Damage Only,-92.40068425,42.74098143
20251520950,20251222,Property Damage Only,-92.52153493,42.69384788
20251520953,20251205,Property Damage Only,-91.92601896,42.49738954
20251520980,20251223,Property Damage Only,-93.7705644,40.70091389
20251520991,20251222,Property Damage Only,-93.90376105,42.034691
20251520994,20251218,Property Damage Only,-93.05743398,41.69758577
20251520996,20251107,Property Damage Only,-91.16004112,40.85752106
20251520998,20251223,Property Damage Only,-93.58946477,40.61683946
20251521000,20251213,Property Damage Only,-94.37682137,40.87837528
20251521005,20251223,Property Damage Only,-93.47065355,41.05136701
20251521007,20251223,Property Damage Only,-91.7400578,42.14685732
20251521030,20251224,Property Damage Only,-90.18856136,41.90854457
20251521039,20251217,Property Damage Only,-93.41190073,41.72717085
20251521071,20251217,Property Damage Only,-95.15298276,42.88715299
20251521122,20251224,Property Damage Only,-92.39251549,43.37120502
20251521127,20251223,Property Damage Only,-92.33755486,42.53188355
20251521134,20251224,Property Damage Only,-91.42734714,40.89078804
20251521138,20251221,Property Damage Only,-94.4643421,41.68083956
20251521143,20251224,Property Damage Only,-90.73352105,42.16419243
20251521146,20251209,Property Damage Only,-93.90442287,40.60948734
20251521153,20251225,Property Damage Only,-93.75581966,42.16642584
20251521192,20251224,Property Damage Only,-93.59306678,41.76079444
20251521196,20251223,Property Damage Only,-95.49815719,42.34968184
20251521208,20251224,Property Damage Only,-96.28358652,42.57584222
20251521214,20251224,Property Damage Only,-95.40964934,42.03698561
20251521224,20251111,Property Damage Only,-92.42477908,42.5540765
20251521227,20251225,Property Damage Only,-91.32802208,40.67045081
20251521230,20251218,Property Damage Only,-92.90831559,42.06796129
20251521234,20251225,Property Damage Only,-90.77932083,42.5610407
20251521235,20251223,Suspected Minor Injury Crash,-93.56985428,41.92830445
20251521242,20251225,Property Damage Only,-91.81302697,43.32826367
20251521245,20251224,Property Damage Only,-90.72557105,42.41616281
20251521246,20251226,Property Damage Only,-90.66799288,42.47797035
20251521249,20251225,Property Damage Only,-93.41957968,41.37235269
20251521251,20251223,Property Damage Only,-91.51961733,42.49872264
20251521261,20251225,Property Damage Only,-93.55557191,41.57376843
20251521283,20251226,Property Damage Only,-95.09122101,43.12701162
20251521290,20251225,Property Damage Only,-95.64455133,42.22582478
20251521292,20251226,Property Damage Only,0,0
20251521293,20251225,Property Damage Only,-92.71536275,41.69560834
20251521295,20251220,Property Damage Only,-91.40725213,42.83899493
20251521296,20251223,Property Damage Only,-95.58550957,40.68699159
20251521298,20251220,Property Damage Only,-91.58533491,41.76042439
20251521299,20251222,Property Damage Only,-91.17107204,42.60184411
20251521309,20251223,Property Damage Only,-91.48072155,42.44948402
20251521310,20251225,Property Damage Only,-91.54673652,42.19603206
20251521311,20251226,Property Damage Only,-91.48568265,42.20209579
20251521318,20251226,Property Damage Only,-94.36726787,41.89557566
20251521322,20251226,Suspected Minor Injury Crash,-93.70056646,40.7059543
20251521334,20251218,Property Damage Only,-92.16077242,42.58393093
20251521343,20251223,Property Damage Only,-93.12325068,43.23249617
20251521347,20251222,Property Damage Only,-91.58185796,41.68993048
20251521349,20251227,Property Damage Only,-93.61704838,42.81782938
20251521350,20251227,Property Damage Only,-93.86103549,41.28403593
20251521372,20251227,Property Damage Only,-94.6164429,42.39901973
20251521391,20251227,Property Damage Only,-91.46221221,42.05039031
20251521392,20251227,Property Damage Only,-92.6725328,43.08615261
20251521394,20251227,Property Damage Only,-93.89787617,41.88847886
20251521400,20251226,Property Damage Only,-93.10971078,41.31341632
20251521401,20251224,Property Damage Only,-90.92917383,41.50622017
20251521402,20251226,Property Damage Only,-91.0056318,41.44245269
20251521403,20251227,Property Damage Only,-91.59700715,41.70831925
20251521413,20251227,Property Damage Only,-91.02204928,42.68741138
20251521417,20251225,Property Damage Only,-91.15637187,40.74671984
20251521422,20251227,Property Damage Only,-93.22196294,42.82532842
20251521431,20251227,Property Damage Only,-90.61569514,42.05573388
20251521440,20251228,Property Damage Only,-91.4284821,40.53710652
20251521446,20251228,Property Damage Only,-93.91772703,40.59436491
20251521492,20251226,Property Damage Only,-91.13199115,41.56731101
20251521499,20251227,Property Damage Only,-94.62016453,43.44820526
20251521508,20251227,Property Damage Only,-96.47321681,42.59374606
20251521551,20251225,Property Damage Only,-93.69688584,41.65198288
20251521553,20251227,Property Damage Only,-91.629565,40.97085527
20251521554,20251228,Property Damage Only,-92.81778816,41.71713624
20251521557,20251224,Property Damage Only,-90.92353903,42.06772629
20251521565,20251224,Property Damage Only,-93.17413485,41.77556857
20251521566,20251224,Property Damage Only,-93.17930069,41.69048872
20251521572,20251223,Property Damage Only,-91.13050448,42.47125919
20251521576,20251227,Property Damage Only,-92.495596,43.37538894
20251521577,20251227,Property Damage Only,-92.47459234,41.49118667
20251521579,20251219,Property Damage Only,-93.19260768,41.77653886
20251521581,20251225,Property Damage Only,-94.63033602,42.46533871
20251521585,20251228,Property Damage Only,-92.33269227,40.99856339
20251521587,20251226,Property Damage Only,-91.96725466,41.08989369
20251521594,20251226,Property Damage Only,-91.24138837,42.34187467
20251521608,20251222,Property Damage Only,-93.62120104,41.42633292
20251521612,20251221,Property Damage Only,-93.96860197,41.83471025
20251521613,20251219,Property Damage Only,-91.19805654,41.20675014
20251521614,20251219,Suspected Minor Injury Crash,-91.19747777,41.22348566
20251521620,20251226,Property Damage Only,-93.06330792,42.44890923
20251521626,20251227,Property Damage Only,-91.2704841,42.10451627
20251521641,20251224,Property Damage Only,-91.12849921,40.80761472
20251521642,20251226,Property Damage Only,-90.77359524,42.38335377
20251521647,20251227,Property Damage Only,-95.70608002,40.81474893
20251521650,20251224,Property Damage Only,-95.46271517,40.77159131
20251521652,20251209,Property Damage Only,-91.88978688,42.42181888
20251521667,20251222,Property Damage Only,-92.05592915,42.37362199
20251521709,20251229,Property Damage Only,-93.91953343,41.35514879
20251521712,20251222,Property Damage Only,-95.13845301,41.49866844
20251521737,20251219,Property Damage Only,-93.85369961,41.57243675
20251521748,20251101,Property Damage Only,-96.29869884,43.43301436
20251521749,20251106,Property Damage Only,-95.92982853,43.43263443
20251521761,20251111,Property Damage Only,-95.99866889,43.3327793
20251521763,20251226,Property Damage Only,-96.23627328,43.26418894
20251521792,20251229,Property Damage Only,-91.73891373,41.98597358
20251521808,20251229,Property Damage Only,-91.42509995,40.63301751
20251521836,20251229,Property Damage Only,-90.71871104,42.42737318
20251521844,20251221,Property Damage Only,-93.29958356,41.6015171
20251521869,20251226,Property Damage Only,-92.17195967,42.33009204
20251521870,20251229,Property Damage Only,-93.84817006,41.76095974
20251521885,20251229,Suspected Minor Injury Crash,-93.36019193,42.4482257
20251521886,20251226,Property Damage Only,-92.33711507,42.72051292
20251521891,20251226,Property Damage Only,-92.48717031,42.77373089
20251521892,20251227,Property Damage Only,-92.18009525,42.66703046
20251521895,20251217,Property Damage Only,-92.33968373,42.68097554
20251521901,20251227,Property Damage Only,-91.71080789,40.9843316
20251521910,20251230,Property Damage Only,-95.83530065,41.28051971
20251521953,20251230,Property Damage Only,-93.85745929,42.47180047
20251521954,20251209,Property Damage Only,-92.96306609,41.40725958
20251521955,20251216,Property Damage Only,-91.67908609,43.2765411
20251521963,20251230,Property Damage Only,-95.55404333,42.77866398
20251521964,20251230,Property Damage Only,-93.20873018,43.18905928
20251521973,20251126,Property Damage Only,-93.63622992,42.86323719
20251521978,20251218,Property Damage Only,-92.11721836,42.61321415
20251521988,20251230,Property Damage Only,-94.84671128,43.43039048
20251521989,20251227,Property Damage Only,-92.45566337,42.59545559
20251521993,20251223,Property Damage Only,-91.60792323,41.71322564
20251522001,20251223,Property Damage Only,-92.83057948,40.8256891
20251522012,20251230,Property Damage Only,-91.14023499,41.41600303
20251522013,20251231,Property Damage Only,-91.40952989,40.90962238
20251522016,20251230,Property Damage Only,-94.01278604,41.5979237
20251522024,20251231,Property Damage Only,-96.41951776,42.51880775
20251522028,20251231,Property Damage Only,-94.01662229,41.3877768
20251522037,20251230,Property Damage Only,-92.86274376,40.73252906
20251522039,20251201,Property Damage Only,-92.00159595,43.30639249
20251522042,20251230,Property Damage Only,-94.14469019,41.59705523
20251522043,20251228,Property Damage Only,-92.64688351,42.46371991
20251522049,20251218,Property Damage Only,-92.0672983,42.84748184
20251522051,20251231,Property Damage Only,-92.07294029,42.84747363
20251522054,20251230,Property Damage Only,-95.01330217,42.33223572
20251522068,20251226,Property Damage Only,-93.20067252,42.07766663
20251522072,20251231,Property Damage Only,-94.62549297,41.26300662
20251522086,20251227,Property Damage Only,-90.68238766,42.07766099
20251522093,20251231,Property Damage Only,-91.43361304,42.79815126
20251522096,20251231,Property Damage Only,-94.95491043,42.39961776
20251522100,20251231,Property Damage Only,-90.29858447,41.77806391
20251522148,20251230,Property Damage Only,-93.61704346,42.81733411
20251522226,20251231,Property Damage Only,-93.3216786,40.81545569
20251522236,20251226,Property Damage Only,-93.22803954,41.21165255
20251522238,20251230,Property Damage Only,-93.07454032,41.31515594
20251522243,20251231,Property Damage Only,-91.09242682,41.64466816
20251522254,20251231,Property Damage Only,-96.57419658,42.69079036
20251522274,20251231,Property Damage Only,-93.50589071,41.50324502
20251522281,20251224,Property Damage Only,-93.88266243,41.57918062
20251522284,20251231,Property Damage Only,-94.01277655,41.59501448
20251522289,20251231,Property Damage Only,-93.62618336,41.46283121
20251522293,20251229,Property Damage Only,-92.59948047,42.7343386
20251522299,20251229,Property Damage Only,-93.55901421,41.40512389
20251522306,20251221,Property Damage Only,-92.52149105,40.67736871
20251522322,20251219,Property Damage Only,-92.52383625,40.6088128
20251522340,20251231,Property Damage Only,-92.29780159,43.10024328
20251522341,20251212,Property Damage Only,-91.34629051,43.26162389
20251522346,20251218,Property Damage Only,-92.76039528,42.46300474
20251522365,20251230,Property Damage Only,-95.84145675,41.3930544
20251522377,20251230,Property Damage Only,-95.15038554,43.18404713
20251522440,20251223,Property Damage Only,-91.24940517,41.7113935
20251522464,20251222,Property Damage Only,-91.172758,42.8235153
20251522514,20251120,Property Damage Only,-90.67506517,41.58867071
20251522519,20251223,Property Damage Only,-90.57964667,41.5976072
20251522564,20251118,Property Damage Only,-92.2174221,42.33929132
20251522565,20251216,Property Damage Only,-92.20378813,42.32497688
20251522578,20251222,Property Damage Only,-92.18207852,41.9637416
20251522579,20251222,Property Damage Only,-91.83794426,42.15728414
20251522594,20251224,Property Damage Only,-92.22120215,41.96374347
20251522596,20251230,Property Damage Only,-91.90413379,42.13816676
20251522668,20251231,Property Damage Only,-93.18919947,42.07760506
20251522685,20251231,Property Damage Only,-92.90806595,42.07342807
20251522686,20251231,Property Damage Only,-92.90805528,42.07244635
20251522692,20251231,Property Damage Only,-93.95479436,41.60041956
20251522712,20251223,Property Damage Only,-91.80518741,42.8279726
20251523275,20251203,Property Damage Only,-95.01337695,43.0245765
20251523355,20251229,Property Damage Only,-93.59513438,42.74577613
20251523385,20251216,Property Damage Only,-92.655783,41.36933302
20251523404,20251212,Property Damage Only,-91.19805654,41.20675014
20251523685,20251115,Property Damage Only,-93.22184952,43.10421786
20251523712,20251230,Property Damage Only,-93.56438129,42.02294644
20251523878,20251113,Property Damage Only,-93.71501012,41.6293627
20251523988,20251011,Property Damage Only,-96.44432087,43.50039276
20251524197,20251223,Property Damage Only,-95.12733566,43.39678048
20251524322,20251230,Property Damage Only,-91.48352089,41.70771505
20251524785,20251204,Property Damage Only,-91.32437376,40.63801346
20251524820,20251223,Property Damage Only,-91.22680197,40.71847563
20251524955,20251029,Property Damage Only,-90.67957743,41.75610824
20251524979,20251115,Property Damage Only,-91.27829403,40.64894701
20251525097,20251027,Property Damage Only,-93.58686487,41.89587551
20251525433,20250906,Property Damage Only,-92.50693898,42.87346184
20251526105,20250115,Property Damage Only,-90.64846587,41.49548899
20251526144,20251126,Property Damage Only,-91.79217977,43.2978624
20251526189,20251219,Property Damage Only,-95.7644616,41.64522994
20251526239,20250904,Property Damage Only,-90.34826879,41.62094152
20251526241,20251011,Property Damage Only,-90.36913643,41.58709886
20251526244,20251025,Property Damage Only,-90.38686875,41.59536593
20251526245,20251102,Property Damage Only,-90.38836699,41.58261121
20251526248,20251130,Property Damage Only,-90.3546219,41.61233404
20251526260,20250405,Property Damage Only,-90.37741026,41.58244269
20251526263,20250426,Property Damage Only,-90.43100928,41.59744212
20251526268,20250620,Property Damage Only,-90.37979428,41.59437624
20251526353,20251111,Property Damage Only,-92.42491146,42.55690497
20251526359,20250929,Property Damage Only,-93.85892712,42.03462999
20251526410,20250313,Possible/Unknown Injury Crash,-92.59650171,42.73214881
20251526752,20250929,Property Damage Only,-95.13585731,42.94725649
20251527127,20251105,Property Damage Only,-95.06170822,43.12749339
20251528234,20251106,Property Damage Only,-92.74885919,42.62840759
20251529252,20251222,Property Damage Only,-92.43725892,42.42574197
20251529258,20251031,Property Damage Only,-92.46416548,42.40799404
20251529260,20251114,Property Damage Only,-92.43159044,42.43154085
20251530779,20251111,Property Damage Only,-93.28019061,41.38171206
20251532399,20251114,Property Damage Only,-94.6427619,40.7645998
20251532400,20251120,Property Damage Only,-94.79188218,40.70308957
20251532953,20250905,Suspected Serious Injury Crash,-92.23954244,41.89898223
20251532954,20250911,Property Damage Only,-91.83342082,42.2038543
20251532957,20251004,Property Damage Only,-92.05171505,42.18109058
20251534928,20251220,Property Damage Only,-91.3419512,42.08348841
20251538893,20250924,Property Damage Only,-92.26798711,42.47475969
20251542012,20251012,Property Damage Only,-91.80310193,43.29161104
20251544145,20250709,Property Damage Only,-90.19361213,42.03574561
20251550915,20251004,Property Damage Only,-92.60957759,41.33568605
20251551230,20251226,Property Damage Only,-92.4536878,42.65135326
20251556171,20250928,Property Damage Only,-90.56903249,41.83945098
20251556172,20251111,Property Damage Only,-90.56716117,41.80746694
20251556195,20251025,Property Damage Only,-90.56960404,41.83294273
