Case Number,Date of Crash,Crash Severity,Longitude,Latitude
20261522214,20260101,Property Damage Only,-95.98784234,42.17115744
20261522232,20260101,Property Damage Only,-91.23206399,43.01633199
20261522234,20260101,Property Damage Only,-91.49999144,41.92111775
20261522235,20260101,Property Damage Only,-91.7514839,42.02161436
20261522250,20260101,Property Damage Only,-90.74402282,42.45639427
20261522251,20260101,Property Damage Only,-91.36781805,40.67785759
20261522261,20260101,Property Damage Only,-93.40594391,41.93220734
20261522263,20260102,Property Damage Only,-91.44298539,40.50072854
20261522287,20260101,Property Damage Only,-93.210663,43.24648798
20261522296,20260101,Property Damage Only,-91.60583679,40.98019116
20261522332,20260102,Property Damage Only,-94.28437253,42.03458417
20261522343,20260103,Property Damage Only,-93.20435298,42.52203455
20261522350,20260102,Property Damage Only,-91.21667284,43.01769598
20261522369,20260102,Property Damage Only,-93.64237795,41.70301046
20261522375,20260102,Property Damage Only,-93.44730851,42.00528702
20261522378,20260101,Property Damage Only,-95.06859163,43.12782833
20261522381,20260103,Property Damage Only,-91.56217269,40.88404449
20261522391,20260103,Property Damage Only,-92.40099263,41.96453412
20261522408,20260103,Property Damage Only,-95.75110686,41.94856016
20261522410,20260102,Property Damage Only,-91.20634976,43.02536875
20261522411,20260102,Property Damage Only,-91.07317159,40.88826874
20261522415,20260103,Property Damage Only,-93.41003674,41.72900595
20261522429,20260104,Property Damage Only,-91.70476607,42.10595425
20261522436,20260102,Possible/Unknown Injury Crash,-91.62651146,42.03266958
20261522441,20260104,Property Damage Only,-92.16053636,42.96527059
20261522450,20260103,Property Damage Only,-93.50317249,41.68268169
20261522457,20260104,Property Damage Only,-91.76508182,42.06603684
20261522472,20260103,Property Damage Only,-91.49185536,40.42262374
20261522473,20260103,Property Damage Only,-91.42349894,40.63975187
20261522479,20260103,Property Damage Only,-91.66306382,40.83547955
20261522485,20260103,Property Damage Only,-90.54629512,41.55698375
20261522487,20260104,Property Damage Only,-93.1855964,41.32509208
20261522495,20260104,Property Damage Only,-92.09378048,41.48795194
20261522496,20260104,Property Damage Only,-95.43586131,42.33230086
20261522500,20260104,Possible/Unknown Injury Crash,-95.31275714,42.92235936
20261522502,20260104,Property Damage Only,-90.62859688,41.78567868
20261522505,20260104,Property Damage Only,-92.59104804,41.75322977
20261522512,20260104,Property Damage Only,-92.25714313,43.05919429
20261522516,20260104,Property Damage Only,-94.43869543,42.03464458
20261522523,20260104,Property Damage Only,-91.33859402,41.27876107
20261522525,20260103,Property Damage Only,-90.68824666,41.47804857
20261522529,20260102,Property Damage Only,-92.90015807,41.21904137
20261522552,20260103,Property Damage Only,-93.48663088,41.91381717
20261522553,20260104,Property Damage Only,-91.29064739,40.67048893
20261522563,20260102,Property Damage Only,-90.72009029,42.53874178
20261522572,20260104,Property Damage Only,-95.12460636,41.31778015
20261522573,20260102,Property Damage Only,-91.27878886,42.07783
20261522574,20260103,Property Damage Only,-92.40911202,40.86896404
20261522587,20260102,Property Damage Only,-91.92152021,43.17888958
20261522591,20260103,Property Damage Only,-90.56562212,41.69830712
20261522592,20260102,Property Damage Only,-92.2400345,41.91746729
20261522593,20260104,Property Damage Only,-91.8654648,42.22932091
20261522620,20260103,Property Damage Only,-94.91899338,41.69565346
20261522621,20260104,Property Damage Only,-94.89889756,41.64527119
20261522628,20260105,Property Damage Only,-92.43083772,41.83136761
20261522651,20260103,Property Damage Only,-94.1590429,41.83465756
20261522662,20260105,Property Damage Only,-93.90484266,40.60906064
20261522673,20260102,Property Damage Only,-94.04434115,41.68845947
20261522674,20260102,Property Damage Only,-94.0840456,41.0273218
20261522690,20260105,Property Damage Only,-91.59942156,42.06206299
20261522694,20260105,Property Damage Only,-90.75416895,42.48417686
20261522700,20260102,Property Damage Only,-91.46531815,41.26387491
20261522702,20260104,Property Damage Only,-95.67093647,40.84889458
20261522705,20260104,Property Damage Only,-91.8868719,42.44916832
20261522732,20260105,Property Damage Only,-95.75998877,41.03812905
20261522740,20260105,Property Damage Only,-95.51592766,42.73455637
20261522777,20260104,Property Damage Only,-93.63117204,42.0345413
20261522779,20260106,Property Damage Only,-91.48287574,42.75782303
20261522780,20260105,Property Damage Only,-92.70457853,41.28521952
20261522809,20260106,Property Damage Only,-92.71165815,43.1343621
20261522818,20260105,Property Damage Only,-90.29770689,41.77861963
20261522825,20260106,Property Damage Only,-91.50029325,42.19891051
20261522827,20260106,Property Damage Only,-95.51525303,42.37894425
20261522830,20260105,Property Damage Only,-91.72447906,43.26926744
20261522886,20260106,Property Damage Only,-96.27270727,42.78491157
20261522900,20260106,Property Damage Only,-90.54339095,41.71124396
20261522903,20260106,Property Damage Only,-95.12371654,40.99873623
20261522909,20260106,Property Damage Only,-91.41522023,40.91546577
20261522910,20260106,Property Damage Only,-91.03817462,41.57904194
20261522911,20260106,Property Damage Only,-95.00265323,42.39477691
20261522927,20260105,Property Damage Only,-91.17209772,42.82350476
20261522942,20260106,Property Damage Only,-91.73575356,42.05534216
20261522962,20260106,Property Damage Only,-93.68783669,42.07074614
20261522969,20260107,Property Damage Only,-90.71520902,42.43075244
20261522978,20260106,Property Damage Only,-93.77449405,41.60513532
20261522981,20260104,Property Damage Only,-91.27685258,42.10470216
20261522983,20260106,Property Damage Only,-93.81358539,42.50128115
20261522987,20260101,Property Damage Only,-92.79808718,41.93480995
20261522988,20260102,Property Damage Only,-93.23169,41.86341071
20261522990,20260105,Property Damage Only,-92.04931784,41.04411897
20261522999,20260106,Property Damage Only,-91.724275,42.96432813
20261523002,20260105,Property Damage Only,-92.54576743,42.88458187
20261523003,20260106,Property Damage Only,-92.51017598,42.85118766
20261523004,20260104,Property Damage Only,-92.46074289,42.53784287
20261523039,20260106,Property Damage Only,-96.00013682,43.25687411
20261523041,20260106,Property Damage Only,-96.37761557,43.12785087
20261523051,20260105,Property Damage Only,-91.96892827,43.12624366
20261523120,20260107,Property Damage Only,-91.92039899,40.67459189
20261523129,20260104,Property Damage Only,-90.64888898,41.49438985
20261523138,20260107,Property Damage Only,-90.49102704,42.05379516
20261523139,20260107,Property Damage Only,-91.0971686,41.47757241
20261523143,20260106,Property Damage Only,-93.59750007,41.79129607
20261523166,20260108,Property Damage Only,-93.77194682,41.61494326
20261523183,20260108,Property Damage Only,-92.58146901,42.03273963
20261523190,20260106,Property Damage Only,-96.1137243,42.80778116
20261523191,20260107,Property Damage Only,-93.06453121,41.71622676
20261523196,20260105,Property Damage Only,-94.92259751,41.70167262
20261523197,20260106,Property Damage Only,-91.86184205,43.31330822
20261523201,20260107,Property Damage Only,-91.52768494,40.47576809
20261523204,20260108,Property Damage Only,-92.39627256,42.06302351
20261523205,20260107,Property Damage Only,-93.85686109,42.03461841
20261523207,20260104,Property Damage Only,-92.37715101,41.03244859
20261523208,20260104,Property Damage Only,-92.51944189,41.09769972
20261523213,20260107,Property Damage Only,-91.44604158,40.68038748
20261523214,20260107,Property Damage Only,-91.32663383,40.74153177
20261523223,20260108,Property Damage Only,-93.5203848,41.02908327
20261523226,20260108,Property Damage Only,-92.55437354,43.31871546
20261523320,20260108,Possible/Unknown Injury Crash,-91.98380666,42.56463982
20261523345,20260108,Property Damage Only,-92.4549701,41.66234185
20261523363,20260108,Property Damage Only,-94.98988508,40.99017206
20261523365,20260108,Property Damage Only,-94.66201888,41.85669717
20261523380,20260109,Property Damage Only,-91.30056983,40.63288217
20261523387,20260107,Property Damage Only,-93.02397001,41.58451182
20261523388,20260108,Property Damage Only,-92.88318831,41.70247667
20261523406,20260107,Property Damage Only,-92.38620057,42.68582708
20261523410,20260107,Property Damage Only,-92.39950544,42.71500345
20261523417,20260102,Property Damage Only,-91.452336,41.29040794
20261523418,20260107,Property Damage Only,-91.18076702,41.1040283
20261523440,20260106,Property Damage Only,-93.89190031,41.52168816
20261523441,20260104,Property Damage Only,-92.84943548,42.35423747
20261523465,20260107,Property Damage Only,-96.34097036,42.40754363
20261523473,20260109,Property Damage Only,-93.71085589,41.75701863
20261523488,20260109,Property Damage Only,-93.65512089,41.30029968
20261523489,20260109,Property Damage Only,-91.73307528,42.04234346
20261523491,20260109,Property Damage Only,-93.10796469,41.28335004
20261523509,20260106,Property Damage Only,-91.52930918,41.22051966
20261523524,20260109,Property Damage Only,-91.15104183,40.83599262
20261523528,20260109,Property Damage Only,-92.29533579,41.33661415
20261523530,20260107,Property Damage Only,-91.80567005,43.34805988
20261523531,20260109,Property Damage Only,-93.5224651,41.68518965
20261523542,20260110,Property Damage Only,-95.32652313,42.01515133
20261523547,20260110,Property Damage Only,-94.14013723,42.4465343
20261523582,20260110,Property Damage Only,-93.38526674,41.64425344
20261523593,20260109,Property Damage Only,-93.97042364,42.11080034
20261523596,20260110,Property Damage Only,-93.44590245,43.06748136
20261523605,20260107,Property Damage Only,-90.48374325,41.54455336
20261523636,20260109,Property Damage Only,-93.44508084,41.61662844
20261523651,20260107,Property Damage Only,-95.77580447,41.59005576
20261523664,20260111,Property Damage Only,-91.20319355,42.83325424
20261523682,20260111,Property Damage Only,-90.6763993,42.14861307
20261523687,20260109,Property Damage Only,-96.10719219,42.5758319
20261523698,20260112,Property Damage Only,-93.56574553,41.73182154
20261523703,20260108,Property Damage Only,-91.2685577,42.10419901
20261523709,20260109,Property Damage Only,-90.61224129,42.40912027
20261523716,20260111,Property Damage Only,-90.95737412,42.07399848
20261523720,20260111,Property Damage Only,-95.13651416,43.42218091
20261523743,20260108,Property Damage Only,-93.15983428,41.69557946
20261523756,20260105,Property Damage Only,-91.95398476,42.13914546
20261523757,20260106,Property Damage Only,-91.92112749,42.13791354
20261523764,20260110,Property Damage Only,-91.89247711,42.13837905
20261523770,20260110,Property Damage Only,-91.30391854,42.47085044
20261523777,20260106,Property Damage Only,-91.80503184,42.8252514
20261523778,20260111,Property Damage Only,-91.80513996,42.81201485
20261523781,20260110,Property Damage Only,-96.09733487,42.88506
20261523791,20260110,Property Damage Only,-95.62285116,40.68722962
20261523797,20260111,Property Damage Only,-93.96960859,41.6144818
20261523811,20260112,Property Damage Only,-93.67904267,41.64882009
20261523815,20260107,Property Damage Only,-93.76469761,41.05398875
20261523817,20260112,Property Damage Only,-91.50066071,42.17106855
20261523822,20260112,Property Damage Only,-94.22747519,43.00925925
20261523838,20260113,Property Damage Only,-91.27215982,42.38536291
20261523841,20260112,Property Damage Only,-90.5511344,41.6110529
20261523847,20260112,Property Damage Only,-92.53945305,41.58545645
20261523851,20260112,Property Damage Only,-95.64056289,41.28953173
20261523873,20260112,Property Damage Only,-91.50926945,41.92507535
20261523874,20260112,Property Damage Only,-95.86352059,42.19884286
20261523890,20260113,Property Damage Only,-90.71354402,42.53026347
20261523898,20260107,Property Damage Only,-93.68642932,41.9939197
20261523899,20260113,Property Damage Only,-93.55260069,42.11730195
20261523902,20260113,Property Damage Only,-91.2587755,42.12798906
20261523905,20260109,Property Damage Only,-92.3376352,42.69227467
20261523910,20260112,Property Damage Only,-92.1751066,42.67792736
20261523912,20260112,Property Damage Only,-91.30600428,40.6704721
20261523914,20260108,Property Damage Only,-92.42428476,42.71495058
20261523915,20260109,Property Damage Only,-92.38415401,42.71505702
20261523916,20260113,Property Damage Only,-92.92074087,43.38310109
20261523918,20260110,Property Damage Only,-92.47567946,42.77377792
20261523920,20260112,Property Damage Only,-91.46623454,43.23998276
20261523947,20260112,Property Damage Only,-94.58838354,41.67322936
20261523953,20260113,Property Damage Only,-92.7444767,42.35742889
20261523998,20260110,Property Damage Only,-92.95182313,41.24025209
20261524008,20260113,Property Damage Only,-92.86022025,41.70799942
20261524011,20260113,Property Damage Only,-93.6782093,41.7730142
20261524013,20260113,Property Damage Only,-96.31331128,43.19990908
20261524025,20260111,Property Damage Only,-94.75806273,41.50426772
20261524035,20260113,Property Damage Only,-94.18617928,42.5176266
20261524045,20260112,Property Damage Only,-92.49265263,42.61251101
20261524048,20260113,Property Damage Only,-92.00671019,41.74264758
20261524051,20260114,Property Damage Only,-93.8987534,41.80308767
20261524056,20260110,Property Damage Only,-93.07066569,42.38451195
20261524062,20260102,Property Damage Only,-93.23167485,41.69538504
20261524063,20260102,Property Damage Only,-93.23108644,41.69551232
20261524065,20260109,Property Damage Only,-93.30936914,41.8032597
20261524081,20260113,Property Damage Only,-95.89335321,43.11653481
20261524139,20260113,Property Damage Only,-92.69656001,43.134215
20261524140,20260113,Property Damage Only,-92.72724732,43.10979896
20261524156,20260113,Property Damage Only,-95.69721727,41.36262852
20261524167,20260114,Property Damage Only,-90.68022209,42.44462898
20261524180,20260113,Property Damage Only,-92.73221022,43.18925145
20261524215,20260114,Property Damage Only,-91.5915282,41.9767483
20261524228,20260115,Property Damage Only,-94.22652161,42.6803824
20261524234,20260109,Property Damage Only,-92.06243563,42.54831648
20261524235,20260112,Property Damage Only,-91.75708266,42.06591445
20261524239,20260114,Property Damage Only,-92.49793997,42.71765656
20261524243,20260114,Property Damage Only,-93.18444185,41.6855897
20261524252,20260112,Property Damage Only,-91.5489273,41.00719688
20261524263,20260115,Property Damage Only,-92.72713938,41.65593332
20261524266,20260112,Property Damage Only,-91.53265792,41.67803619
20261524299,20260113,Property Damage Only,-93.24070979,43.16274745
20261524312,20260113,Property Damage Only,-92.27842908,41.5749632
20261524315,20260105,Property Damage Only,-95.11259183,43.12607861
20261524323,20260111,Property Damage Only,-91.15765323,42.25443741
20261524335,20260115,Property Damage Only,-90.65576465,42.02654339
20261524386,20260113,Property Damage Only,-93.33968245,43.12228074
20261524392,20260115,Property Damage Only,-93.73168682,41.26401484
20261524394,20260111,Property Damage Only,-91.6220583,40.92035729
20261524411,20260115,Property Damage Only,-94.10274361,41.59717703
20261524416,20260115,Suspected Serious Injury Crash,-91.11717576,42.45856833
20261524428,20260105,Property Damage Only,-91.79584198,43.29845029
20261524447,20260116,Property Damage Only,-93.64000023,42.07033839
20261524496,20260116,Property Damage Only,-93.26055035,43.17692259
20261524505,20260116,Property Damage Only,-93.2358505,42.80329151
20261524520,20260116,Property Damage Only,-91.11572589,41.44015708
20261524548,20260101,Property Damage Only,-92.98638051,43.11662476
20261524619,20260110,Property Damage Only,-93.46135415,40.9925813
20261524627,20260117,Property Damage Only,-92.63622089,41.99648541
20261524638,20260115,Property Damage Only,-91.69136717,40.97678006
20261524674,20260116,Possible/Unknown Injury Crash,-92.4558368,42.15194492
20261524766,20260113,Property Damage Only,-90.67592462,42.13711219
20261524783,20260116,Property Damage Only,-93.08560231,41.20438796
20261524804,20260118,Property Damage Only,-91.20108417,42.62637263
20261524805,20260116,Property Damage Only,-95.496284,40.75017076
20261524826,20260118,Property Damage Only,-92.92133736,41.47427278
20261524828,20260116,Suspected Minor Injury Crash,-91.27696687,40.73952167
20261524834,20260114,Property Damage Only,-92.33701277,42.8172124
20261524851,20260117,Property Damage Only,-96.47358308,42.52006125
20261524861,20260114,Property Damage Only,-92.91691748,41.93216532
20261524934,20260119,Property Damage Only,-93.79413576,41.6048572
20261524936,20260117,Property Damage Only,-92.19570895,42.54145845
20261524941,20260119,Property Damage Only,-92.34743676,42.25916681
20261524957,20260114,Property Damage Only,-91.48058492,42.87044692
20261524973,20260118,Property Damage Only,-92.91685524,41.94293737
20261524977,20260112,Property Damage Only,-93.30970324,42.34224614
20261524998,20260118,Property Damage Only,-93.43696475,43.26991688
20261524999,20260116,Property Damage Only,-92.81656199,41.71712528
20261525016,20260118,Property Damage Only,-90.66511586,42.45654227
20261525030,20260112,Property Damage Only,-91.95101469,42.09399664
20261525031,20260115,Property Damage Only,-91.96652737,42.14472596
20261525036,20260113,Property Damage Only,-95.24576624,42.6565011
20261525040,20260118,Property Damage Only,-91.26144551,42.12547184
20261525043,20260106,Property Damage Only,-92.06257753,42.54127518
20261525044,20260108,Property Damage Only,-91.88948964,42.49783388
20261525057,20260117,Property Damage Only,-93.39305404,41.46315244
20261525059,20260120,Property Damage Only,-91.22983711,41.75603653
20261525075,20260120,Property Damage Only,-94.41428508,41.12399836
20261525082,20260118,Property Damage Only,-93.85417539,41.57668462
20261525089,20260118,Property Damage Only,-96.37067457,42.63141604
20261525105,20260120,Property Damage Only,-90.19889419,41.94956569
20261525116,20260119,Property Damage Only,-93.97038386,42.10264091
20261525138,20260118,Property Damage Only,-93.75277572,41.6022892
20261525147,20260120,Property Damage Only,-91.74178234,41.60842449
20261525148,20260120,Property Damage Only,-93.6057766,41.18001861
20261525150,20260120,Property Damage Only,-96.34300617,42.41155431
20261525161,20260113,Property Damage Only,-91.37772145,42.80454099
20261525179,20260120,Property Damage Only,-91.7622174,42.01436337
20261525205,20260120,Property Damage Only,-94.95304946,41.4037746
20261525207,20260120,Property Damage Only,-94.73148083,42.2848128
20261525208,20260120,Property Damage Only,-94.71000301,42.26738463
20261525241,20260121,Property Damage Only,-95.78454728,41.25329918
20261525282,20260116,Property Damage Only,-91.38849359,41.2811279
20261525283,20260121,Property Damage Only,-91.03876402,41.5155365
20261525284,20260112,Property Damage Only,-92.43367576,42.5373971
20261525287,20260120,Property Damage Only,-91.88750891,40.96112111
20261525296,20260120,Property Damage Only,-96.37309754,43.19963667
20261525301,20260114,Property Damage Only,-96.15512475,42.40053224
20261525306,20260121,Property Damage Only,-93.02377122,43.08118869
20261525311,20260114,Property Damage Only,-91.11564563,41.74438482
20261525312,20260115,Property Damage Only,-91.03557536,41.65483343
20261525338,20260120,Property Damage Only,-92.10378526,41.53035565
20261525359,20260121,Property Damage Only,-93.69516015,41.75498002
20261525385,20260121,Property Damage Only,-90.58231142,41.5454984
20261525412,20260122,Property Damage Only,-94.28120661,42.09465576
20261525414,20260122,Property Damage Only,-92.47334361,41.99633106
20261525421,20260122,Property Damage Only,-91.60103057,41.22108921
20261525447,20260121,Property Damage Only,-93.95610246,41.83481498
20261525448,20260121,Property Damage Only,-94.2794708,41.83440582
20261525449,20260121,Property Damage Only,-94.09283626,41.59954143
20261525450,20260122,Property Damage Only,-94.18910732,41.62628257
20261525461,20260121,Property Damage Only,-95.14801479,43.42636836
20261525487,20260122,Property Damage Only,-94.42820905,41.6805828
20261525506,20260121,Property Damage Only,-96.11938547,42.807762
20261525516,20260122,Property Damage Only,-94.36254988,41.69878136
20261525520,20260121,Property Damage Only,-91.0742602,40.95300676
20261525529,20260122,Property Damage Only,-91.58947554,42.00575969
20261525540,20260122,Property Damage Only,-94.42476226,41.6806436
20261525543,20260122,Property Damage Only,-93.5154536,41.61509145
20261525580,20260123,Property Damage Only,-93.37968941,41.45476632
20261525585,20260122,Property Damage Only,-91.33397121,40.65341226
20261525588,20260122,Property Damage Only,-92.84635395,41.30561039
20261525597,20260122,Property Damage Only,-91.39719508,40.42144
20261525598,20260122,Property Damage Only,-93.03496547,41.59602935
20261525636,20260113,Property Damage Only,-93.04299777,42.25000955
20261525659,20260120,Property Damage Only,-93.37963084,42.45736703
20261525662,20260122,Property Damage Only,-93.20263216,42.94477411
20261525677,20260120,Property Damage Only,-91.64546503,41.76921019
20261525701,20260122,Property Damage Only,-91.88790131,41.76439139
20261525725,20260116,Property Damage Only,-93.50326201,41.60621929
20261525737,20260123,Property Damage Only,-92.75317236,40.73984195
20261525797,20260124,Property Damage Only,-92.34778235,42.27033646
20261525898,20260124,Property Damage Only,-93.81428058,41.6121562
20261525907,20260125,Property Damage Only,-90.61634711,42.10062303
20261525925,20260113,Property Damage Only,-92.06619155,42.44904947
20261525927,20260124,Property Damage Only,-91.10666849,42.35473203
20261525931,20260125,Property Damage Only,-93.60662105,42.06480955
20261525940,20260125,Property Damage Only,-94.01278327,41.58930389
20261525948,20260126,Property Damage Only,-96.40743117,42.54454269
20261526008,20260122,Property Damage Only,-92.57376487,41.00936366
20261526016,20260123,Property Damage Only,-91.34474561,42.35242851
20261526019,20260126,Possible/Unknown Injury Crash,-91.47504345,42.83147128
20261526030,20260121,Property Damage Only,-92.46036468,41.01494204
20261526035,20260122,Property Damage Only,-93.95464087,41.58104643
20261526039,20260111,Property Damage Only,-91.90094692,42.25304631
20261526042,20260114,Property Damage Only,-91.91077307,41.68310696
20261526062,20260125,Property Damage Only,-94.18979397,41.55520062
20261526094,20260125,Property Damage Only,-92.32547844,43.47256087
20261526101,20260122,Property Damage Only,-91.61640172,41.6922971
20261526118,20260104,Property Damage Only,-95.77700231,43.33812864
20261526146,20260126,Property Damage Only,-93.21347531,40.74730454
20261526148,20260126,Property Damage Only,-91.49378254,42.78530683
20261526150,20260126,Property Damage Only,-90.73979296,41.5000679
20261526158,20260126,Property Damage Only,-93.23324387,43.13387535
20261526162,20260126,Property Damage Only,-91.51064299,41.88415871
20261526163,20260126,Property Damage Only,-91.73576944,42.05636906
20261526170,20260126,Property Damage Only,-90.88941824,41.44203574
20261526172,20260126,Property Damage Only,-91.57051101,41.97636238
20261526175,20260126,Property Damage Only,-93.3825129,42.00772785
20261526184,20260126,Property Damage Only,-93.98567648,41.61348046
20261526185,20260126,Property Damage Only,-93.81622055,42.45496343
20261526192,20260120,Property Damage Only,-95.83931419,41.58953937
20261526193,20260126,Property Damage Only,-95.89513569,41.69815281
20261526217,20260126,Property Damage Only,-93.24453666,43.49204541
20261526223,20260126,Property Damage Only,-94.01584874,41.75395215
20261526321,20260127,Property Damage Only,-95.88061177,42.2058259
20261526324,20260126,Property Damage Only,-90.33285062,42.15100663
20261526325,20260127,Property Damage Only,-92.34771679,42.26258176
20261526335,20260127,Property Damage Only,-93.29703815,41.37041027
20261526339,20260127,Property Damage Only,-91.52352229,41.97587564
20261526343,20260122,Property Damage Only,-91.61686562,41.69251885
20261526348,20260127,Property Damage Only,-90.19883345,41.98315497
20261526354,20260128,Property Damage Only,-91.2012117,42.83198043
20261526355,20260105,Property Damage Only,-92.44142844,42.46954015
20261526356,20260118,Property Damage Only,-92.42500097,42.55776997
20261526360,20260127,Property Damage Only,-92.00661459,41.74806891
20261526362,20260128,Property Damage Only,-91.39423691,42.71963882
20261526363,20260127,Property Damage Only,-91.29609395,42.14758824
20261526373,20260128,Suspected Minor Injury Crash,-93.4532032,42.0055341
20261526380,20260125,Property Damage Only,-91.89026492,42.45535219
20261526384,20260126,Property Damage Only,-92.25815436,42.84961598
20261526385,20260128,Property Damage Only,-93.09971082,41.54014589
20261526389,20260126,Property Damage Only,-92.97034587,42.0489812
20261526414,20260128,Property Damage Only,-93.58147227,42.07055979
20261526444,20260108,Property Damage Only,-90.84514842,42.57558982
20261526448,20260120,Property Damage Only,-93.69431585,42.07074315
20261526452,20260125,Property Damage Only,-92.04260936,42.61427197
20261526496,20260127,Property Damage Only,-90.29725233,41.77884308
20261526505,20260128,Property Damage Only,-93.37020847,42.00793031
20261526512,20260126,Property Damage Only,-92.02199032,41.78734474
20261526536,20260129,Property Damage Only,-95.83370707,41.25362993
20261526543,20260129,Property Damage Only,-91.51958026,42.49565125
20261526585,20260129,Property Damage Only,-96.32696239,42.63378475
20261526641,20260127,Property Damage Only,-92.64731893,40.87949627
20261526646,20260128,Property Damage Only,-91.25075053,40.6855473
20261526669,20260129,Property Damage Only,-91.24562291,40.69516217
20261526670,20260129,Property Damage Only,-91.28224474,40.64800595
20261526675,20260130,Property Damage Only,-94.05560363,41.74302867
20261526676,20260130,Property Damage Only,-94.14010351,42.41985939
20261526679,20260129,Property Damage Only,-91.54076358,41.28960845
20261526681,20260129,Property Damage Only,-91.20146662,41.31813297
20261526730,20260115,Property Damage Only,-93.6171955,42.75509707
20261526736,20260130,Property Damage Only,-92.58707838,42.98640675
20261526739,20260201,Property Damage Only,-93.79802651,40.98773351
20261526740,20260201,Property Damage Only,-92.72593092,42.02182714
20261526741,20260119,Property Damage Only,-92.02097939,43.32478519
20261526756,20260130,Property Damage Only,-94.31830176,41.60522014
20261526757,20260130,Property Damage Only,-92.43233669,41.81845914
20261526780,20260130,Property Damage Only,-93.70342471,41.47558968
20261526784,20260130,Property Damage Only,-93.20302137,43.18205481
20261526785,20260131,Property Damage Only,-90.69222163,42.42379887
20261526804,20260128,Property Damage Only,-92.45470392,42.59925143
20261526805,20260129,Property Damage Only,-92.24176764,42.37614547
20261526814,20260129,Property Damage Only,-90.89702644,42.03716345
20261526842,20260127,Property Damage Only,-91.32109781,42.7127004
20261526853,20260131,Property Damage Only,-94.62348341,40.64510027
20261526855,20260131,Property Damage Only,-91.54407241,41.935267
20261526869,20260131,Property Damage Only,-90.42069583,41.59160019
20261526886,20260129,Property Damage Only,-94.12253889,41.02738567
20261526909,20260131,Property Damage Only,-91.43071065,40.56050465
20261526910,20260131,Property Damage Only,-91.42350266,40.6405987
20261526947,20260201,Property Damage Only,-93.2111265,43.30219892
20261526982,20260201,Property Damage Only,-92.87311941,43.05261104
20261526984,20260201,Property Damage Only,-90.25164259,42.12340529
20261526986,20260201,Property Damage Only,-93.78425775,41.12979455
20261526988,20260201,Property Damage Only,-94.22655956,42.6158848
20261526994,20260130,Property Damage Only,-93.69870104,42.05395544
20261527000,20260201,Property Damage Only,-93.58111039,41.71690125
20261527002,20260202,Property Damage Only,-95.99344492,42.16803056
20261527022,20260131,Property Damage Only,-93.5003804,41.26473006
20261527027,20260131,Property Damage Only,-95.04439602,41.30253436
20261527028,20260130,Property Damage Only,-91.43968065,40.87157051
20261527042,20260131,Property Damage Only,-92.86111068,41.70755915
20261527049,20260129,Property Damage Only,-91.80521172,43.35129668
20261527050,20260131,Property Damage Only,-91.85204613,43.24408247
20261527052,20260130,Property Damage Only,-93.20684323,43.18785606
20261527057,20260130,Property Damage Only,-90.66369733,42.4560991
20261527060,20260130,Property Damage Only,-93.91188789,41.76837973
20261527061,20260131,Property Damage Only,-93.94399082,41.51775952
20261527062,20260201,Property Damage Only,-91.67751474,42.09501598
20261527065,20260130,Property Damage Only,-93.3562003,42.51418833
20261527066,20260130,Property Damage Only,-94.94581232,41.49149822
20261527067,20260201,Property Damage Only,-93.17151885,42.31282483
20261527073,20260128,Property Damage Only,-92.0637004,42.84747048
20261527080,20260130,Property Damage Only,-91.36790326,41.27891921
20261527089,20260131,Property Damage Only,-92.1869356,41.80833766
20261527093,20260202,Property Damage Only,-93.06899854,42.27083733
20261527103,20260130,Property Damage Only,-95.39218105,40.6776505
20261527117,20260131,Property Damage Only,-93.00966354,42.0248379
20261527131,20260131,Property Damage Only,-92.54470707,42.87890435
20261527134,20260201,Property Damage Only,-92.38903966,42.71498413
20261527148,20260124,Property Damage Only,-90.24526326,41.8083442
20261527153,20260202,Property Damage Only,-95.76470506,41.02065095
20261527156,20260128,Property Damage Only,-91.57681017,41.75098812
20261527158,20260202,Property Damage Only,-91.15444619,40.75553484
20261527159,20260202,Property Damage Only,-91.62333487,42.0438354
20261527161,20260202,Property Damage Only,-92.33426124,41.27906165
20261527162,20260202,Property Damage Only,-92.34771441,42.26163609
20261527174,20260202,Property Damage Only,-90.54154048,41.71564439
20261527176,20260202,Property Damage Only,-92.29837225,43.21050156
20261527178,20260202,Property Damage Only,-93.67275703,41.73944121
20261527187,20260122,Property Damage Only,-92.42477604,42.55573354
20261527188,20260130,Property Damage Only,-92.42695691,42.55967998
20261527191,20260202,Property Damage Only,-90.71227767,42.46620188
20261527193,20260202,Property Damage Only,-94.3771629,41.98685514
20261527199,20260201,Possible/Unknown Injury Crash,-93.10069891,41.44281035
20261527203,20260202,Property Damage Only,-91.48908508,41.96678136
20261527205,20260128,Property Damage Only,-91.69698599,41.14936141
20261527226,20260129,Property Damage Only,-93.2930141,43.19869868
20261527227,20260203,Property Damage Only,-94.80575484,43.3638824
20261527243,20260202,Property Damage Only,-92.04034772,42.71937438
20261527244,20260203,Property Damage Only,-92.44662174,42.71488056
20261527250,20260130,Property Damage Only,-93.44251109,43.13552663
20261527269,20260131,Property Damage Only,-94.21536725,42.65915841
20261527289,20260203,Property Damage Only,-93.22186284,42.80759703
20261527299,20260201,Property Damage Only,-93.86657831,41.99398902
20261527301,20260203,Property Damage Only,-91.72322064,41.8474414
20261527302,20260203,Property Damage Only,-93.26174511,42.65032162
20261527323,20260203,Property Damage Only,-91.53071414,41.97594991
20261527324,20260203,Property Damage Only,-91.48499568,41.96365629
20261527336,20260204,Property Damage Only,-91.36288721,41.27896506
20261527360,20260201,Property Damage Only,-92.3177136,41.00751988
20261527377,20260204,Property Damage Only,-91.355575,41.31528629
20261527390,20260124,Property Damage Only,-91.1444751,41.20357513
20261527393,20260127,Property Damage Only,-91.86022605,42.46874618
20261527410,20260204,Property Damage Only,-95.05245306,42.29253799
20261527411,20260204,Property Damage Only,-95.05256076,42.28278293
20261527447,20260128,Property Damage Only,-92.54471884,42.8806334
20261527448,20260202,Property Damage Only,-92.54486256,42.9043898
20261527461,20260201,Property Damage Only,0,0
20261527468,20260203,Property Damage Only,-91.10157613,40.86123938
20261527479,20260204,Property Damage Only,-93.7744121,41.70556518
20261527490,20260203,Property Damage Only,-92.88451654,41.29435025
20261527502,20260204,Possible/Unknown Injury Crash,-95.33685561,41.5097034
20261527504,20260205,Property Damage Only,-92.62858634,41.99505592
20261527505,20260205,Property Damage Only,-96.4670124,42.52076471
20261527509,20260205,Property Damage Only,-95.00259636,42.39910056
20261527510,20260130,Property Damage Only,-93.53847554,42.58150643
20261527514,20260205,Property Damage Only,-95.57258081,42.69671054
20261527521,20260205,Property Damage Only,-92.4044896,40.95964487
20261527531,20260205,Property Damage Only,-91.19672037,42.2677567
20261527532,20260205,Property Damage Only,-93.89774174,43.09737239
20261527537,20260203,Property Damage Only,-92.37667546,42.66668386
20261527539,20260204,Property Damage Only,-92.37693353,42.53559866
20261527546,20260118,Property Damage Only,-92.96008146,42.01850871
20261527553,20260131,Property Damage Only,-96.17547271,42.99404688
20261527569,20260203,Property Damage Only,-91.29035218,40.64730656
20261527571,20260204,Property Damage Only,-91.41117094,40.63052055
20261527580,20260205,Property Damage Only,-91.3500057,41.37642861
20261527592,20260205,Property Damage Only,-91.84590958,42.4534732
20261527594,20260205,Property Damage Only,-91.25786924,40.83316987
20261527637,20260205,Property Damage Only,-90.6751916,41.7673133
20261527647,20260205,Property Damage Only,-91.82329785,42.0834184
20261527651,20260206,Property Damage Only,-91.3283333,43.18389715
20261527654,20260205,Property Damage Only,-92.70740361,42.35236891
20261527658,20260205,Property Damage Only,-91.13188653,40.82420799
20261527659,20260201,Property Damage Only,-93.62022703,42.20701994
20261527661,20260205,Property Damage Only,-93.05980272,42.40742951
20261527663,20260206,Property Damage Only,-94.75635753,40.75564801
20261527664,20260205,Property Damage Only,-91.18659129,41.34746091
20261527676,20260205,Property Damage Only,-91.35231894,42.1294609
20261527682,20260108,Property Damage Only,-92.12454714,41.00748475
20261527683,20260128,Property Damage Only,-91.96810507,41.0256116
20261527685,20260205,Property Damage Only,-93.16244209,41.69557581
20261527693,20260202,Property Damage Only,-90.99620906,41.66994212
20261527700,20260205,Property Damage Only,-93.48191864,41.59255666
20261527712,20260206,Property Damage Only,-91.73580817,42.05989998
20261527729,20260206,Property Damage Only,-91.52285994,41.65888822
20261527741,20260203,Property Damage Only,-91.84568307,41.75926437
20261527758,20260206,Property Damage Only,-92.38422663,43.065982
20261527788,20260204,Property Damage Only,-93.04154389,41.31909094
20261527802,20260207,Property Damage Only,-91.46759856,42.05051641
20261527806,20260207,Property Damage Only,-92.72740961,41.80525333
20261527808,20260206,Property Damage Only,-91.43107463,40.43956165
20261527809,20260206,Property Damage Only,-91.27295116,40.65937972
20261527861,20260207,Property Damage Only,-91.33681984,42.94560274
20261527873,20260204,Property Damage Only,-91.2615476,40.83309927
20261527874,20260205,Property Damage Only,-91.31452571,40.94110608
20261527879,20260206,Property Damage Only,-91.1328127,40.74760209
20261527886,20260208,Property Damage Only,-94.47135034,40.66516499
20261527890,20260207,Property Damage Only,-91.44070161,41.93819648
20261527891,20260207,Property Damage Only,-93.46553855,40.93162363
20261527892,20260207,Property Damage Only,-93.67384888,41.74035353
20261527948,20260208,Property Damage Only,-93.2836586,41.39815147
20261527952,20260205,Property Damage Only,-91.85594281,42.45145743
20261527968,20260207,Property Damage Only,-92.40665345,42.45888255
20261527972,20260209,Property Damage Only,-94.69876963,43.11667475
20261527978,20260207,Property Damage Only,-96.04811678,41.73760083
20261527982,20260208,Property Damage Only,-91.34069513,40.67036343
20261527987,20260206,Possible/Unknown Injury Crash,-90.84121153,42.51556773
20261527989,20260208,Property Damage Only,-90.76878828,42.38737576
20261527997,20260206,Property Damage Only,-93.37440028,42.1069258
20261528000,20260207,Property Damage Only,-91.24820916,42.02620324
20261528009,20260208,Property Damage Only,-91.80706519,43.2389218
20261528012,20260130,Property Damage Only,-91.83937188,42.21028202
20261528015,20260206,Property Damage Only,-92.8148429,41.71712252
20261528016,20260206,Property Damage Only,-93.10669836,41.69918989
20261528020,20260206,Property Damage Only,-92.58499501,41.01061174
20261528027,20260205,Property Damage Only,-92.50936248,41.06479582
20261528028,20260208,Property Damage Only,-93.33027702,41.47370842
20261528065,20260209,Property Damage Only,-93.29019069,42.33882082
20261528066,20260209,Property Damage Only,-93.37960771,42.45756524
20261528067,20260209,Property Damage Only,-92.70828848,42.10792234
20261528076,20260202,Property Damage Only,-93.87220491,41.63997767
20261528090,20260208,Property Damage Only,-94.55225252,41.67139037
20261528112,20260209,Property Damage Only,-92.63358335,43.12997847
20261528123,20260209,Property Damage Only,-91.39520434,42.71858976
20261528125,20260209,Property Damage Only,-94.43510052,42.73240497
20261528128,20260209,Property Damage Only,-92.29782588,43.09811827
20261528148,20260122,Property Damage Only,-91.13920268,41.24694102
20261528149,20260210,Property Damage Only,-91.26137335,41.09233844
20261528151,20260209,Property Damage Only,-94.02037084,42.53914365
20261528154,20260209,Property Damage Only,-95.78116531,41.30152926
20261528156,20260209,Property Damage Only,-93.69060487,42.07074753
20261528160,20260203,Property Damage Only,-91.63353048,41.7232694
20261528167,20260209,Property Damage Only,-93.65568464,42.02982855
20261528168,20260209,Property Damage Only,-93.58128897,42.23172093
20261528192,20260203,Property Damage Only,-92.90667803,42.0883778
20261528199,20260210,Property Damage Only,-95.45484701,42.74868753
20261528202,20260210,Property Damage Only,-93.09712995,42.4117989
20261528208,20260210,Property Damage Only,-91.49072926,40.55139521
20261528209,20260204,Property Damage Only,-92.94556356,41.81970477
20261528221,20260210,Property Damage Only,-95.55458188,42.65312487
20261528225,20260209,Property Damage Only,-95.478423,42.32697565
20261528239,20260207,Property Damage Only,-91.18531387,41.34783709
20261528240,20260131,Property Damage Only,-91.80961971,43.38837772
20261528241,20260210,Property Damage Only,-90.43024778,41.59456112
20261528271,20260210,Property Damage Only,-95.76960473,41.28066116
20261528278,20260210,Property Damage Only,-93.57552126,41.58477628
20261528281,20260210,Property Damage Only,-93.97477134,41.38050063
20261528288,20260209,Property Damage Only,-93.40884653,41.18947958
20261528293,20260210,Property Damage Only,-93.36578849,41.03526266
20261528300,20260210,Property Damage Only,-90.34834275,41.75217913
20261528305,20260115,Property Damage Only,-91.41059969,42.87975327
20261528309,20260210,Property Damage Only,-91.03640156,41.46999377
20261528322,20260203,Property Damage Only,-93.28410205,41.82778783
20261528329,20260210,Property Damage Only,-96.4012323,42.54296219
20261528352,20260207,Property Damage Only,-95.89740643,43.09512835
20261528353,20260209,Suspected Minor Injury Crash,-96.31324494,43.01934663
20261528354,20260210,Property Damage Only,-91.97623096,41.77474176
20261528361,20260129,Property Damage Only,-91.81376124,43.32158998
20261528363,20260210,Property Damage Only,-91.87051092,43.31331313
20261528366,20260210,Property Damage Only,-92.39076605,42.649568
20261528367,20260206,Property Damage Only,-92.47569356,42.82135341
20261528368,20260207,Property Damage Only,-92.4222531,42.64956002
20261528370,20260128,Property Damage Only,-92.33721088,42.68625652
20261528393,20260129,Property Damage Only,-94.25913398,41.31589529
20261528422,20260211,Property Damage Only,-94.93528797,42.421366
20261528427,20260210,Property Damage Only,-93.56865789,42.74585662
20261528448,20260211,Property Damage Only,-94.14493018,41.330239
20261528451,20260207,Property Damage Only,-92.23708358,42.49805436
20261528452,20260210,Property Damage Only,-91.17018103,40.8774815
20261528453,20260211,Property Damage Only,-91.10987866,40.84672917
20261528460,20260211,Property Damage Only,-95.89521926,42.06701954
20261528463,20260209,Property Damage Only,-95.84382443,41.31648771
20261528464,20260211,Property Damage Only,-95.8486856,41.33456011
20261528465,20260207,Property Damage Only,-91.48731935,41.63023443
20261528471,20260211,Property Damage Only,-91.09383808,42.48618949
20261528481,20260210,Property Damage Only,-91.88933894,41.76473855
20261528546,20260206,Property Damage Only,-95.55454826,42.69250391
20261528552,20260208,Property Damage Only,-91.07583027,42.70521243
20261528571,20260212,Property Damage Only,-90.40151114,41.75281831
20261528580,20260212,Property Damage Only,-94.02308428,41.6558111
20261528582,20260212,Property Damage Only,-90.82056077,41.92907829
20261528583,20260212,Property Damage Only,-91.11049229,40.84517188
20261528600,20260212,Property Damage Only,-94.02805221,41.81614391
20261528615,20260213,Property Damage Only,-93.6683356,41.70502412
20261528617,20260212,Property Damage Only,-90.1993275,41.9292056
20261528636,20260213,Property Damage Only,-93.54091625,41.9193386
20261528639,20260213,Property Damage Only,-91.10032594,41.60180118
20261528649,20260213,Property Damage Only,-91.25922499,41.29952963
20261528651,20260212,Property Damage Only,-91.37128496,40.6462517
20261528659,20260212,Property Damage Only,-92.00670224,41.74160271
20261528662,20260212,Property Damage Only,-93.85508521,41.77350015
20261528670,20260213,Property Damage Only,-95.45405547,40.77162277
20261528696,20260210,Property Damage Only,-93.56873554,42.45952064
20261528743,20260213,Property Damage Only,-93.80579995,40.74191442
20261528748,20260213,Property Damage Only,-92.62546934,43.0088714
20261528760,20260213,Property Damage Only,-94.02812152,42.1004539
20261528774,20260204,Property Damage Only,-91.08896502,41.50852799
20261528796,20260213,Property Damage Only,-93.0446058,40.75983516
20261528812,20260214,Property Damage Only,-96.18924004,42.05522026
20261528813,20260214,Property Damage Only,-94.20754829,42.73171662
20261528818,20260215,Property Damage Only,-91.38152091,40.90570151
20261528836,20260215,Property Damage Only,-95.65579581,40.7869693
20261528845,20260214,Property Damage Only,-91.56552736,41.69104277
20261528855,20260214,Property Damage Only,-96.48576842,42.57625621
20261528857,20260203,Property Damage Only,-92.21906503,42.59632062
20261528860,20260210,Property Damage Only,-92.22965766,42.35228885
20261528890,20260215,Property Damage Only,-94.19691603,42.57115254
20261528895,20260215,Property Damage Only,-93.83610466,41.57810549
20261528907,20260214,Property Damage Only,-92.64549894,41.30775228
20261528910,20260215,Property Damage Only,-91.21693362,41.4618383
20261528926,20260214,Property Damage Only,-91.16670663,42.24195635
20261528928,20260216,Property Damage Only,-91.06332155,41.45268878
20261528943,20260213,Property Damage Only,-91.85965934,41.75935891
20261528948,20260216,Property Damage Only,-91.8631792,43.2362336
20261528950,20260213,Property Damage Only,-93.48136224,41.47068033
20261528951,20260214,Property Damage Only,-93.79068138,41.45735045
20261528953,20260214,Property Damage Only,-93.62248716,41.45322231
20261528976,20260214,Property Damage Only,-90.72941619,42.52367221
20261528993,20260216,Property Damage Only,-93.69417997,41.51386416
20261529007,20260216,Property Damage Only,-93.69084944,41.51395628
20261529008,20260216,Property Damage Only,-93.69166391,41.51391535
20261529029,20260212,Property Damage Only,-91.5048069,41.68282906
20261529033,20260216,Property Damage Only,-90.66058171,42.53512837
20261529047,20260208,Property Damage Only,-94.22383463,40.76902904
20261529049,20260215,Property Damage Only,-90.56032584,41.61171677
20261529053,20260216,Property Damage Only,-92.17033105,41.42181176
20261529057,20260216,Property Damage Only,-91.4822736,41.96242248
20261529066,20260216,Property Damage Only,-93.06157911,41.68385672
20261529068,20260216,Property Damage Only,-90.61313268,42.10475283
20261529071,20260215,Property Damage Only,-93.18889645,41.32579832
20261529073,20260215,Property Damage Only,-93.32516582,41.37110889
20261529075,20260213,Property Damage Only,-95.32447045,42.01582335
20261529080,20260217,Property Damage Only,-90.31142553,41.81538846
20261529081,20260216,Property Damage Only,-91.28254751,40.64819062
20261529094,20260214,Property Damage Only,-90.9795839,42.44058226
20261529095,20260216,Property Damage Only,-90.98032513,42.44059533
20261529097,20260216,Property Damage Only,-91.45791463,40.52438686
20261529102,20260217,Property Damage Only,-95.81587035,41.08323247
20261529104,20260215,Property Damage Only,-93.69840386,42.03454818
20261529106,20260203,Property Damage Only,-93.60999562,41.96773668
20261529107,20260214,Property Damage Only,-93.58157351,42.06443485
20261529117,20260216,Property Damage Only,-93.79949836,42.42340756
20261529118,20260215,Suspected Serious Injury Crash,-91.55091809,41.44246443
20261529122,20260216,Property Damage Only,-93.80416202,42.50766973
20261529138,20260214,Property Damage Only,-93.88092605,42.03457132
20261529153,20260214,Property Damage Only,-91.81017074,42.89851687
20261529154,20260216,Property Damage Only,-91.96907123,42.7149997
20261529169,20260215,Property Damage Only,-91.19777836,41.287649
20261529173,20260216,Property Damage Only,-95.8809281,43.13383037
20261529184,20260213,Property Damage Only,-90.19719396,42.06059824
20261529197,20260215,Property Damage Only,-93.35452775,43.12146129
20261529204,20260110,Property Damage Only,-92.66286393,42.75577763
20261529220,20260216,Property Damage Only,-91.54862863,42.05017393
20261529221,20260217,Property Damage Only,-91.58617087,40.9381549
20261529230,20260217,Property Damage Only,-95.23264162,40.88728278
20261529231,20260217,Property Damage Only,-93.61665239,42.86781993
20261529244,20260217,Property Damage Only,-94.11860599,41.8342299
20261529245,20260217,Property Damage Only,-91.2438399,41.73346483
20261529250,20260217,Property Damage Only,-91.4535363,41.91722302
20261529251,20260217,Property Damage Only,-91.44896555,41.91674706
20261529269,20260215,Property Damage Only,-91.56786379,42.68797382
20261529288,20260217,Property Damage Only,-93.92340189,40.95481855
20261529295,20260217,Property Damage Only,-90.71513009,42.56355125
20261529302,20260217,Property Damage Only,-96.47455126,42.59538936
20261529306,20260218,Property Damage Only,-92.45527954,41.05185145
20261529310,20260216,Property Damage Only,-92.04126795,42.75715975
20261529312,20260217,Property Damage Only,-93.63456444,40.75516247
20261529323,20260218,Property Damage Only,-92.86752289,42.58141632
20261529330,20260218,Property Damage Only,-92.54767511,41.74620385
20261529332,20260217,Property Damage Only,-92.64581873,41.01602142
20261529346,20260214,Property Damage Only,-91.91950583,42.44660776
20261529380,20260218,Possible/Unknown Injury Crash,-94.22735533,41.31595033
20261529396,20260218,Possible/Unknown Injury Crash,-91.80513961,42.81203286
20261529417,20260218,Property Damage Only,-93.34613277,42.07772539
20261529418,20260219,Property Damage Only,-91.27348924,41.12660508
20261529421,20260218,Property Damage Only,-91.37428518,40.63422294
20261529422,20260218,Property Damage Only,-90.99825436,42.16892997
20261529440,20260214,Property Damage Only,-91.42644002,40.40470745
20261529462,20260214,Property Damage Only,-92.83588835,42.05325391
20261529463,20260217,Property Damage Only,-92.78558297,42.03420307
20261529464,20260217,Property Damage Only,-92.9080727,42.07712977
20261529475,20260217,Property Damage Only,-91.1957661,41.18940218
20261529488,20260217,Property Damage Only,-91.13252382,41.69852892
20261529489,20260219,Property Damage Only,-91.09841848,41.59974313
20261529509,20260219,Property Damage Only,-94.30617527,42.10692897
20261529575,20260219,Property Damage Only,-94.88617793,40.68065239
20261529578,20260217,Property Damage Only,-92.97325463,40.89181538
20261529587,20260219,Property Damage Only,-91.52053047,42.01958997
20261529621,20260212,Property Damage Only,-93.03918789,41.65340422
20261529622,20260213,Property Damage Only,-93.09118386,41.62334461
20261529623,20260213,Property Damage Only,-93.29245853,41.52239694
20261529641,20260216,Property Damage Only,-91.58910124,40.97738425
20261529644,20260219,Property Damage Only,-91.32984372,40.71831939
20261529647,20260219,Property Damage Only,-93.5514752,41.67303861
20261529680,20260218,Property Damage Only,-93.95465499,41.58119043
20261529744,20260217,Possible/Unknown Injury Crash,-91.89827594,41.66628889
20261529785,20260220,Property Damage Only,-95.50075385,42.74877432
20261529800,20260220,Property Damage Only,-90.49069933,41.73870816
20261529817,20260219,Property Damage Only,-91.23717453,41.4152058
20261529837,20260220,Property Damage Only,-95.43101262,42.03711123
20261529846,20260219,Property Damage Only,-90.45116015,42.248003
20261529880,20260220,Property Damage Only,-90.54848168,41.61106838
20261529970,20260221,Property Damage Only,-93.59367143,41.77679671
20261529979,20260221,Property Damage Only,-95.50164608,42.74878183
20261530012,20260221,Property Damage Only,-93.91186021,41.75877859
20261530051,20260222,Property Damage Only,-92.591034,40.72551707
20261530066,20260222,Property Damage Only,-91.4151837,40.63133239
20261530091,20260223,Property Damage Only,-91.36666493,42.88631175
20261530094,20260221,Property Damage Only,-91.24437855,41.7331128
20261530095,20260222,Property Damage Only,-90.94076216,41.60207005
20261530097,20260217,Property Damage Only,-92.46549552,42.4860276
20261530132,20260219,Property Damage Only,-94.98464865,41.32568366
20261530134,20260220,Property Damage Only,-92.79953648,41.70257737
20261530136,20260219,Property Damage Only,-93.4094911,41.37106491
20261530137,20260223,Property Damage Only,-93.32833157,41.4560503
20261530142,20260220,Property Damage Only,-93.77915037,42.50288933
20261530148,20260216,Property Damage Only,-92.63002527,41.43710721
20261530175,20260220,Property Damage Only,-91.42643394,40.40496861
20261530274,20260221,Property Damage Only,-93.78004801,41.45127098
20261530297,20260223,Property Damage Only,-90.54047514,41.78668877
20261530302,20260223,Property Damage Only,-92.67249918,43.10399128
20261530316,20260223,Property Damage Only,-90.2492658,41.83434082
20261530319,20260223,Suspected Minor Injury Crash,-93.71948364,41.72604392
20261530327,20260205,Property Damage Only,-95.91318626,43.43262778
20261530329,20260210,Property Damage Only,-96.45060339,43.45611321
20261530334,20260217,Property Damage Only,-96.55744868,43.44768518
20261530350,20260224,Property Damage Only,-93.38545983,41.1971629
20261530353,20260223,Property Damage Only,-91.18367461,42.60987029
20261530365,20260222,Property Damage Only,-92.49705504,41.31576574
20261530366,20260223,Property Damage Only,-92.83710005,41.30398527
20261530371,20260224,Property Damage Only,-92.29424763,41.26465415
20261530380,20260221,Property Damage Only,-91.19805271,41.22209853
20261530383,20260222,Property Damage Only,-92.00390462,41.51750916
20261530389,20260223,Property Damage Only,-91.27632624,41.27739501
20261530401,20260213,Property Damage Only,-93.0516049,42.42854357
20261530423,20260222,Property Damage Only,-95.08725594,43.50101186
20261530426,20260224,Property Damage Only,-91.47301243,41.87567565
20261530437,20260221,Property Damage Only,-91.35106932,41.17582393
20261530445,20260131,Property Damage Only,-95.7897938,42.52805931
20261530455,20260224,Property Damage Only,-90.82052662,41.91662223
20261530479,20260222,Property Damage Only,-92.97634085,43.1410804
20261530480,20260224,Property Damage Only,-92.69169514,43.05991134
20261530485,20260224,Property Damage Only,-95.82837353,41.24563741
20261530489,20260224,Property Damage Only,-91.67289209,42.0510839
20261530492,20260225,Property Damage Only,-90.43455547,42.23572742
20261530493,20260224,Property Damage Only,-92.84276224,40.81422049
20261530498,20260224,Property Damage Only,-91.76187651,42.0145038
20261530500,20260225,Property Damage Only,-92.57134393,41.97716736
20261530508,20260217,Property Damage Only,-93.81570194,41.94299708
20261530511,20260224,Property Damage Only,-93.60977196,41.92655024
20261530523,20260225,Property Damage Only,-93.56674111,41.48883765
20261530533,20260223,Property Damage Only,-92.40975039,40.89996504
20261530541,20260225,Property Damage Only,-93.8410672,42.572102
20261530545,20260222,Property Damage Only,-92.91682312,41.97691973
20261530574,20260105,Property Damage Only,-93.26510291,41.68835928
20261530600,20260203,Property Damage Only,-93.23856506,41.85884817
20261530601,20260212,Property Damage Only,-93.51334234,41.57132559
20261530625,20260224,Property Damage Only,-94.22663044,42.67040322
20261530644,20260225,Property Damage Only,-94.56086787,41.78024587
20261530680,20260225,Property Damage Only,-92.98619557,41.22592982
20261530682,20260226,Property Damage Only,-92.37693192,42.53576076
20261530689,20260225,Property Damage Only,-95.04798044,40.74226459
20261530690,20260224,Property Damage Only,-95.35965444,40.78244706
20261530702,20260224,Property Damage Only,-93.99861427,41.61422447
20261530705,20260224,Property Damage Only,-92.96248954,41.39038813
20261530706,20260225,Property Damage Only,-90.71121008,41.53808639
20261530713,20260225,Property Damage Only,-94.19626675,41.6135534
20261530732,20260127,Property Damage Only,-91.33096338,41.27785802
20261530733,20260223,Property Damage Only,-91.04454858,41.08757353
20261530737,20260226,Property Damage Only,-90.81282406,42.40067024
20261530745,20260224,Property Damage Only,-92.0909101,41.86239719
20261530752,20260226,Property Damage Only,-91.6580946,42.07779565
20261530753,20260226,Property Damage Only,-91.7744615,42.00063386
20261530757,20260222,Property Damage Only,-93.80623247,41.62895724
20261530783,20260226,Property Damage Only,-95.60453603,42.63408859
20261530827,20260213,Property Damage Only,-92.81023882,42.97257706
20261530828,20260226,Property Damage Only,-91.07640013,42.66381623
20261530839,20260226,Property Damage Only,-91.64833792,42.11199498
20261530848,20260226,Property Damage Only,-93.64879423,41.71956541
20261530859,20260226,Property Damage Only,-91.12748924,41.47978148
20261530860,20260226,Property Damage Only,-93.20412114,43.1834396
20261530861,20260227,Property Damage Only,-93.27210897,43.13372649
20261530865,20260226,Property Damage Only,-91.93063913,40.98868854
20261530867,20260227,Property Damage Only,-91.52693141,40.58997729
20261530899,20260226,Property Damage Only,-95.03300716,42.42200641
20261530913,20260226,Property Damage Only,-92.73896395,42.35739846
20261530928,20260224,Property Damage Only,-95.6345185,43.28749571
20261530954,20260216,Property Damage Only,-93.12957646,41.51689502
20261530963,20260225,Property Damage Only,-92.0643944,41.82331097
20261530973,20260227,Property Damage Only,-93.35908455,43.28450525
20261530976,20260227,Property Damage Only,-95.19948655,43.15641528
20261530986,20260220,Property Damage Only,-91.71010972,42.02187732
20261531005,20260227,Property Damage Only,-91.4722475,41.87642202
20261531011,20260227,Possible/Unknown Injury Crash,-93.65337374,41.04561156
20261531014,20260225,Property Damage Only,-90.65933049,41.50913945
20261531016,20260227,Property Damage Only,-92.90370092,42.75731402
20261531017,20260227,Property Damage Only,-91.87437425,40.67517929
20261531023,20260228,Property Damage Only,-92.00673425,41.74030599
20261531032,20260228,Property Damage Only,-92.96492854,43.01330597
20261531042,20260223,Property Damage Only,-94.11587852,41.90249108
20261531047,20260227,Property Damage Only,-93.28241895,43.14848749
20261531052,20260214,Property Damage Only,-95.91820694,41.64873029
20261531081,20260227,Property Damage Only,-96.50556864,42.80802286
20261531082,20260228,Property Damage Only,-90.67364348,42.47813928
20261531093,20260228,Property Damage Only,-93.82750137,41.24794482
20261531094,20260228,Property Damage Only,-90.20708613,42.11056756
20261531095,20260228,Property Damage Only,-90.33549399,42.14281009
20261531098,20260228,Property Damage Only,-91.70376984,42.10379951
20261531102,20260227,Property Damage Only,-91.05505359,41.45293653
20261531117,20260227,Property Damage Only,-90.97914166,41.59496964
20261531119,20260227,Property Damage Only,-91.08911821,41.59164496
20261531134,20260219,Property Damage Only,-93.67278127,41.73945909
20261531147,20260226,Property Damage Only,-93.35344013,41.68062762
20261531176,20260227,Property Damage Only,-95.38434445,41.32377764
20261531179,20260227,Property Damage Only,-96.56234121,43.44766773
20261531182,20260301,Property Damage Only,-94.2093113,42.54297888
20261531186,20260301,Property Damage Only,-94.98168828,42.42156358
20261531205,20260301,Property Damage Only,-93.02529424,41.68831997
20261531206,20260301,Property Damage Only,-95.46061397,41.23279791
20261531209,20260302,Property Damage Only,-93.89718833,42.11446753
20261531212,20260301,Property Damage Only,-90.34222925,41.75285732
20261531213,20260227,Property Damage Only,-91.13217697,40.80033294
20261531216,20260302,Property Damage Only,-93.67844254,41.7825872
20261531217,20260302,Property Damage Only,-90.7356651,42.0564807
20261531225,20260228,Property Damage Only,-93.38649849,42.00780457
20261531227,20260227,Property Damage Only,-91.46343038,40.63113777
20261531228,20260301,Property Damage Only,-91.44431154,40.47550455
20261531229,20260302,Property Damage Only,-91.19661411,41.22929985
20261531230,20260302,Property Damage Only,-95.44719451,41.95632735
20261531246,20260301,Property Damage Only,-92.12462573,41.63905287
20261531249,20260227,Property Damage Only,-91.30414937,42.0706425
20261531272,20260228,Property Damage Only,-91.65986403,41.20262093
20261531281,20260301,Property Damage Only,-93.55853647,41.41639464
20261531282,20260302,Property Damage Only,-93.5003145,41.25765924
20261531286,20260302,Property Damage Only,-91.96862222,41.06106258
20261531290,20260227,Property Damage Only,-92.55900151,41.49470289
20261531291,20260228,Property Damage Only,-92.63992471,41.20475766
20261531295,20260227,Property Damage Only,-94.85529752,42.55099904
20261531310,20260221,Property Damage Only,-91.55710828,40.95703573
20261531313,20260301,Property Damage Only,-95.15365554,42.89698256
20261531328,20260228,Property Damage Only,-93.57134122,42.23325695
20261531330,20260301,Property Damage Only,-91.16123626,40.86363839
20261531347,20260227,Property Damage Only,-93.06494457,42.25533093
20261531380,20260302,Property Damage Only,-91.54205989,41.68570359
20261531394,20260302,Property Damage Only,-93.66349425,41.72512888
20261531405,20260226,Property Damage Only,-95.32291087,42.01644031
20261531408,20260227,Property Damage Only,-93.12717994,41.3208027
20261531409,20260228,Property Damage Only,-93.04167542,41.30049889
20261531410,20260301,Property Damage Only,-93.12230333,41.30715225
20261531411,20260302,Property Damage Only,-92.94436098,41.3427843
20261531413,20260222,Property Damage Only,-92.6238405,41.28491196
20261531414,20260303,Property Damage Only,-90.3478242,41.61773409
20261531417,20260302,Property Damage Only,-91.58801561,42.00570572
20261531422,20260303,Property Damage Only,-95.40583675,41.98394936
20261531430,20260303,Property Damage Only,-93.69595181,41.43308398
20261531431,20260302,Property Damage Only,-91.58829867,42.46920429
20261531438,20260227,Property Damage Only,-92.63418944,40.9919512
20261531439,20260210,Property Damage Only,-92.02521961,41.01136269
20261531440,20260211,Property Damage Only,-92.09652002,41.05873134
20261531441,20260213,Property Damage Only,-92.06710128,40.92042098
20261531444,20260302,Property Damage Only,-93.23219425,41.66603866
20261531473,20260302,Property Damage Only,-94.24242044,42.0782405
20261531475,20260302,Property Damage Only,-91.17134848,40.94280598
20261531489,20260228,Property Damage Only,-90.49864005,41.56052256
20261531543,20260303,Property Damage Only,-91.11583693,42.76508638
20261531563,20260303,Property Damage Only,-94.4142748,41.16732522
20261531564,20260304,Property Damage Only,-91.42711692,40.92505093
20261531569,20260303,Property Damage Only,-91.42489675,41.97946402
20261531572,20260304,Property Damage Only,-91.62753175,41.14891501
20261531573,20260303,Suspected Minor Injury Crash,-91.08781766,41.40819015
20261531574,20260303,Property Damage Only,-90.64130777,42.00364241
20261531583,20260304,Property Damage Only,-91.54781074,41.00064314
20261531585,20260304,Property Damage Only,-90.74861452,42.49147918
20261531599,20260303,Property Damage Only,-92.40978248,40.90036157
20261531600,20260303,Property Damage Only,-92.63998414,41.10458919
20261531608,20260304,Property Damage Only,-94.49282162,41.7906164
20261531611,20260303,Property Damage Only,-91.71635864,41.30450935
20261531650,20260303,Property Damage Only,-95.10633834,43.1269053
20261531661,20260227,Property Damage Only,-91.15525762,40.75317873
20261531664,20260304,Property Damage Only,0,0
20261531669,20260304,Property Damage Only,-91.83039823,42.06611774
20261531677,20260303,Property Damage Only,-91.32198505,40.74083369
20261531681,20260304,Property Damage Only,-95.87501521,42.06522249
20261531684,20260304,Property Damage Only,-90.94498059,41.50082056
20261531686,20260304,Property Damage Only,-91.50645579,41.97587099
20261531687,20260305,Property Damage Only,-91.20080246,41.31708676
20261531692,20260305,Property Damage Only,-95.49950725,42.74876553
20261531693,20260305,Property Damage Only,-92.46556132,42.20163363
20261531703,20260305,Property Damage Only,-93.785022,41.22779469
20261531708,20260304,Property Damage Only,-91.18994172,42.13711833
20261531713,20260305,Property Damage Only,-96.32151583,42.49073575
20261531717,20260305,Property Damage Only,-91.47017635,42.56236383
20261531727,20260303,Property Damage Only,-91.90280709,42.60401275
20261531733,20260304,Property Damage Only,-91.3322651,41.24360402
20261531734,20260223,Property Damage Only,-91.11943989,41.62662275
20261531736,20260225,Property Damage Only,-91.13250447,41.69047671
20261531738,20260227,Property Damage Only,-91.34503562,41.76993101
20261531740,20260215,Property Damage Only,-91.77775089,43.289488
20261531752,20260304,Property Damage Only,-91.12840441,40.80761318
20261531770,20260305,Property Damage Only,-95.69388103,42.59199451
20261531801,20260120,Property Damage Only,-95.95803541,42.2024941
20261531831,20260304,Property Damage Only,-90.62297802,42.09339397
20261531833,20260305,Property Damage Only,-90.29434518,41.77959414
20261531842,20260305,Property Damage Only,-96.48138315,43.30256921
20261531846,20260305,Property Damage Only,-91.12682005,42.85517267
20261531855,20260304,Property Damage Only,-91.58933378,41.70469462
20261531861,20260306,Property Damage Only,-93.3963535,42.00794209
20261531862,20260305,Property Damage Only,-91.26814884,40.67080215
20261531863,20260305,Possible/Unknown Injury Crash,-91.21568696,40.72415951
20261531864,20260305,Property Damage Only,-91.37084376,40.7896279
20261531865,20260305,Property Damage Only,-91.37237539,40.76573316
20261531867,20260305,Property Damage Only,-92.03246693,43.09396701
20261531869,20260305,Property Damage Only,-91.25158168,42.03448632
20261531877,20260227,Property Damage Only,-91.57646843,41.75066865
20261531887,20260305,Property Damage Only,-91.85676124,41.002086
20261531888,20260305,Property Damage Only,-92.11619443,41.00962798
20261531889,20260305,Property Damage Only,-92.11438753,41.00957808
20261531896,20260305,Suspected Minor Injury Crash,-95.12814462,41.31784086
20261531900,20260305,Property Damage Only,-94.63020608,42.42047447
20261531912,20260225,Property Damage Only,-91.64259874,41.79616049
20261531936,20260306,Property Damage Only,-92.52362895,40.65463054
20261531945,20260303,Property Damage Only,-92.00743678,41.64462176
20261531946,20260303,Property Damage Only,-91.99870288,41.81057988
20261531947,20260304,Property Damage Only,-92.12054117,41.79704029
20261531958,20260305,Property Damage Only,-90.75810279,41.45618586
20261531959,20260305,Property Damage Only,-92.95919307,40.6891185
20261531966,20260225,Property Damage Only,-92.81127701,41.00373651
20261531972,20260303,Property Damage Only,-92.94389917,41.40732389
20261531973,20260306,Property Damage Only,-91.40877493,42.87595482
20261531976,20260306,Property Damage Only,-95.446593,42.74385757
20261531995,20260306,Property Damage Only,-91.08646727,42.7412941
20261532016,20260304,Property Damage Only,-92.13250521,42.61338496
20261532069,20260307,Property Damage Only,-93.69477468,41.75492831
20261532087,20260305,Property Damage Only,-94.45265149,41.41197506
20261532088,20260307,Property Damage Only,-95.91026243,41.98173576
20261532089,20260307,Property Damage Only,-91.06388448,41.45268024
20261532090,20260307,Property Damage Only,-91.71193904,42.1172568
20261532092,20260305,Possible/Unknown Injury Crash,-92.87168646,40.76871799
20261532093,20260308,Property Damage Only,-90.19910967,41.85065293
20261532095,20260307,Property Damage Only,-90.49593568,42.0546499
20261532096,20260307,Property Damage Only,-90.18570005,41.86693136
20261532103,20260307,Property Damage Only,-91.39507553,43.26182368
20261532108,20260308,Property Damage Only,-93.78044701,41.41762544
20261532148,20260308,Property Damage Only,-93.85573721,41.96520422
20261532161,20260309,Property Damage Only,-92.65013948,43.02500548
20261532163,20260309,Property Damage Only,-93.26172332,42.64803424
20261532167,20260309,Property Damage Only,-90.85026018,42.40812375
20261532171,20260308,Property Damage Only,-91.29865554,40.63702477
20261532187,20260307,Property Damage Only,-90.61057419,41.59998372
20261532190,20260228,Property Damage Only,-93.65567941,42.03049507
20261532193,20260307,Property Damage Only,-93.58623468,42.01138052
20261532196,20260309,Property Damage Only,-93.59239306,42.00608905
20261532197,20260309,Property Damage Only,-93.60673156,42.00529363
20261532199,20260306,Property Damage Only,-93.55944932,41.42376737
20261532201,20260308,Property Damage Only,-93.77638495,41.36387802
20261532208,20260304,Property Damage Only,-92.98386377,41.68185448
20261532211,20260307,Property Damage Only,-93.91499329,42.04962481
20261532219,20260227,Property Damage Only,-95.55448025,42.65749451
20261532221,20260308,Property Damage Only,-91.7203134,41.29346519
20261532237,20260309,Property Damage Only,-93.91004824,41.94181065
20261532242,20260305,Property Damage Only,-91.20087769,41.32390636
20261532243,20260306,Property Damage Only,-91.33259922,41.1759723
20261532245,20260302,Possible/Unknown Injury Crash,-93.0566479,42.35876234
20261532246,20260113,Property Damage Only,-91.84158286,42.45398791
20261532247,20260307,Property Damage Only,-91.26886069,41.09149641
20261532258,20260307,Property Damage Only,-96.54021557,43.23893343
20261532263,20260304,Property Damage Only,-91.62554798,42.03253196
20261532286,20260308,Property Damage Only,-91.32235834,41.17598568
20261532305,20260307,Property Damage Only,-92.8483967,40.71934945
20261532314,20260309,Possible/Unknown Injury Crash,-95.64839628,41.28953179
20261532336,20260308,Property Damage Only,-93.12808804,41.4000782
20261532337,20260308,Property Damage Only,-93.09258303,41.29968553
20261532338,20260309,Property Damage Only,-93.31558755,41.43042353
20261532344,20260305,Property Damage Only,-90.45440388,41.56115426
20261532353,20260309,Property Damage Only,-91.30595689,41.40480937
20261532368,20260310,Property Damage Only,-93.67866056,42.00476481
20261532371,20260302,Property Damage Only,-95.1250411,43.46919778
20261532375,20260310,Property Damage Only,-93.90482561,42.31084226
20261532377,20260227,Property Damage Only,-93.21080822,43.21357545
20261532378,20260303,Property Damage Only,-93.21081057,43.21068492
20261532384,20260310,Property Damage Only,-93.80012901,42.42424972
20261532386,20260308,Property Damage Only,-92.25879041,42.49121729
20261532411,20260307,Property Damage Only,-92.54660943,42.89334731
20261532413,20260310,Property Damage Only,-91.57947544,41.97651871
20261532430,20260309,Suspected Serious Injury Crash,-92.9847885,43.14227048
20261532440,20260210,Property Damage Only,-93.43698092,43.21358346
20261532441,20260309,Property Damage Only,-91.39415627,40.90558994
20261532444,20260309,Property Damage Only,-95.41366674,40.77197966
20261532474,20260309,Property Damage Only,-91.60357857,41.66847196
20261532482,20260308,Property Damage Only,-91.1706209,40.88822573
20261532484,20260310,Property Damage Only,-91.97784625,41.8071267
20261532491,20260306,Property Damage Only,-94.03445116,42.44922999
20261532505,20260310,Property Damage Only,-96.17485565,42.02674894
20261532537,20260311,Property Damage Only,-91.03815664,41.57765461
20261532542,20260310,Property Damage Only,-91.341252,42.50902219
20261532547,20260309,Property Damage Only,-91.76968081,41.10400515
20261532551,20260310,Property Damage Only,-91.88323005,41.80342664
20261532656,20260310,Property Damage Only,-90.35982214,41.70772893
20261532657,20260311,Property Damage Only,-90.47788475,41.74261525
20261532669,20260302,Property Damage Only,-92.39890971,40.81741023
20261532670,20260308,Property Damage Only,-92.30947027,40.69695211
20261532676,20260306,Property Damage Only,-92.90768054,42.08078611
20261532679,20260311,Property Damage Only,-91.15711309,40.74089453
20261532680,20260312,Property Damage Only,-92.63383803,43.1470525
20261532692,20260311,Property Damage Only,-90.75909358,41.51637841
20261532698,20260312,Property Damage Only,-91.15854179,41.23271435
20261532713,20260311,Property Damage Only,-93.64412618,42.16628775
20261532721,20260311,Property Damage Only,-91.46562672,42.51187197
20261532723,20260308,Property Damage Only,-92.5574485,41.29653007
20261532733,20260213,Property Damage Only,-91.89193235,42.1383918
20261532734,20260214,Property Damage Only,-91.86719863,42.22859054
20261532735,20260216,Property Damage Only,-92.01925726,42.18538384
20261532739,20260310,Property Damage Only,-93.41177091,43.06754623
20261532740,20260312,Property Damage Only,-93.28038872,43.14826736
20261532741,20260312,Property Damage Only,-92.40990376,41.06278004
20261532742,20260310,Property Damage Only,-91.88608878,40.95935983
20261532750,20260223,Property Damage Only,-92.29885547,42.25374657
20261532751,20260226,Property Damage Only,-92.29807593,41.92065588
20261532752,20260302,Property Damage Only,-91.94868723,42.13752094
20261532754,20260305,Property Damage Only,-91.95966495,42.29753471
20261532755,20260308,Property Damage Only,-91.83369213,41.96399114
20261532766,20260310,Property Damage Only,-94.24849902,41.31579497
20261532787,20260306,Possible/Unknown Injury Crash,-92.90827677,42.07813866
20261532808,20260311,Property Damage Only,-92.65837379,42.00155216
20261532812,20260312,Property Damage Only,-91.85040057,41.75914955
20261532815,20260311,Property Damage Only,-91.86372184,43.35601704
20261532836,20260308,Property Damage Only,-93.50032503,41.21522334
20261532837,20260226,Property Damage Only,-92.40401938,43.37120252
20261532880,20260304,Property Damage Only,-92.22145949,42.3436327
20261532887,20260310,Property Damage Only,-93.15737851,41.32275608
20261532899,20260312,Property Damage Only,-93.30229555,41.60151
20261532900,20260312,Property Damage Only,-91.38717611,40.62971043
20261532901,20260312,Property Damage Only,-96.26361114,42.47525629
20261532910,20260313,Property Damage Only,-90.24578961,41.80673579
20261532912,20260311,Property Damage Only,-93.13498467,42.73805725
20261532916,20260308,Property Damage Only,-92.52453502,42.71505939
20261532917,20260312,Property Damage Only,-91.18950442,42.3397701
20261532929,20260312,Property Damage Only,-93.20787497,42.43855247
20261532932,20260311,Property Damage Only,-92.05505872,42.38307107
20261532933,20260312,Property Damage Only,-91.86315316,42.4501693
20261532934,20260312,Property Damage Only,-91.89805828,41.59165436
20261532938,20260311,Property Damage Only,-91.11602617,42.46202556
20261532941,20260313,Property Damage Only,-95.82941961,41.24692662
20261532959,20260312,Property Damage Only,-91.98112377,42.27955313
20261532968,20260227,Property Damage Only,-92.96043736,42.00943014
20261532969,20260302,Property Damage Only,-92.9075564,42.08301963
20261532970,20260303,Property Damage Only,-92.99989117,42.08998288
20261532971,20260311,Property Damage Only,-92.92165927,41.92111733
20261532995,20260312,Property Damage Only,-91.58161757,41.64561374
20261533023,20260313,Property Damage Only,-90.73298869,42.41301385
20261533031,20260314,Property Damage Only,-90.83120852,41.78763991
20261533043,20260314,Property Damage Only,-93.7032776,41.54502827
20261533046,20260306,Property Damage Only,-96.3572951,42.90916675
20261533077,20260314,Property Damage Only,-91.22227636,43.01530687
20261533083,20260314,Property Damage Only,-95.09918518,41.06710112
20261533085,20260314,Property Damage Only,-92.53693727,41.55639778
20261533111,20260314,Property Damage Only,-94.18357672,42.54420221
20261533123,20260314,Property Damage Only,-91.15686173,40.74442163
20261533141,20260313,Property Damage Only,-92.9790539,41.35924388
20261533143,20260315,Possible/Unknown Injury Crash,-92.91149354,41.16442651
20261533147,20260315,Property Damage Only,-93.44119086,40.76026169
20261533167,20260315,Possible/Unknown Injury Crash,-93.43180683,40.8552468
20261533174,20260315,Property Damage Only,-95.41634415,41.49780157
20261533183,20260313,Property Damage Only,-91.24204886,40.71045753
20261533184,20260314,Property Damage Only,-91.36844701,40.64817542
20261533185,20260315,Property Damage Only,-91.44424194,40.47800798
20261533208,20260313,Property Damage Only,-93.05530777,42.75382902
20261533209,20260313,Property Damage Only,-92.26020887,41.74283912
20261533222,20260314,Property Damage Only,-92.50011825,41.31515755
20261533245,20260314,Property Damage Only,-93.48736814,41.87757069
20261533256,20260313,Property Damage Only,-91.81033551,42.90013951
20261533272,20260313,Property Damage Only,-95.7541149,40.65659084
20261533288,20260314,Property Damage Only,-94.10560647,41.7849446
20261533379,20260311,Property Damage Only,-93.81787562,41.56038427
20261533381,20260317,Property Damage Only,-94.59658089,41.67341298
20261533384,20260316,Property Damage Only,-93.66825453,42.07078978
20261533385,20260307,Property Damage Only,-92.65978702,41.1442126
20261533387,20260314,Property Damage Only,-96.52360534,42.87724991
20261533418,20260310,Property Damage Only,-92.33627271,42.71245714
20261533420,20260311,Property Damage Only,-92.81704043,41.03517542
20261533421,20260304,Property Damage Only,-92.56150314,41.12418893
20261533423,20260314,Property Damage Only,-92.47315492,41.09631732
20261533427,20260312,Property Damage Only,-91.47546928,41.87320449
20261533505,20260312,Property Damage Only,-93.02382529,42.00496718
20261533568,20260317,Property Damage Only,-90.74355398,42.45387255
20261533581,20260311,Property Damage Only,-91.62771255,41.72322708
20261533590,20260317,Property Damage Only,-91.39545163,42.48432628
20261533593,20260318,Property Damage Only,-92.51884998,41.48085063
20261533733,20260309,Property Damage Only,-93.06204522,41.0012439
20261533744,20260312,Property Damage Only,-94.42595475,42.01161228
20261533777,20260313,Property Damage Only,-92.07508548,42.35773848
20261533778,20260315,Property Damage Only,-92.21820297,42.44958374
20261533794,20260319,Property Damage Only,-91.45509562,42.77761421
20261533828,20260319,Property Damage Only,-91.18122404,43.04372892
20261533829,20260318,Property Damage Only,-93.35037327,42.51489074
20261533837,20260318,Property Damage Only,-94.20946489,41.83447989
20261533916,20260319,Property Damage Only,-93.89975183,41.47416743
20261533939,20260319,Property Damage Only,-95.21492748,41.32492153
20261533957,20260310,Property Damage Only,-93.63339251,42.02577469
20261533965,20260320,Property Damage Only,-90.28393751,41.80637493
20261533967,20260312,Property Damage Only,-91.30180776,41.22064936
20261533969,20260320,Property Damage Only,-94.22703564,42.70773531
20261533972,20260320,Property Damage Only,-93.55858683,41.40970179
20261533980,20260320,Property Damage Only,-95.23039111,41.89991044
20261533983,20260320,Possible/Unknown Injury Crash,-93.26245023,42.47824675
20261533990,20260320,Property Damage Only,-91.58912733,41.9767008
20261533995,20260320,Property Damage Only,-93.50187307,42.00920447
20261534010,20260318,Property Damage Only,-91.79655577,42.46826638
20261534016,20260313,Property Damage Only,-91.92342621,42.46833063
20261534028,20260320,Property Damage Only,-92.74216324,43.10509696
20261534033,20260225,Property Damage Only,0,0
20261534053,20260320,Property Damage Only,-93.70250724,41.70289279
20261534056,20260320,Property Damage Only,-93.0484545,43.42680788
20261534059,20260320,Property Damage Only,-91.25471888,40.83300514
20261534061,20260320,Property Damage Only,-93.61604897,40.63831269
20261534062,20260320,Property Damage Only,-91.5513259,42.1960721
20261534067,20260314,Property Damage Only,-91.61836513,41.06155669
20261534070,20260311,Property Damage Only,-92.83053142,40.82593226
20261534077,20260320,Property Damage Only,-91.8757874,41.76436355
20261534123,20260321,Property Damage Only,-94.40930292,42.00074914
20261534135,20260321,Suspected Minor Injury Crash,-92.10984524,41.85496182
20261534141,20260322,Property Damage Only,-92.36220285,42.025336
20261534152,20260318,Property Damage Only,-90.47899311,41.53043541
20261534157,20260322,Property Damage Only,-94.51774193,40.67585175
20261534165,20260228,Property Damage Only,-95.18112144,43.48406039
20261534166,20260302,Property Damage Only,-93.72792014,41.59346007
20261534193,20260322,Property Damage Only,-90.36237009,41.96067206
20261534201,20260318,Property Damage Only,-91.15528155,40.75317011
20261534202,20260322,Property Damage Only,-91.17285545,41.04445364
20261534229,20260321,Property Damage Only,-92.33419757,42.9653859
20261534236,20260322,Property Damage Only,-90.46417638,41.53939496
20261534249,20260320,Suspected Minor Injury Crash,-92.31719446,42.93619919
20261534270,20260321,Property Damage Only,-91.43830297,40.44410978
20261534277,20260323,Property Damage Only,-90.80768372,42.44009671
20261534326,20260321,Property Damage Only,-93.50024912,41.27568408
20261534345,20260320,Property Damage Only,-94.8469194,41.49718238
20261534347,20260320,Property Damage Only,-94.19619839,42.46464087
20261534349,20260322,Property Damage Only,-95.39418554,40.95826044
20261534402,20260318,Property Damage Only,-91.15640949,41.3161589
20261534403,20260313,Property Damage Only,-93.26215541,42.54747541
20261534410,20260322,Property Damage Only,-93.79705997,42.41899363
20261534418,20260320,Property Damage Only,-94.04989616,41.74628742
20261534420,20260323,Property Damage Only,-91.49807288,41.92065135
20261534421,20260323,Property Damage Only,-91.49910037,41.92106107
20261534423,20260319,Property Damage Only,-95.5544951,42.66053783
20261534426,20260320,Property Damage Only,-91.35236922,41.25564812
20261534431,20260320,Property Damage Only,-92.14098794,42.79516134
20261534432,20260321,Property Damage Only,-92.49654501,42.69381281
20261534435,20260321,Property Damage Only,-92.2504425,42.45555386
20261534449,20260321,Property Damage Only,-91.37483794,40.90564354
20261534460,20260319,Property Damage Only,-95.67053915,41.38113785
20261534476,20260321,Property Damage Only,-94.95484276,42.41426192
20261534477,20260322,Property Damage Only,-95.02452166,42.42195852
20261534488,20260321,Property Damage Only,-93.6837443,41.4650886
20261534510,20260310,Property Damage Only,-91.38307876,40.69315207
20261534536,20260324,Property Damage Only,-94.49408522,42.03460326
20261534537,20260320,Property Damage Only,-93.76824167,40.94936286
20261534539,20260320,Property Damage Only,-92.37353663,41.05356199
20261534540,20260323,Property Damage Only,-92.40897238,40.94066954
20261534547,20260324,Property Damage Only,-92.58145709,42.02719152
20261534573,20260312,Property Damage Only,-91.30180776,41.22064936
20261534601,20260324,Property Damage Only,-91.48220379,42.04967481
20261534603,20260317,Property Damage Only,-91.94188972,42.13661186
20261534605,20260323,Property Damage Only,-91.92136962,42.13790681
20261534629,20260320,Property Damage Only,-93.15227186,41.6839705
20261534631,20260323,Property Damage Only,-91.15496137,40.753183
20261534651,20260324,Property Damage Only,-90.65665228,42.06187331
20261534669,20260324,Property Damage Only,-95.33718943,41.02855174
20261534679,20260324,Property Damage Only,-90.29771853,41.77862891
20261534684,20260325,Property Damage Only,-91.62855756,41.04526626
20261534686,20260317,Property Damage Only,-93.06253026,41.33717797
20261534688,20260320,Property Damage Only,-92.96219648,41.3387651
20261534702,20260324,Property Damage Only,-91.30924786,42.02016603
20261534705,20260324,Property Damage Only,-93.92151367,42.28949103
20261534706,20260325,Property Damage Only,-94.50243697,41.711178
20261534709,20260324,Property Damage Only,-91.74462843,43.45348613
20261534711,20260320,Property Damage Only,-91.62688302,41.72322618
20261534719,20260318,Property Damage Only,-92.91680591,41.93447998
20261534725,20260325,Property Damage Only,-91.38950099,41.27317952
20261534729,20260324,Property Damage Only,-93.08870271,42.16620634
20261534732,20260325,Property Damage Only,-95.18352883,41.79177368
20261534734,20260322,Property Damage Only,-91.80608641,42.46026088
20261534735,20260322,Property Damage Only,-92.055625,42.44251471
20261534769,20260228,Property Damage Only,-92.05678843,40.66446297
20261534790,20260323,Property Damage Only,-92.96347667,41.42186101
20261534826,20260325,Property Damage Only,-92.10848854,41.45314533
20261534830,20260325,Property Damage Only,-91.0932317,41.05865619
20261534836,20260326,Property Damage Only,-94.88612588,43.39943898
20261534841,20260313,Property Damage Only,-90.37817806,41.67924906
20261534843,20260326,Property Damage Only,-94.34871578,42.03459355
20261534845,20260326,Possible/Unknown Injury Crash,-91.53378379,41.92630072
20261534846,20260326,Property Damage Only,-91.42453711,40.59306694
20261534851,20260326,Property Damage Only,-90.71370164,42.45916116
20261534855,20260326,Property Damage Only,-95.18018061,40.74247236
20261534865,20260325,Property Damage Only,-95.34694823,41.31812484
20261534868,20260326,Property Damage Only,-96.1143935,42.86661523
20261534874,20260324,Property Damage Only,-94.49054162,41.55872038
20261534875,20260325,Property Damage Only,-94.32278486,41.59674708
20261534876,20260326,Property Damage Only,-92.07520194,41.01140524
20261534884,20260315,Property Damage Only,-90.57833386,42.15315813
20261534888,20260320,Property Damage Only,-91.61397824,42.68755061
20261534889,20260321,Possible/Unknown Injury Crash,-91.70546861,42.75975446
20261534891,20260323,Property Damage Only,-91.71881715,42.9614486
20261534892,20260326,Property Damage Only,-91.77352175,40.64458615
20261534899,20260326,Property Damage Only,-92.39716475,41.33619271
20261534917,20260322,Property Damage Only,-96.22482821,43.08412855
20261534918,20260324,Property Damage Only,-90.89919135,41.9427748
20261534938,20260326,Property Damage Only,-91.85310609,41.59207936
20261534971,20260325,Property Damage Only,-91.59661766,41.92578908
20261534986,20260326,Property Damage Only,-92.13593142,42.61337483
20261535006,20260326,Property Damage Only,-90.6025547,42.02695671
20261535035,20260327,Property Damage Only,-91.88340357,41.17672138
20261535038,20260325,Suspected Serious Injury Crash,-91.92715048,43.42036272
20261535045,20260224,Property Damage Only,-91.29165792,40.6471187
20261535049,20260322,Property Damage Only,-91.95062524,41.00653697
20261535061,20260206,Property Damage Only,-91.50992056,40.56258063
20261535072,20260325,Property Damage Only,-91.78695172,40.99176093
20261535077,20260325,Property Damage Only,-91.820067,41.96403203
20261535079,20260323,Property Damage Only,-92.41908155,42.71503237
20261535098,20260326,Property Damage Only,-93.05488599,42.45502861
20261535102,20260325,Property Damage Only,-92.14383892,43.47978209
20261535104,20260327,Property Damage Only,-91.08439958,40.87799791
20261535126,20260329,Property Damage Only,-93.14874958,41.32193885
20261535136,20260319,Property Damage Only,-92.25639052,42.39890931
20261535140,20260327,Property Damage Only,-92.44426029,42.52754255
20261535154,20260328,Property Damage Only,-95.53460263,42.80400326
20261535155,20260327,Property Damage Only,-96.49946234,42.66518774
20261535156,20260327,Property Damage Only,-96.16525247,42.05493044
20261535158,20260327,Property Damage Only,-93.60032975,41.7991804
20261535164,20260328,Property Damage Only,-91.44030966,40.85386935
20261535169,20260327,Property Damage Only,-95.10793579,43.12688488
20261535176,20260328,Property Damage Only,-90.51002202,41.74245202
20261535180,20260327,Property Damage Only,-90.80859803,41.73495615
20261535236,20260324,Property Damage Only,-90.55698406,41.81489696
20261535257,20260329,Property Damage Only,-91.80892125,42.19002121
20261535261,20260329,Property Damage Only,-93.71162851,41.65263113
20261535306,20260329,Property Damage Only,-95.95436081,42.00121278
20261535309,20260328,Property Damage Only,-91.43110309,40.55786151
20261535310,20260328,Property Damage Only,-91.54834611,40.4656786
20261535318,20260329,Property Damage Only,-92.72708246,41.64380948
20261535336,20260329,Property Damage Only,-91.12704362,41.65960321
20261535339,20260329,Property Damage Only,-90.87236864,41.45097149
20261535341,20260329,Property Damage Only,-94.35810003,41.69177267
20261535348,20260329,Property Damage Only,-92.74798871,43.06009417
20261535356,20260330,Property Damage Only,-90.73160564,42.53045149
20261535359,20260329,Property Damage Only,-91.59237167,42.00584929
20261535360,20260330,Property Damage Only,-91.7856206,42.02971715
20261535362,20260329,Property Damage Only,-91.1681307,41.34596152
20261535369,20260329,Property Damage Only,-93.50298225,41.91383678
20261535382,20260213,Property Damage Only,-93.52753128,43.40038002
20261535383,20260329,Property Damage Only,-92.00204355,43.30691866
20261535389,20260330,Property Damage Only,-95.27450807,40.84340888
20261535392,20260328,Property Damage Only,-91.37218239,42.42681238
20261535393,20260329,Property Damage Only,-92.84569723,41.3054834
20261535395,20260327,Property Damage Only,-94.93927386,41.5196649
20261535396,20260328,Property Damage Only,-93.86216235,42.03444361
20261535401,20260328,Property Damage Only,-93.32096076,42.8914448
20261535407,20260327,Property Damage Only,-94.91211769,41.67895283
20261535452,20260325,Property Damage Only,-92.48794961,41.31747308
20261535460,20260322,Property Damage Only,-90.9654355,41.84843943
20261535477,20260330,Property Damage Only,-90.52955253,42.02286819
20261535486,20260329,Property Damage Only,-91.14737272,40.77947257
20261535498,20260326,Property Damage Only,-90.411673,41.68128764
20261535524,20260330,Property Damage Only,-92.59132322,41.79326685
20261535525,20260329,Property Damage Only,-90.34140263,41.68312283
20261535531,20260330,Property Damage Only,-96.1771408,42.08298579
20261535533,20260329,Property Damage Only,-91.09292902,41.38968461
20261535543,20260331,Property Damage Only,-93.3557782,43.15904368
20261535546,20260323,Property Damage Only,-92.03679452,42.71300473
20261535547,20260329,Property Damage Only,-93.19062925,43.10656138
20261535554,20260330,Property Damage Only,-90.83262404,42.63706588
20261535557,20260330,Property Damage Only,-91.50183517,40.68927758
20261535559,20260331,Property Damage Only,-93.90959496,42.15560988
20261535560,20260327,Property Damage Only,-91.07602415,42.46558441
20261535567,20260102,Property Damage Only,-95.1595023,42.90588615
20261535581,20260330,Property Damage Only,-93.81514108,41.8164111
20261535582,20260330,Property Damage Only,-93.48966827,43.1282117
20261535625,20260330,Property Damage Only,-93.0546475,41.30052049
20261535628,20260331,Property Damage Only,-93.2103126,43.19115449
20261535638,20260329,Property Damage Only,-95.75635731,41.2325606
20261535645,20260319,Property Damage Only,-90.50768873,42.34706252
20261535646,20260321,Property Damage Only,-90.7318977,42.09541948
20261535647,20260328,Property Damage Only,-90.35981132,42.05320024
20261535657,20260330,Property Damage Only,-95.72688969,41.49925649
20261535709,20260331,Property Damage Only,-91.53493682,41.9259822
20261535710,20260331,Property Damage Only,-95.87710745,42.20280712
20261535715,20260330,Property Damage Only,-93.79580114,42.1070467
20261535721,20260401,Property Damage Only,-91.1115232,40.84270262
20261535725,20260331,Property Damage Only,-95.67286593,41.3792645
20261535733,20260320,Property Damage Only,-92.15293347,41.33685218
20261535738,20260331,Property Damage Only,-93.17985773,43.10886607
20261535739,20260401,Property Damage Only,-93.25835291,43.19853006
20261535756,20260325,Property Damage Only,-92.54580889,42.90062937
20261535763,20260325,Property Damage Only,-92.33746481,42.64971341
20261535781,20260324,Property Damage Only,-92.00078143,40.97749032
20261535820,20260303,Property Damage Only,-93.65710519,42.78964489
20261535851,20260402,Property Damage Only,-90.68432939,42.43347344
20261535853,20260325,Property Damage Only,-92.00647696,41.76635172
20261535873,20260401,Property Damage Only,-90.73880813,42.48030859
20261535892,20260324,Property Damage Only,-92.67451162,41.28941712
20261535894,20260331,Property Damage Only,-93.31795793,43.13363529
20261535906,20260402,Property Damage Only,-93.20253855,42.9498712
20261535911,20260402,Property Damage Only,-91.12375715,41.65655939
20261535931,20260330,Property Damage Only,-91.94635217,42.13749952
20261536012,20260326,Property Damage Only,-91.79029908,42.46217566
20261536021,20260403,Property Damage Only,-91.17056949,40.9004304
20261536032,20260404,Property Damage Only,-92.57712152,41.95224024
20261536040,20260403,Property Damage Only,-91.65393751,40.9733404
20261536071,20260404,Property Damage Only,-95.80655369,40.79873738
20261536076,20260403,Property Damage Only,-93.49538066,41.6082171
20261536107,20260404,Property Damage Only,-93.36793911,41.7623124
20261536154,20260405,Property Damage Only,-91.78426731,42.00056702
20261536160,20260405,Property Damage Only,-91.81419467,42.19232739
20261536162,20260406,Property Damage Only,-91.4563202,42.04968977
20261536182,20260405,Property Damage Only,-93.57045808,42.16475035
20261536186,20260405,Property Damage Only,-91.08337019,42.06265464
20261536187,20260406,Property Damage Only,-91.14857222,42.26317986
20261536193,20260401,Property Damage Only,-91.87375358,43.21911237
20261536200,20260401,Property Damage Only,-93.19895804,41.58836845
20261536241,20260406,Property Damage Only,-93.57091993,41.90036921
20261536256,20260406,Property Damage Only,-93.7031491,41.5685741
20261536261,20260402,Property Damage Only,-94.14703118,41.16703623
20261536262,20260405,Property Damage Only,-94.01257475,41.40518783
20261536263,20260406,Property Damage Only,-90.69350458,42.54146936
20261536285,20260406,Property Damage Only,-91.59485225,41.65712501
20261536286,20260403,Property Damage Only,-90.67664638,41.5382125
20261536287,20260406,Property Damage Only,-91.14541707,42.26575855
20261536308,20260406,Property Damage Only,-96.28667767,42.64595222
20261536309,20260403,Property Damage Only,-94.80603025,41.88580145
20261536312,20260403,Property Damage Only,-91.81050358,42.87737631
20261536313,20260401,Property Damage Only,-93.19869762,41.38563782
20261536314,20260405,Property Damage Only,-93.22279727,41.33642084
20261536316,20260404,Property Damage Only,-91.44091546,40.51927611
20261536321,20260402,Property Damage Only,-96.5459436,43.24404994
20261536323,20260403,Property Damage Only,-93.90936409,40.60426854
20261536326,20260405,Property Damage Only,-95.15271891,43.14119624
20261536330,20260403,Property Damage Only,-95.56411425,42.78277006
20261536339,20260405,Property Damage Only,-92.67484301,41.29002158
20261536341,20260329,Property Damage Only,-95.33878085,42.0833012
20261536342,20260401,Property Damage Only,-92.91435698,41.37255427
20261536353,20260327,Property Damage Only,-91.55917142,41.33712908
20261536355,20260405,Property Damage Only,-91.71546382,41.30871486
20261536387,20260331,Property Damage Only,-92.278958,41.79762148
20261536389,20260403,Property Damage Only,-91.86475611,41.76024703
20261536391,20260406,Property Damage Only,-91.45561146,41.88916881
20261536399,20260403,Property Damage Only,-92.76829414,42.3758429
20261536404,20260401,Property Damage Only,-96.18178437,43.46194589
20261536408,20260401,Property Damage Only,-95.81065601,41.63540908
20261536416,20260402,Property Damage Only,-93.02470301,41.24021448
20261536435,20260402,Property Damage Only,-90.1932968,42.07032786
20261536446,20260403,Property Damage Only,-92.33332985,41.96432326
20261536451,20260401,Property Damage Only,-90.56853063,41.84188999
20261536452,20260402,Property Damage Only,-90.65579226,42.02612069
20261536453,20260404,Property Damage Only,-90.18437701,42.00716097
20261536455,20260403,Property Damage Only,-94.21412625,41.04465313
20261536472,20260402,Property Damage Only,-93.89202703,42.10179976
20261536473,20260401,Property Damage Only,-92.00745,41.63984813
20261536502,20260407,Property Damage Only,-94.60763227,42.03602275
20261536504,20260406,Property Damage Only,-91.29162271,42.02029226
20261536505,20260329,Property Damage Only,-94.95976471,43.21542232
20261536507,20260407,Property Damage Only,-92.94906446,41.41155986
20261536508,20260406,Property Damage Only,-91.80702899,41.19590757
20261536516,20260405,Property Damage Only,-95.19258239,41.02541399
20261536517,20260404,Property Damage Only,-93.0516326,42.46227991
20261536520,20260406,Property Damage Only,-92.64084206,41.25509641
20261536530,20260319,Property Damage Only,-93.9118889,41.76590283
20261536532,20260405,Property Damage Only,-93.79743593,40.98114364
20261536539,20260406,Property Damage Only,-96.42916759,42.49629609
20261536541,20260405,Property Damage Only,-93.77965937,41.26649235
20261536542,20260405,Property Damage Only,-93.90249674,40.60689889
20261536543,20260406,Property Damage Only,-93.55850788,41.39489376
20261536563,20260202,Property Damage Only,-92.40580445,40.76494444
20261536565,20260406,Property Damage Only,-91.7254666,42.77681867
20261536566,20260227,Property Damage Only,-94.17856971,42.82691625
20261536571,20260405,Property Damage Only,-93.38059338,42.44761041
20261536633,20260408,Property Damage Only,-96.10384084,41.92078267
20261536636,20260407,Property Damage Only,-96.47172933,42.50396358
20261536638,20260406,Property Damage Only,-93.5910158,42.19875327
20261536639,20260408,Property Damage Only,-91.26252309,43.01019807
20261536641,20260407,Property Damage Only,-91.56516567,40.54708284
20261536646,20260407,Property Damage Only,-91.68848888,43.24097335
20261536662,20260407,Property Damage Only,-91.94469367,40.98478246
20261536666,20260318,Property Damage Only,-91.62684696,41.72322575
20261536679,20260331,Property Damage Only,-91.40049509,40.90564202
20261536703,20260405,Property Damage Only,-92.79258302,41.20473743
20261536704,20260406,Property Damage Only,-95.07297369,41.74978163
20261536718,20260408,Property Damage Only,-95.16086364,43.11968407
20261536735,20260408,Property Damage Only,-92.09871516,43.08760127
20261536757,20260407,Property Damage Only,-93.34252009,41.68089487
20261536760,20260211,Property Damage Only,-90.96539947,42.04110715
20261536762,20260409,Property Damage Only,-90.90614945,41.97010935
20261536764,20260408,Property Damage Only,-92.67501291,41.46965211
20261536769,20260408,Property Damage Only,-91.53803598,41.26735254
20261536774,20260409,Property Damage Only,-91.70121954,42.07586919
20261536778,20260409,Property Damage Only,-93.00779994,41.6997976
20261536791,20260407,Property Damage Only,-92.45965927,42.53781976
20261536793,20260408,Possible/Unknown Injury Crash,-91.71158436,41.28550427
20261536799,20260324,Property Damage Only,-91.70354177,42.03778963
20261536803,20260409,Property Damage Only,-90.68910073,42.53606754
20261536807,20260409,Property Damage Only,-91.14471263,41.48773454
20261536808,20260406,Property Damage Only,-92.87831548,42.09259331
20261536836,20260408,Property Damage Only,-93.65673881,41.68039356
20261536838,20260403,Property Damage Only,-95.14446951,43.34866639
20261536857,20260409,Property Damage Only,-92.39963189,42.02973494
20261536898,20260409,Property Damage Only,-93.23613115,40.695875
20261536931,20260409,Property Damage Only,-92.88219258,42.04927583
20261536937,20260409,Property Damage Only,-92.34778483,42.27950476
20261536940,20260410,Property Damage Only,-95.87688322,41.2394451
20261536949,20260403,Property Damage Only,-91.47038725,42.83175136
20261536971,20260409,Property Damage Only,-92.67619079,41.30728423
20261536983,20260409,Property Damage Only,-90.42810236,41.5676205
20261537055,20260410,Property Damage Only,-93.34327473,43.07657004
20261537058,20260410,Property Damage Only,-90.71454276,42.08574498
20261537080,20260410,Property Damage Only,-93.39987967,41.55080711
20261537094,20260409,Property Damage Only,-93.21268776,43.19113209
20261537136,20260411,Property Damage Only,-90.56835414,41.84368745
20261537149,20260411,Property Damage Only,-91.54967348,42.16928512
20261537150,20260411,Property Damage Only,-91.68834994,42.09499625
20261537151,20260412,Property Damage Only,-91.60247514,41.89335602
20261537200,20260412,Property Damage Only,-92.65035062,41.99812349
20261537204,20260202,Property Damage Only,-91.81417274,43.30233366
20261537205,20260403,Property Damage Only,-91.7811906,43.28884036
20261537209,20260411,Property Damage Only,-91.54339885,41.68067675
20261537216,20260328,Property Damage Only,-92.83018569,42.65712292
20261537227,20260412,Property Damage Only,-96.2765735,42.66628579
20261537229,20260411,Property Damage Only,-91.70994336,42.46077696
20261537256,20260412,Property Damage Only,-94.03972008,42.39500303
20261537260,20260412,Property Damage Only,-91.43542408,41.91476202
20261537266,20260412,Property Damage Only,-92.73235959,43.16914408
20261537269,20260412,Property Damage Only,-92.53535854,41.69626453
20261537270,20260412,Property Damage Only,-93.68020058,41.65044353
20261537272,20260410,Property Damage Only,-92.20982878,42.44922912
20261537288,20260412,Property Damage Only,-91.84653592,41.29306085
20261537294,20260410,Property Damage Only,-92.12926398,41.83641258
20261537300,20260411,Property Damage Only,-93.36782986,42.008001
20261537308,20260409,Property Damage Only,-91.76454761,43.42032423
20261537323,20260406,Property Damage Only,-92.02831353,42.13408005
20261537325,20260408,Property Damage Only,-92.29885128,42.25412481
20261537327,20260411,Property Damage Only,-92.15848976,41.96346303
20261537330,20260411,Property Damage Only,-93.68372321,41.4528206
20261537336,20260412,Property Damage Only,-93.85030926,41.55445642
20261537348,20260411,Property Damage Only,-94.12361814,41.83573013
20261537359,20260413,Property Damage Only,-91.30375637,40.82705289
20261537366,20260412,Property Damage Only,-94.7744942,41.49654857
20261537380,20260405,Property Damage Only,-91.12794198,41.16016248
20261537386,20260412,Property Damage Only,-92.35246527,42.67135853
20261537387,20260330,Property Damage Only,-92.39158347,42.64956334
20261537388,20260405,Property Damage Only,-92.54650211,42.88793473
20261537389,20260413,Property Damage Only,-92.33936686,42.6613416
20261537406,20260410,Property Damage Only,-92.51408978,42.69360941
20261537442,20260412,Property Damage Only,-91.8142126,42.93493933
20261537464,20260412,Property Damage Only,-91.43770754,41.91556767
20261537486,20260330,Property Damage Only,-94.9760113,43.32760684
20261537495,20260414,Property Damage Only,-91.96619257,41.12952778
20261537499,20260413,Property Damage Only,-91.10040891,42.46888204
20261537504,20260414,Property Damage Only,-90.89868112,41.5176908
20261537524,20260414,Property Damage Only,-93.37911481,43.00606474
20261537544,20260414,Suspected Serious Injury Crash,-90.66310142,42.51621489
20261537577,20260414,Property Damage Only,-92.48769643,42.10800515
20261537596,20260413,Property Damage Only,-91.1792668,43.00114142
20261537629,20260414,Property Damage Only,-92.76050897,41.73876524
20261537634,20260415,Property Damage Only,-93.21074692,43.20649783
20261537638,20260414,Possible/Unknown Injury Crash,-95.07693895,40.74232341
20261537656,20260414,Property Damage Only,-93.8455134,42.36686222
20261537666,20260414,Property Damage Only,-95.36307979,41.49772902
20261537683,20260414,Property Damage Only,-94.80215566,41.66388781
20261537715,20260412,Property Damage Only,-91.71573065,41.69534164
20261537717,20260415,Property Damage Only,-93.07663689,41.67579526
20261537736,20260414,Property Damage Only,-91.25892616,41.78699534
20261537750,20260414,Property Damage Only,-90.62933329,41.57886504
20261537773,20260415,Property Damage Only,-90.54050275,41.71826998
20261537795,20260415,Property Damage Only,-93.44151659,43.13572858
20261537800,20260408,Property Damage Only,-94.02405907,41.3449073
20261537814,20260413,Property Damage Only,-92.77043029,41.73534479
20261537820,20260411,Property Damage Only,-92.91718739,41.96594082
20261537822,20260414,Property Damage Only,-93.06850976,41.97540729
20261537825,20260415,Property Damage Only,-93.32007587,42.44845281
20261537847,20260415,Property Damage Only,-91.1791825,41.11138036
20261537848,20260411,Property Damage Only,-92.05152733,42.44896508
20261537849,20260412,Property Damage Only,-91.71944719,42.46113571
20261537858,20260416,Property Damage Only,-92.49841804,41.96444269
20261537884,20260409,Property Damage Only,-93.95018574,40.70571897
20261537901,20260414,Property Damage Only,-90.31588877,41.76501497
20261537911,20260414,Property Damage Only,-92.25720723,42.52730228
20261537938,20260416,Property Damage Only,-93.90750787,41.35606394
20261537955,20260416,Property Damage Only,-95.89195429,41.88760474
20261537973,20260416,Property Damage Only,-91.46646126,40.53165335
20261537995,20260416,Property Damage Only,-91.14903865,42.50977033
20261538031,20260416,Property Damage Only,-93.08850374,42.15374162
20261538054,20260418,Property Damage Only,-91.5057551,41.11949386
20261538062,20260416,Suspected Minor Injury Crash,-93.73420548,41.79195382
20261538073,20260417,Property Damage Only,-92.8674136,42.04936779
20261538091,20260417,Property Damage Only,-92.52348285,40.62527942
20261538111,20260416,Property Damage Only,-93.24021203,43.19268047
20261538150,20260418,Property Damage Only,-92.57876974,42.17422155
20261538163,20260416,Property Damage Only,-95.79404189,41.34014263
20261538168,20260414,Property Damage Only,-94.74297987,41.49674238
20261538173,20260417,Property Damage Only,-93.77023057,41.36515342
20261538184,20260418,Property Damage Only,-91.19432263,43.09144507
20261538188,20260416,Property Damage Only,-93.45629916,43.13283405
20261538191,20260418,Property Damage Only,-92.406821,41.9645824
20261538207,20260418,Property Damage Only,-91.37412547,40.68512612
20261538209,20260419,Property Damage Only,-93.2886406,43.14821082
20261538281,20260419,Property Damage Only,-94.64544163,41.67263362
20261538289,20260419,Property Damage Only,-90.68023055,42.23613531
20261538291,20260419,Property Damage Only,-93.62039112,41.67380415
20261538311,20260419,Property Damage Only,-91.37360564,40.64468095
20261538335,20260418,Property Damage Only,-93.59214285,41.22037266
20261538340,20260418,Property Damage Only,-91.56381245,41.92530232
20261538360,20260419,Property Damage Only,-93.55858467,41.40805342
20261538364,20260420,Property Damage Only,-93.22196352,42.82549051
20261538374,20260415,Property Damage Only,-95.28938646,42.67191831
20261538377,20260420,Property Damage Only,-92.14761263,41.17729546
20261538379,20260419,Property Damage Only,-92.53525705,41.30486485
20261538380,20260418,Property Damage Only,-95.07298685,41.80583689
20261538383,20260418,Property Damage Only,-93.88919116,42.03468772
20261538399,20260419,Property Damage Only,-93.17929496,41.90004524
20261538400,20260419,Property Damage Only,-93.17929496,41.90004524
20261538416,20260417,Property Damage Only,-96.34093322,43.19976218
20261538420,20260419,Property Damage Only,-92.63996972,41.19219177
20261538455,20260420,Property Damage Only,-92.85880805,40.75680259
20261538465,20260418,Property Damage Only,-91.73029525,42.04179037
20261538481,20260419,Property Damage Only,-91.25180154,41.53129474
20261538482,20260420,Property Damage Only,-92.92053041,41.38964619
20261538494,20260414,Property Damage Only,-95.80953324,41.49447401
20261538495,20260420,Property Damage Only,-95.9206196,42.00788544
20261538496,20260420,Property Damage Only,-94.75521665,40.6770972
20261538504,20260421,Property Damage Only,-92.59532134,41.98390131
20261538507,20260421,Property Damage Only,-90.92989555,41.43313424
20261538511,20260410,Property Damage Only,-90.81317038,42.47807808
20261538521,20260421,Property Damage Only,-96.33492763,42.63382303
20261538534,20260415,Property Damage Only,-92.51986663,41.09824197
20261538536,20260420,Property Damage Only,-91.95900788,40.95896037
20261538537,20260414,Property Damage Only,-91.8390071,41.75925114
20261538553,20260327,Property Damage Only,-92.39365132,41.07776616
20261538563,20260420,Property Damage Only,-92.98763708,41.36394713
20261538566,20260418,Property Damage Only,-92.42237931,42.71498601
20261538578,20260412,Property Damage Only,-91.66043688,42.60001216
20261538579,20260420,Property Damage Only,-91.71443088,42.46852729
20261538586,20260331,Property Damage Only,-91.44411007,40.48218616
20261538590,20260420,Suspected Minor Injury Crash,-96.06694334,42.9225714
20261538598,20260420,Property Damage Only,-95.12727631,43.39402633
20261538655,20260421,Property Damage Only,-91.55559595,41.9259918
20261538661,20260421,Property Damage Only,-95.6592184,41.40204285
20261538681,20260421,Property Damage Only,-91.57394264,41.65549839
20261538687,20260421,Property Damage Only,-90.66277323,41.46839185
20261538691,20260421,Property Damage Only,-94.98942607,40.97965022
20261538707,20260421,Property Damage Only,-91.31762957,40.64523004
20261538715,20260416,Property Damage Only,-91.67812668,41.70835344
20261538717,20260420,Property Damage Only,-91.50909971,41.68683883
20261538719,20260421,Property Damage Only,-93.61668098,41.187113
20261538734,20260422,Property Damage Only,-93.85503378,42.33633325
20261538737,20260420,Property Damage Only,-91.50933995,41.68684195
20261538748,20260420,Property Damage Only,-91.714577,42.46851992
20261538808,20260422,Property Damage Only,-92.20459866,41.29657842
20261538825,20260422,Property Damage Only,-93.02345424,43.11974787
20261538828,20260422,Property Damage Only,-91.45295258,42.04953634
20261538829,20260422,Property Damage Only,-91.45295301,42.04951833
20261538831,20260422,Property Damage Only,-92.30872674,41.96401564
20261538854,20260419,Property Damage Only,-95.13746248,41.19009281
20261538858,20260422,Property Damage Only,-96.10810222,42.86613805
20261538869,20260421,Property Damage Only,-93.03910205,41.67031977
20261538879,20260422,Property Damage Only,-91.40804282,41.41250943
20261538881,20260418,Property Damage Only,-91.60816119,41.7105535
20261538891,20260423,Property Damage Only,-95.66970008,41.38284153
20261538913,20260422,Property Damage Only,-96.17482229,42.99713534
20261538923,20260422,Suspected Minor Injury Crash,-95.72563753,42.47468302
20261538945,20260423,Property Damage Only,-95.23259038,40.9369145
20261538960,20260406,Property Damage Only,-91.75045086,41.60823083
20261538984,20260423,Property Damage Only,-91.07403774,42.64706285
20261539002,20260417,Property Damage Only,-92.23586105,42.34135199
20261539010,20260423,Property Damage Only,-91.07615911,41.36661766
20261539021,20260422,Property Damage Only,-93.31475949,41.80519957
20261539033,20260420,Property Damage Only,-91.99712902,43.30210328
20261539036,20260423,Property Damage Only,-95.48069924,41.2039143
20261539044,20260423,Property Damage Only,-93.14809307,41.69557718
20261539051,20260419,Property Damage Only,-92.96682903,42.00327161
20261539062,20260423,Property Damage Only,-96.0004607,43.24090164
20261539090,20260413,Property Damage Only,-91.49346606,43.24048878
20261539114,20260424,Property Damage Only,-93.98946633,41.83504579
20261539122,20260424,Property Damage Only,-93.71318331,41.75754463
20261539123,20260424,Property Damage Only,-93.36028755,41.68044423
20261539136,20260425,Property Damage Only,-92.61224231,41.9665678
20261539144,20260419,Property Damage Only,-95.16591104,41.49829852
20261539161,20260424,Property Damage Only,-90.63017645,42.0630855
20261539216,20260425,Property Damage Only,-90.80110887,41.97429577
20261539299,20260425,Property Damage Only,-93.34924594,43.39165379
20261539304,20260426,Property Damage Only,-92.69440842,43.13419126
20261539328,20260426,Property Damage Only,-90.38253242,42.18175255
20261539330,20260424,Property Damage Only,-94.98196178,43.3565875
20261539342,20260425,Property Damage Only,-93.65397311,41.68372394
20261539369,20260424,Property Damage Only,-91.56393531,40.77769895
20261539371,20260425,Property Damage Only,-91.55643206,40.63309469
20261539373,20260427,Property Damage Only,-91.55138467,41.42632941
20261539375,20260424,Property Damage Only,-95.81359588,42.48251542
20261539376,20260427,Property Damage Only,-91.11874109,40.81689617
20261539383,20260426,Property Damage Only,-91.15092235,42.26158773
20261539394,20260424,Property Damage Only,-91.09430602,42.46957318
20261539395,20260425,Property Damage Only,-90.69231908,42.53993261
20261539398,20260426,Property Damage Only,-90.68913444,42.43900967
20261539403,20260424,Property Damage Only,-91.54407547,42.57328692
20261539407,20260425,Property Damage Only,-94.82111811,42.26026109
20261539420,20260424,Property Damage Only,-92.6169302,41.46968953
20261539421,20260426,Property Damage Only,-93.40340674,43.06754
20261539425,20260421,Property Damage Only,-91.59202007,42.0152206
20261539430,20260425,Property Damage Only,-92.00821488,41.96322684
20261539438,20260426,Property Damage Only,-92.63993008,41.199425
20261539439,20260427,Property Damage Only,-92.8466591,41.38944536
20261539442,20260417,Property Damage Only,-91.81413102,40.92260085
20261539443,20260425,Property Damage Only,-91.98595814,40.98223424
20261539457,20260425,Property Damage Only,-96.17232644,43.01703165
20261539470,20260426,Property Damage Only,-91.16956324,41.03703322
20261539476,20260425,Property Damage Only,-93.9856469,41.51763521
20261539486,20260426,Property Damage Only,-91.92355423,42.44807778
20261539519,20260425,Property Damage Only,-91.13186103,40.7481722
20261539520,20260426,Property Damage Only,-91.14657421,40.84352349
20261539521,20260426,Property Damage Only,-93.79820779,40.96135638
20261539556,20260427,Property Damage Only,-92.76288077,41.69550003
20261539557,20260428,Property Damage Only,-94.12874443,42.48653364
20261539570,20260428,Property Damage Only,-90.42022176,41.75469919
20261539574,20260428,Property Damage Only,-96.37260125,42.48977347
20261539576,20260427,Property Damage Only,-93.23572702,43.19133007
20261539631,20260421,Property Damage Only,-92.47898169,42.46497091
20261539647,20260428,Property Damage Only,-95.86159573,42.40363135
20261539654,20260427,Property Damage Only,-90.70828034,42.55632733
20261539659,20260411,Suspected Minor Injury Crash,-91.10347405,41.63646583
20261539692,20260420,Property Damage Only,-93.31662809,41.80330297
20261539695,20260424,Property Damage Only,-93.06707397,41.97593053
20261539709,20260428,Property Damage Only,-90.18417492,42.00024879
20261539714,20260428,Property Damage Only,-91.73979112,42.06505939
20261539717,20260428,Property Damage Only,-90.84790748,41.51802141
20261539727,20260428,Property Damage Only,-90.54088951,41.71726958
20261539728,20260427,Property Damage Only,-90.68800519,41.52657998
20261539737,20260429,Property Damage Only,-90.76582277,42.46952798
20261539740,20260429,Property Damage Only,-93.63234147,40.89917441
20261539752,20260429,Property Damage Only,-95.76567838,42.21223184
20261539754,20260426,Property Damage Only,-94.08700173,42.44953616
20261539787,20260429,Property Damage Only,-96.01308364,42.99737863
20261539792,20260427,Property Damage Only,-92.08169595,42.77519563
20261539839,20260417,Property Damage Only,-92.92714114,41.81971258
20261539840,20260429,Property Damage Only,-90.18447214,41.90311297
20261539848,20260309,Property Damage Only,-93.26220686,42.53939708
20261539870,20260429,Property Damage Only,-92.61842498,42.74475058
20261539872,20260429,Property Damage Only,-94.22744348,42.60812157
20261539877,20260429,Property Damage Only,-91.55495203,41.95878518
20261539886,20260429,Property Damage Only,-94.57113119,42.15683269
20261539890,20260429,Property Damage Only,-92.33754376,42.54215006
20261539894,20260429,Property Damage Only,-90.56549625,41.70196096
20261539907,20260430,Property Damage Only,-92.63155154,41.9959121
20261539908,20260428,Property Damage Only,-92.90292122,41.68790346
20261539915,20260429,Property Damage Only,-93.42421333,41.47072513
20261539916,20260430,Property Damage Only,-96.36131359,42.38645378
20261539926,20260429,Property Damage Only,-90.95632287,42.11916249
20261539930,20260428,Property Damage Only,-92.93693361,40.81227446
20261539932,20260429,Property Damage Only,-96.51379062,42.6269578
20261539938,20260425,Property Damage Only,-95.09291811,42.77770522
20261539950,20260428,Property Damage Only,-93.29609148,41.60150814
20261539952,20260428,Property Damage Only,-91.98030768,42.53336803
20261539953,20260428,Property Damage Only,-91.80301446,42.46828899
20261539954,20260430,Property Damage Only,-94.31561367,40.7112849
20261539984,20260430,Property Damage Only,-91.48790173,41.63048528
20261539986,20260430,Property Damage Only,-91.81967658,41.96426219
20261539989,20260430,Property Damage Only,-94.69087897,40.66886029
20261540020,20260427,Property Damage Only,-92.35365896,41.69549435
20261540030,20260430,Property Damage Only,-91.5065936,41.51125221
20261540031,20260430,Property Damage Only,-91.74946314,42.02303339
20261540041,20260409,Property Damage Only,-92.95366834,41.38166553
20261540043,20260415,Property Damage Only,-92.98888196,41.35562416
20261540046,20260429,Property Damage Only,-93.10890042,41.39354943
20261540072,20260416,Property Damage Only,-93.91371382,42.04297922
20261540083,20260430,Property Damage Only,-93.56995127,41.92429597
20261540091,20260430,Property Damage Only,-92.00731323,41.60650267
20261540093,20260429,Property Damage Only,-90.69132381,42.44593387
20261540119,20260429,Property Damage Only,-91.19608357,41.19260476
20261540123,20260430,Property Damage Only,-93.24290209,41.5906259
20261540140,20260501,Property Damage Only,-91.44263851,40.50348046
20261540161,20260329,Property Damage Only,-90.37011209,41.5849327
20261540168,20260426,Property Damage Only,-92.96986596,41.42422284
20261540169,20260430,Property Damage Only,-92.92464369,41.39080194
20261540201,20260501,Property Damage Only,-91.15867305,40.85508514
20261540202,20260430,Property Damage Only,-91.15867305,40.85508514
20261540206,20260501,Property Damage Only,-91.11815959,42.81025785
20261540212,20260501,Possible/Unknown Injury Crash,-93.78014674,41.50943997
20261540213,20260502,Property Damage Only,-90.56814219,41.85627335
20261540219,20260502,Property Damage Only,-95.8637397,41.23218963
20261540223,20260502,Property Damage Only,-95.91580889,42.0874983
20261540231,20260426,Property Damage Only,-93.27770881,41.68576247
20261540246,20260411,Property Damage Only,-93.57658503,41.74454863
20261540257,20260502,Property Damage Only,-96.38050215,42.51919222
20261540289,20260430,Property Damage Only,-93.1855992,43.28410787
20261540320,20260502,Property Damage Only,-95.83551334,41.29479853
20261540326,20260502,Property Damage Only,-92.93693361,40.81227446
20261540327,20260502,Property Damage Only,-93.27361629,41.37398132
20261540329,20260502,Property Damage Only,-91.72115061,42.04712867
20261540330,20260502,Property Damage Only,-91.45102398,42.0493392
20261540331,20260502,Property Damage Only,-91.50226565,41.92236331
20261540342,20260503,Property Damage Only,-91.70129624,42.08929845
20261540345,20260503,Property Damage Only,-92.31756358,42.91830815
20261540349,20260502,Property Damage Only,-92.12506137,41.7744315
20261540350,20260502,Property Damage Only,-91.56490328,40.54886326
20261540355,20260503,Property Damage Only,-93.79594005,42.19735231
20261540384,20260503,Property Damage Only,-93.47110829,41.66514558
20261540397,20260501,Property Damage Only,-91.36280168,40.90264479
20261540403,20260502,Property Damage Only,-92.92022083,42.46309232
20261540404,20260423,Suspected Minor Injury Crash,-95.21046943,43.13013573
20261540405,20260501,Property Damage Only,-95.04878154,43.12694228
20261540412,20260503,Property Damage Only,-91.15296454,40.84918383
20261540423,20260503,Property Damage Only,-94.45266422,41.33408892
20261540428,20260503,Property Damage Only,-93.20322249,42.67637656
20261540437,20260503,Property Damage Only,-92.71550794,42.00261765
20261540440,20260503,Property Damage Only,-95.53182431,42.16771811
20261540445,20260502,Property Damage Only,-91.68211453,42.04395809
20261540462,20260504,Property Damage Only,-91.56480191,40.87002473
20261540466,20260502,Property Damage Only,-94.81601923,42.66014265
20261540471,20260503,Property Damage Only,-93.73165851,41.26682543
20261540472,20260504,Property Damage Only,-93.78052305,41.25681221
20261540479,20260504,Property Damage Only,-90.69459288,42.40951011
20261540482,20260504,Property Damage Only,-93.61623922,43.05976607
20261540486,20260501,Property Damage Only,-96.25046129,42.22906211
20261540487,20260502,Property Damage Only,-96.26798578,42.27183194
20261540488,20260503,Property Damage Only,-96.3472541,42.36647006
20261540496,20260430,Property Damage Only,-93.64854849,42.00519107
20261540504,20260429,Property Damage Only,-93.17411931,41.78317051
20261540516,20260502,Property Damage Only,-93.58235543,41.23732124
20261540517,20260501,Property Damage Only,-93.87422518,41.57709236
20261540518,20260502,Property Damage Only,-93.96824072,41.8347133
20261540522,20260503,Property Damage Only,-92.68381127,42.17777441
20261540526,20260501,Property Damage Only,-93.43420387,41.47649767
20261540532,20260430,Property Damage Only,-91.42455532,40.59178801
20261540538,20260430,Property Damage Only,-95.14742163,43.16654425
20261540539,20260429,Property Damage Only,-91.34476558,42.36646876
20261540540,20260430,Property Damage Only,-91.2667152,42.37132188
20261540541,20260504,Property Damage Only,-91.25283282,42.63832233
20261540543,20260504,Property Damage Only,-93.56963138,42.31931959
20261540550,20260503,Property Damage Only,-92.4559971,42.37725407
20261540559,20260503,Property Damage Only,-93.19452155,43.10542021
20261540616,20260504,Property Damage Only,-93.52469928,41.51177182
20261540617,20260504,Property Damage Only,-93.38235794,41.68031888
20261540618,20260504,Property Damage Only,-93.36256686,41.6005611
20261540630,20260504,Property Damage Only,-95.66375454,41.23263409
20261540638,20260505,Property Damage Only,-90.19887209,41.94621507
20261540644,20260504,Property Damage Only,-90.49008651,42.32325547
20261540648,20260504,Property Damage Only,-93.77449937,41.71684139
20261540650,20260504,Property Damage Only,-90.17366939,42.09126066
20261540658,20260504,Property Damage Only,-90.69208664,42.55053602
20261540664,20260505,Property Damage Only,-92.70667957,43.05947346
20261540671,20260429,Property Damage Only,-93.08176234,42.17291226
20261540672,20260430,Property Damage Only,-92.97825089,42.0074174
20261540673,20260430,Property Damage Only,-93.00064094,42.09750333
20261540674,20260502,Property Damage Only,-93.20530313,41.88236631
20261540676,20260427,Property Damage Only,-91.32933589,43.00020724
20261540677,20260504,Property Damage Only,-93.59206359,41.21422973
20261540681,20260426,Property Damage Only,-95.78769945,42.15215522
20261540687,20260505,Property Damage Only,-90.51010524,41.8074505
20261540690,20260425,Property Damage Only,-92.51678741,41.09594106
20261540691,20260426,Property Damage Only,-92.36580245,41.00761434
20261540692,20260501,Property Damage Only,-92.28682223,41.00392782
20261540693,20260501,Property Damage Only,-92.36965313,41.00909478
20261540695,20260504,Property Damage Only,-92.50068454,41.09643991
20261540700,20260505,Property Damage Only,-93.36664563,41.76332532
20261540701,20260504,Suspected Minor Injury Crash,-93.31403657,43.1986429
20261540703,20260502,Property Damage Only,-96.17291022,43.02312022
20261540711,20260505,Property Damage Only,-96.59727461,42.77516467
20261540712,20260428,Property Damage Only,-92.16161754,43.29903306
20261540714,20260429,Property Damage Only,-95.92109408,43.17176282
20261540721,20260504,Property Damage Only,-92.04916249,41.68719955
20261540760,20260505,Property Damage Only,-91.66574734,42.46293663
20261540765,20260501,Property Damage Only,-93.08845017,42.15004002
20261540785,20260504,Property Damage Only,-91.27558318,40.65179817
20261540788,20260501,Property Damage Only,-93.43019536,43.13793287
20261540791,20260422,Property Damage Only,0,0
20261540809,20260505,Property Damage Only,-90.19401826,42.07013839
20261540813,20260504,Property Damage Only,-90.75137096,41.6561433
20261540814,20260505,Property Damage Only,-90.35982207,41.7235795
20261540817,20260504,Property Damage Only,-91.21674696,43.01767913
20261540835,20260505,Property Damage Only,-91.06346514,41.45269119
20261540836,20260501,Property Damage Only,-95.31295322,42.01959542
20261540847,20260506,Property Damage Only,-92.45602302,42.2756382
20261540851,20260505,Property Damage Only,-92.80310311,41.06123107
20261540852,20260504,Suspected Minor Injury Crash,-95.76899437,41.04438869
20261540879,20260501,Property Damage Only,-93.5696341,42.15521669
20261540880,20260502,Property Damage Only,-93.45192186,42.68002407
20261540893,20260502,Property Damage Only,-91.58452862,41.92545153
20261540894,20260502,Property Damage Only,-91.7656506,42.46188581
20261540907,20260407,Property Damage Only,-93.62641178,42.86319227
20261540916,20260501,Property Damage Only,-96.17513108,42.94669457
20261540947,20260502,Property Damage Only,-92.89998904,41.81978222
20261540957,20260506,Property Damage Only,-91.31438191,40.92620511
20261540962,20260506,Property Damage Only,-93.9695493,42.03671193
20261540966,20260506,Property Damage Only,-91.57452332,42.88426238
20261540967,20260506,Property Damage Only,-92.58756727,43.03801648
20261540984,20260507,Property Damage Only,-90.44036359,41.73421993
20261540988,20260502,Property Damage Only,-92.69093058,43.0385314
20261540997,20260507,Property Damage Only,-92.45081412,41.59020136
20261540998,20260507,Property Damage Only,-93.44253891,41.2699212
20261541002,20260501,Property Damage Only,-93.57025529,42.28222916
20261541005,20260504,Property Damage Only,-93.31599557,41.68177249
20261541006,20260507,Property Damage Only,-91.2566179,42.13078419
20261541008,20260420,Property Damage Only,-93.65352723,42.00672098
20261541011,20260430,Property Damage Only,-93.61028616,42.01206576
20261541017,20260408,Property Damage Only,-91.88246715,41.00215795
20261541018,20260430,Property Damage Only,-93.31569827,43.19865634
20261541024,20260505,Property Damage Only,-95.13340502,42.88795188
20261541026,20260427,Property Damage Only,-91.71340221,43.21303592
20261541027,20260507,Property Damage Only,-90.68603692,42.43464261
20261541039,20260506,Property Damage Only,-92.33706878,42.65369159
20261541041,20260429,Property Damage Only,-92.33743859,42.71650735
20261541042,20260430,Property Damage Only,-92.18830452,42.77315522
20261541046,20260507,Property Damage Only,-93.59331593,41.60084483
20261541050,20260505,Property Damage Only,-91.99663102,42.96474355
20261541053,20260506,Property Damage Only,-91.7149849,41.4399918
20261541058,20260507,Property Damage Only,-91.45470334,43.17672365
20261541076,20260507,Property Damage Only,-94.30508275,42.51604585
20261541094,20260507,Property Damage Only,-90.59870516,42.16749122
20261541114,20260507,Possible/Unknown Injury Crash,-94.48681098,42.03453562
20261541154,20260505,Property Damage Only,-91.55679363,41.66567823
20261541169,20260508,Property Damage Only,-91.78361932,42.252033
20261541173,20260507,Property Damage Only,-92.58157801,42.46374327
20261541174,20260508,Property Damage Only,-92.75660037,42.46299674
20261541189,20260503,Property Damage Only,-93.24259114,41.85619171
20261541194,20260506,Property Damage Only,-93.64838346,42.03530999
20261541195,20260429,Property Damage Only,-91.37166918,41.90921011
20261541196,20260430,Property Damage Only,-91.03489812,41.92284325
20261541198,20260507,Property Damage Only,-91.13272555,41.68615714
20261541205,20260505,Property Damage Only,-92.49665807,41.01860141
20261541207,20260507,Property Damage Only,-92.40682242,40.94727957
20261541208,20260506,Property Damage Only,-92.04233588,41.00620044
20261541209,20260506,Property Damage Only,-91.89664003,41.09406729
20261541211,20260508,Property Damage Only,-90.6661955,42.45694249
20261541215,20260507,Property Damage Only,-91.61582443,40.94080277
20261541217,20260505,Property Damage Only,-91.21462265,40.71569353
20261541218,20260507,Property Damage Only,-91.3200176,40.67072194
20261541243,20260507,Property Damage Only,-90.56800159,41.63259397
20261541254,20260508,Property Damage Only,-91.1202671,40.75945996
20261541264,20260507,Property Damage Only,-90.95425226,41.50048154
20261541272,20260430,Property Damage Only,-93.5190163,42.59793258
20261541279,20260507,Property Damage Only,-92.08623744,41.79704274
20261541280,20260508,Property Damage Only,-92.14840151,41.58506243
20261541285,20260508,Property Damage Only,-91.1969941,41.25323812
20261541306,20260509,Property Damage Only,-91.6316,41.68278772
20261541308,20260510,Property Damage Only,-90.36755154,41.58447779
20261541317,20260420,Property Damage Only,-94.1934947,42.8694642
20261541320,20260508,Property Damage Only,-93.61986009,41.61466597
20261541326,20260508,Property Damage Only,-91.43557236,42.05708209
20261541333,20260508,Property Damage Only,-92.84033421,43.05255199
20261541351,20260508,Property Damage Only,-92.29827589,43.37007131
20261541353,20260508,Property Damage Only,-93.8156809,41.91199623
20261541355,20260507,Property Damage Only,-93.69874167,42.0356089
20261541356,20260508,Property Damage Only,-93.74259809,42.07823148
20261541366,20260506,Property Damage Only,-93.25181675,41.22189002
20261541367,20260508,Property Damage Only,-93.20350119,41.32662015
20261541368,20260508,Property Damage Only,-92.98748161,41.3641633
20261541373,20260509,Property Damage Only,-93.24867174,41.69019743
20261541390,20260508,Property Damage Only,-95.34247745,42.29531712
20261541413,20260422,Property Damage Only,-90.67726178,41.5360904
20261541429,20260507,Suspected Minor Injury Crash,-95.74028386,41.2824261
20261541435,20260509,Property Damage Only,-91.20402896,41.45522452
20261541446,20260510,Property Damage Only,-93.74776381,40.77998757
20261541448,20260508,Suspected Minor Injury Crash,-91.54774942,42.18088765
20261541450,20260506,Property Damage Only,-90.39654208,41.8155853
20261541457,20260510,Property Damage Only,-93.58351282,41.54229361
20261541461,20260509,Property Damage Only,-90.82047216,41.94619712
20261541466,20260510,Property Damage Only,-91.26978459,43.15256405
20261541468,20260510,Property Damage Only,-91.70071057,42.06822607
20261541547,20260509,Property Damage Only,-92.30825283,41.89175195
20261541551,20260510,Property Damage Only,-91.36543464,42.46894374
20261541558,20260510,Property Damage Only,-92.29886876,43.14347312
20261541562,20260509,Property Damage Only,-90.54405981,41.80720023
20261541591,20260510,Property Damage Only,-94.56113451,41.80462315
20261541598,20260508,Property Damage Only,-91.49320448,40.45670291
20261541605,20260508,Property Damage Only,-93.77979027,41.29053299
20261541608,20260510,Property Damage Only,-93.66685814,41.36315065
20261541615,20260506,Property Damage Only,-93.5559992,42.13105637
20261541617,20260510,Property Damage Only,-93.59225017,42.00630594
20261541621,20260509,Property Damage Only,-96.17457599,42.82448649
20261541624,20260413,Property Damage Only,-91.041516,41.91307653
20261541626,20260510,Property Damage Only,-91.08882354,41.88863836
20261541629,20260509,Property Damage Only,-91.54965574,41.455608
20261541633,20260508,Property Damage Only,-91.54858492,41.02658638
20261541634,20260507,Property Damage Only,-93.28329798,41.6011981
20261541635,20260509,Property Damage Only,-93.09973541,41.68080354
20261541637,20260509,Property Damage Only,-93.10054735,41.73154899
20261541651,20260509,Property Damage Only,-95.97289631,43.01109039
20261541656,20260508,Property Damage Only,-91.71362497,41.28375262
20261541658,20260430,Property Damage Only,-95.25192102,42.51825929
20261541671,20260511,Property Damage Only,-91.54582565,42.18293468
20261541675,20260510,Property Damage Only,-93.91783913,41.83303756
20261541683,20260508,Possible/Unknown Injury Crash,-93.20912966,42.43926166
20261541693,20260510,Property Damage Only,-93.56954302,42.32566934
20261541696,20260509,Property Damage Only,-92.58889727,41.34784646
20261541699,20260510,Property Damage Only,-95.15097159,42.53253665
20261541703,20260510,Property Damage Only,-91.98454213,40.98232987
20261541704,20260509,Property Damage Only,-91.09550342,40.8673816
20261541706,20260511,Property Damage Only,-91.15373689,40.75676658
20261541707,20260511,Property Damage Only,-91.15238463,40.76153715
20261541716,20260511,Property Damage Only,-91.37750358,40.90539283
20261541727,20260511,Property Damage Only,-93.00004806,41.68268427
20261541733,20260510,Property Damage Only,-90.56747889,41.78221164
20261541743,20260509,Property Damage Only,-92.81010025,43.01361306
20261541748,20260511,Property Damage Only,-93.25180901,41.59482216
20261541751,20260502,Property Damage Only,-91.95761182,42.29550771
20261541755,20260509,Possible/Unknown Injury Crash,-94.78004204,42.26065399
20261541776,20260511,Property Damage Only,-91.53073634,41.97183428
20261541777,20260511,Property Damage Only,-90.37311167,42.05240696
20261541781,20260511,Property Damage Only,-93.88532399,40.62854452
20261541791,20260509,Property Damage Only,-93.51190183,41.56509896
20261541794,20260508,Property Damage Only,-91.18994445,40.81850398
20261541814,20260511,Property Damage Only,-93.56630925,40.76130106
20261541815,20260512,Property Damage Only,-93.7815307,41.06459537
20261541818,20260512,Property Damage Only,-92.29809374,42.01797277
20261541858,20260512,Property Damage Only,-91.63809762,41.69201589
20261541882,20260508,Property Damage Only,-92.69577241,40.80053988
20261541894,20260512,Property Damage Only,-92.3436783,42.6667427
20261541936,20260513,Property Damage Only,-91.80694693,42.18874883
20261541947,20260512,Property Damage Only,-90.8687829,41.59683085
20261541956,20260513,Property Damage Only,-93.57515852,41.62904864
20261541959,20260512,Property Damage Only,-91.44292758,40.50118719
20261541970,20260512,Property Damage Only,-91.95605267,43.28455507
20261541979,20260512,Property Damage Only,-93.69383385,41.43425874
20261541980,20260512,Property Damage Only,-93.41412074,41.4655736
20261541981,20260513,Property Damage Only,-93.56721,41.48903351
20261541991,20260511,Property Damage Only,-96.51708735,43.22908643
20261541992,20260513,Property Damage Only,-93.57019225,42.42837091
20261541993,20260513,Property Damage Only,-92.47900361,41.43848605
20261542000,20260429,Property Damage Only,-93.94024973,42.08081711
20261542007,20260504,Property Damage Only,-92.08458056,41.92092656
20261542008,20260504,Property Damage Only,-92.01758759,42.194673
20261542019,20260513,Property Damage Only,-92.00743133,41.64184754
20261542025,20260506,Property Damage Only,-91.3361187,41.27843708
20261542035,20260513,Property Damage Only,-92.87791796,40.89218627
20261542111,20260509,Property Damage Only,-92.62463934,41.96403309
20261542112,20260512,Property Damage Only,-94.01263171,41.51122178
20261542130,20260513,Property Damage Only,-90.60128988,42.12631751
20261542131,20260513,Property Damage Only,-93.41846106,42.72465658
20261542134,20260513,Property Damage Only,-95.42705283,41.96986768
20261542137,20260513,Property Damage Only,-93.73456475,42.83215666
20261542139,20260510,Property Damage Only,-90.46730055,41.74267049
20261542143,20260513,Property Damage Only,-90.6232811,42.09304903
20261542148,20260513,Property Damage Only,-91.48303819,41.68529982
20261542150,20260514,Property Damage Only,-92.72341103,42.004042
20261542159,20260504,Property Damage Only,-93.38473692,41.68032895
20261542163,20260512,Property Damage Only,-92.23897076,43.29872747
20261542169,20260514,Property Damage Only,-93.67865006,41.8911636
20261542172,20260513,Property Damage Only,-91.16942481,42.23597487
20261542173,20260514,Property Damage Only,-91.31324513,42.07087565
20261542176,20260513,Property Damage Only,-91.71497219,41.44306314
20261542177,20260508,Property Damage Only,-93.20171394,42.99389874
20261542181,20260512,Property Damage Only,-93.38559673,41.2082962
20261542183,20260512,Suspected Minor Injury Crash,-91.53911028,41.17463395
20261542184,20260512,Property Damage Only,-93.50319553,41.63626768
20261542190,20260428,Property Damage Only,-94.63392469,42.44992401
20261542199,20260509,Property Damage Only,-91.48191277,41.29317981
20261542204,20260512,Property Damage Only,-91.37810533,42.47051965
20261542212,20260512,Property Damage Only,-90.73329715,42.5223983
20261542225,20260514,Property Damage Only,-93.91203542,42.56251737
20261542240,20260430,Property Damage Only,-92.7539049,41.69516591
20261542253,20260507,Property Damage Only,-92.43027608,41.69624199
20261542257,20260512,Property Damage Only,-91.78370854,42.25622177
20261542267,20260509,Property Damage Only,-91.64261134,41.79613362
20261542291,20260512,Property Damage Only,-91.3499396,41.76917296
20261542314,20260514,Property Damage Only,-91.54019815,40.98838639
20261542314,20260514,Property Damage Only,-91.54019815,40.98838639
20261542344,20260514,Property Damage Only,-91.52060544,42.09340629
20261542344,20260514,Property Damage Only,-91.52060544,42.09340629
20261542345,20260514,Property Damage Only,-91.46759878,42.05050741
20261542345,20260514,Property Damage Only,-91.46759878,42.05050741
20261542362,20260515,Property Damage Only,-93.25136651,41.14163023
20261542362,20260515,Property Damage Only,-93.25136651,41.14163023
20261542368,20260514,Property Damage Only,-91.31628032,42.07083017
20261542368,20260514,Property Damage Only,-91.31628032,42.07083017
20261542369,20260514,Property Damage Only,-91.27593512,42.0787508
20261542369,20260514,Property Damage Only,-91.27593512,42.0787508
20261542371,20260514,Property Damage Only,-93.5215625,42.02310396
20261542371,20260514,Property Damage Only,-93.5215625,42.02310396
20261542386,20260514,Property Damage Only,-92.6433864,41.26133773
20261542386,20260514,Property Damage Only,-92.6433864,41.26133773
20261542387,20260429,Property Damage Only,-92.79412666,41.69545217
20261542387,20260429,Property Damage Only,-92.79412666,41.69545217
20261542388,20260514,Property Damage Only,-93.88143922,40.63254705
20261542388,20260514,Property Damage Only,-93.88143922,40.63254705
20261542409,20260509,Property Damage Only,-93.09299597,41.68143068
20261542409,20260509,Property Damage Only,-93.09299597,41.68143068
20261542447,20260516,Property Damage Only,-91.72960928,41.71738262
20261542447,20260516,Property Damage Only,-91.72960928,41.71738262
20261542471,20260515,Property Damage Only,-94.0599182,42.44941158
20261542471,20260515,Property Damage Only,-94.0599182,42.44941158
20261542479,20260514,Property Damage Only,-90.57096883,41.5903361
20261542479,20260514,Property Damage Only,-90.57096883,41.5903361
20261542488,20260515,Property Damage Only,-92.35820867,41.6839007
20261542488,20260515,Property Damage Only,-92.35820867,41.6839007
20261542490,20260515,Property Damage Only,-91.26815047,40.83184742
20261542490,20260515,Property Damage Only,-91.26815047,40.83184742
20261542498,20260515,Property Damage Only,-91.50065305,42.17139267
20261542498,20260515,Property Damage Only,-91.50065305,42.17139267
20261542506,20260515,Property Damage Only,-91.16563039,41.4145374
20261542506,20260515,Property Damage Only,-91.16563039,41.4145374
20261542512,20260513,Property Damage Only,-92.13956758,41.79727445
20261542512,20260513,Property Damage Only,-92.13956758,41.79727445
20261542513,20260516,Property Damage Only,-92.26927708,41.69611467
20261542513,20260516,Property Damage Only,-92.26927708,41.69611467
20261542518,20260514,Property Damage Only,-96.21996531,42.73672233
20261542518,20260514,Property Damage Only,-96.21996531,42.73672233
20261542525,20260515,Property Damage Only,-94.85660522,43.38180575
20261542525,20260515,Property Damage Only,-94.85660522,43.38180575
20261542553,20260512,Property Damage Only,-95.54562597,42.05357291
20261542553,20260512,Property Damage Only,-95.54562597,42.05357291
20261542574,20260510,Property Damage Only,-94.1489892,42.65897897
20261542574,20260510,Property Damage Only,-94.1489892,42.65897897
20261542588,20260516,Property Damage Only,-91.74311598,41.72320548
20261542588,20260516,Property Damage Only,-91.74311598,41.72320548
20261542594,20260514,Property Damage Only,-92.8159428,40.7106179
20261542594,20260514,Property Damage Only,-92.8159428,40.7106179
20261542600,20260516,Property Damage Only,-92.71100863,42.00157064
20261542600,20260516,Property Damage Only,-92.71100863,42.00157064
20261542606,20260515,Property Damage Only,-90.99655462,41.59174391
20261542606,20260515,Property Damage Only,-90.99655462,41.59174391
20261542607,20260516,Property Damage Only,-91.23462276,41.47095605
20261542607,20260516,Property Damage Only,-91.23462276,41.47095605
20261542610,20260516,Property Damage Only,-91.57008827,42.00388063
20261542610,20260516,Property Damage Only,-91.57008827,42.00388063
20261542619,20260516,Property Damage Only,-90.19887317,41.92525906
20261542619,20260516,Property Damage Only,-90.19887317,41.92525906
20261542673,20260516,Property Damage Only,-91.17811862,41.12185719
20261542673,20260516,Property Damage Only,-91.17811862,41.12185719
20261542675,20260516,Property Damage Only,-90.64005089,41.96283795
20261542675,20260516,Property Damage Only,-90.64005089,41.96283795
20261542676,20260516,Property Damage Only,-94.01295571,42.02971728
20261542676,20260516,Property Damage Only,-94.01295571,42.02971728
20261542699,20260517,Property Damage Only,-90.93010329,41.63444631
20261542699,20260517,Property Damage Only,-90.93010329,41.63444631
20261542706,20260515,Property Damage Only,-90.35934264,41.69537065
20261542706,20260515,Property Damage Only,-90.35934264,41.69537065
20261542711,20260517,Property Damage Only,-91.1534799,40.75834787
20261542711,20260517,Property Damage Only,-91.1534799,40.75834787
20261542716,20260515,Property Damage Only,-93.56117403,42.00848856
20261542716,20260515,Property Damage Only,-93.56117403,42.00848856
20261542717,20260516,Property Damage Only,-93.5705621,42.0103787
20261542717,20260516,Property Damage Only,-93.5705621,42.0103787
20261542721,20260516,Property Damage Only,-91.31409927,42.07057299
20261542721,20260516,Property Damage Only,-91.31409927,42.07057299
20261542723,20260517,Property Damage Only,-91.27690094,42.10470289
20261542723,20260517,Property Damage Only,-91.27690094,42.10470289
20261542724,20260518,Property Damage Only,-91.30701476,42.08971478
20261542724,20260518,Property Damage Only,-91.30701476,42.08971478
20261542728,20260429,Property Damage Only,-91.67016092,43.24100485
20261542728,20260429,Property Damage Only,-91.67016092,43.24100485
20261542733,20260515,Property Damage Only,-91.54476021,40.99338038
20261542733,20260515,Property Damage Only,-91.54476021,40.99338038
20261542734,20260515,Property Damage Only,-91.4222685,40.92067892
20261542734,20260515,Property Damage Only,-91.4222685,40.92067892
20261542735,20260514,Property Damage Only,-93.05809358,41.80276989
20261542735,20260514,Property Damage Only,-93.05809358,41.80276989
20261542769,20260515,Property Damage Only,-93.34909977,43.35542017
20261542769,20260515,Property Damage Only,-93.34909977,43.35542017
20261542777,20260517,Property Damage Only,-93.7791315,41.28434918
20261542777,20260517,Property Damage Only,-93.7791315,41.28434918
20261542778,20260506,Property Damage Only,-91.14122681,43.21577571
20261542778,20260506,Property Damage Only,-91.14122681,43.21577571
20261542779,20260512,Property Damage Only,-91.68671712,41.69435621
20261542779,20260512,Property Damage Only,-91.68671712,41.69435621
20261542784,20260518,Property Damage Only,-91.6418995,42.28239551
20261542784,20260518,Property Damage Only,-91.6418995,42.28239551
20261542791,20260517,Property Damage Only,-93.35104967,42.92989883
20261542791,20260517,Property Damage Only,-93.35104967,42.92989883
20261542797,20260518,Property Damage Only,-91.68245802,42.28288673
20261542797,20260518,Property Damage Only,-91.68245802,42.28288673
20261542820,20260517,Property Damage Only,-93.99354028,41.54241827
20261542820,20260517,Property Damage Only,-93.99354028,41.54241827
20261542821,20260515,Property Damage Only,-91.53792603,41.68413792
20261542821,20260515,Property Damage Only,-91.53792603,41.68413792
20261542827,20260517,Property Damage Only,-94.28545992,42.45248929
20261542827,20260517,Property Damage Only,-94.28545992,42.45248929
20261542835,20260511,Possible/Unknown Injury Crash,-95.35664167,42.050767
20261542835,20260511,Possible/Unknown Injury Crash,-95.35664167,42.050767
20261542838,20260518,Property Damage Only,-92.21895441,43.33009943
20261542838,20260518,Property Damage Only,-92.21895441,43.33009943
20261542840,20260516,Property Damage Only,-93.56724876,42.5359426
20261542840,20260516,Property Damage Only,-93.56724876,42.5359426
20261542841,20260518,Property Damage Only,-91.25179603,41.50879541
20261542841,20260518,Property Damage Only,-91.25179603,41.50879541
20261542842,20260518,Property Damage Only,-90.91700039,41.4333067
20261542842,20260518,Property Damage Only,-90.91700039,41.4333067
20261542851,20260515,Property Damage Only,-90.79033807,42.37111524
20261542851,20260515,Property Damage Only,-90.79033807,42.37111524
20261542852,20260516,Property Damage Only,-90.90104849,42.32372895
20261542852,20260516,Property Damage Only,-90.90104849,42.32372895
20261542854,20260518,Property Damage Only,-90.98178359,42.44061203
20261542854,20260518,Property Damage Only,-90.98178359,42.44061203
20261542857,20260512,Property Damage Only,-93.58900777,42.03444119
20261542857,20260512,Property Damage Only,-93.58900777,42.03444119
20261542862,20260518,Property Damage Only,-93.29974346,43.22315615
20261542862,20260518,Property Damage Only,-93.29974346,43.22315615
20261542864,20260519,Property Damage Only,-94.24242115,42.19773522
20261542864,20260519,Property Damage Only,-94.24242115,42.19773522
20261542866,20260517,Property Damage Only,-91.2859655,42.63188888
20261542866,20260517,Property Damage Only,-91.2859655,42.63188888
20261542867,20260518,Property Damage Only,-91.16489618,41.66860819
20261542867,20260518,Property Damage Only,-91.16489618,41.66860819
20261542868,20260519,Property Damage Only,-90.91791971,41.7424118
20261542868,20260519,Property Damage Only,-90.91791971,41.7424118
20261542880,20260517,Property Damage Only,-93.41006964,41.46501164
20261542880,20260517,Property Damage Only,-93.41006964,41.46501164
20261542885,20260516,Property Damage Only,-96.38064175,42.59029615
20261542885,20260516,Property Damage Only,-96.38064175,42.59029615
20261542887,20260516,Property Damage Only,-93.78006587,41.44176801
20261542887,20260516,Property Damage Only,-93.78006587,41.44176801
20261542901,20260515,Property Damage Only,-92.54454405,41.30066834
20261542901,20260515,Property Damage Only,-92.54454405,41.30066834
20261542913,20260514,Property Damage Only,-92.05983367,41.8231116
20261542913,20260514,Property Damage Only,-92.05983367,41.8231116
20261542915,20260517,Property Damage Only,-91.84366509,41.68736008
20261542915,20260517,Property Damage Only,-91.84366509,41.68736008
20261542939,20260516,Property Damage Only,-91.89821471,42.13827218
20261542939,20260516,Property Damage Only,-91.89821471,42.13827218
20261542948,20260515,Property Damage Only,-91.65456392,42.87392075
20261542948,20260515,Property Damage Only,-91.65456392,42.87392075
20261542949,20260509,Property Damage Only,-93.13748643,41.23872982
20261542949,20260509,Property Damage Only,-93.13748643,41.23872982
20261542952,20260509,Property Damage Only,-92.96736295,41.38003084
20261542952,20260509,Property Damage Only,-92.96736295,41.38003084
20261542953,20260512,Property Damage Only,-92.90257985,41.21904344
20261542953,20260512,Property Damage Only,-92.90257985,41.21904344
20261542955,20260515,Property Damage Only,-92.93613765,41.30606453
20261542955,20260515,Property Damage Only,-92.93613765,41.30606453
20261542957,20260514,Property Damage Only,-91.34420944,40.67034182
20261542957,20260514,Property Damage Only,-91.34420944,40.67034182
20261542962,20260513,Property Damage Only,-92.17506855,42.67988128
20261542962,20260513,Property Damage Only,-92.17506855,42.67988128
20261542963,20260514,Property Damage Only,-92.54579565,42.9007644
20261542963,20260514,Property Damage Only,-92.54579565,42.9007644
20261542964,20260514,Property Damage Only,-92.47668613,42.68753699
20261542964,20260514,Property Damage Only,-92.47668613,42.68753699
20261542965,20260515,Property Damage Only,-90.80865987,42.27232512
20261542965,20260515,Property Damage Only,-90.80865987,42.27232512
20261542966,20260510,Property Damage Only,-91.48045571,42.33964634
20261542966,20260510,Property Damage Only,-91.48045571,42.33964634
20261542970,20260516,Property Damage Only,-92.53440936,42.78762092
20261542970,20260516,Property Damage Only,-92.53440936,42.78762092
20261542983,20260517,Property Damage Only,-93.57811893,41.73991132
20261542983,20260517,Property Damage Only,-93.57811893,41.73991132
20261542997,20260515,Property Damage Only,-93.80018877,42.44901552
20261542997,20260515,Property Damage Only,-93.80018877,42.44901552
20261543003,20260518,Property Damage Only,-90.22607638,41.84457159
20261543003,20260518,Property Damage Only,-90.22607638,41.84457159
20261543035,20260519,Property Damage Only,-92.69336915,42.70057855
20261543035,20260519,Property Damage Only,-92.69336915,42.70057855
20261543054,20260519,Property Damage Only,-90.84497268,41.51762418
20261543054,20260519,Property Damage Only,-90.84497268,41.51762418
20261543055,20260518,Property Damage Only,-92.89931539,40.73935027
20261543055,20260518,Property Damage Only,-92.89931539,40.73935027
20261543061,20260518,Property Damage Only,-91.54966405,40.90626368
20261543061,20260518,Property Damage Only,-91.54966405,40.90626368
20261543063,20260517,Property Damage Only,-91.61903745,41.67244166
20261543063,20260517,Property Damage Only,-91.61903745,41.67244166
20261543073,20260519,Property Damage Only,-90.50748866,41.5948397
20261543073,20260519,Property Damage Only,-90.50748866,41.5948397
20261543074,20260513,Property Damage Only,-93.44452399,42.00600036
20261543074,20260513,Property Damage Only,-93.44452399,42.00600036
20261543076,20260515,Property Damage Only,-93.56781144,42.07176302
20261543076,20260515,Property Damage Only,-93.56781144,42.07176302
20261543082,20260513,Property Damage Only,-93.28651502,41.82609754
20261543082,20260513,Property Damage Only,-93.28651502,41.82609754
20261543101,20260105,Property Damage Only,-91.2700913,41.58305464
20261543101,20260105,Property Damage Only,-91.2700913,41.58305464
20261543105,20260520,Property Damage Only,-92.75570056,41.34966355
20261543105,20260520,Property Damage Only,-92.75570056,41.34966355
20261543108,20260517,Property Damage Only,-92.02400876,41.00960489
20261543108,20260517,Property Damage Only,-92.02400876,41.00960489
20261543116,20260505,Property Damage Only,-95.76646263,41.57524998
20261543116,20260505,Property Damage Only,-95.76646263,41.57524998
20261543118,20260517,Property Damage Only,-93.6487523,42.00504582
20261543118,20260517,Property Damage Only,-93.6487523,42.00504582
20261543133,20260515,Property Damage Only,-92.78696949,42.04951686
20261543133,20260515,Property Damage Only,-92.78696949,42.04951686
20261543134,20260517,Property Damage Only,-92.54491224,41.53923459
20261543134,20260517,Property Damage Only,-92.54491224,41.53923459
20261543142,20260429,Property Damage Only,-92.85418312,42.3542346
20261543142,20260429,Property Damage Only,-92.85418312,42.3542346
20261543155,20260517,Property Damage Only,-91.15855422,41.23269653
20261543155,20260517,Property Damage Only,-91.15855422,41.23269653
20261543156,20260519,Property Damage Only,-91.43929991,41.28919606
20261543156,20260519,Property Damage Only,-91.43929991,41.28919606
20261543157,20260520,Property Damage Only,-95.94227073,42.02754916
20261543157,20260520,Property Damage Only,-95.94227073,42.02754916
20261543159,20260519,Property Damage Only,-90.52880698,41.80755739
20261543159,20260519,Property Damage Only,-90.52880698,41.80755739
20261543166,20260519,Property Damage Only,-93.24910615,41.85237686
20261543166,20260519,Property Damage Only,-93.24910615,41.85237686
20261543176,20260520,Property Damage Only,-94.19802571,42.50177042
20261543176,20260520,Property Damage Only,-94.19802571,42.50177042
20261543186,20260518,Property Damage Only,-91.93901914,42.44680807
20261543186,20260518,Property Damage Only,-91.93901914,42.44680807
20261543192,20260519,Property Damage Only,-92.94363582,41.40747689
20261543192,20260519,Property Damage Only,-92.94363582,41.40747689
20261543195,20260519,Property Damage Only,-91.2522554,40.83287776
20261543195,20260519,Property Damage Only,-91.2522554,40.83287776
20261543217,20260519,Property Damage Only,-90.34913873,41.64715133
20261543217,20260519,Property Damage Only,-90.34913873,41.64715133
20261543225,20260517,Property Damage Only,-92.41668372,43.14144197
20261543225,20260517,Property Damage Only,-92.41668372,43.14144197
20261543232,20260520,Property Damage Only,-91.80519509,42.80470317
20261543232,20260520,Property Damage Only,-91.80519509,42.80470317
20261543233,20260515,Property Damage Only,-92.16199038,42.40625538
20261543233,20260515,Property Damage Only,-92.16199038,42.40625538
20261543237,20260513,Property Damage Only,-92.22906547,42.45032375
20261543237,20260513,Property Damage Only,-92.22906547,42.45032375
20261543238,20260515,Property Damage Only,-92.18425835,42.44992355
20261543238,20260515,Property Damage Only,-92.18425835,42.44992355
20261543244,20260515,Property Damage Only,-93.94681845,42.16314419
20261543244,20260515,Property Damage Only,-93.94681845,42.16314419
20261543245,20260516,Property Damage Only,-93.9310297,42.03479727
20261543245,20260516,Property Damage Only,-93.9310297,42.03479727
20261543257,20260520,Property Damage Only,-90.44952544,42.05515826
20261543257,20260520,Property Damage Only,-90.44952544,42.05515826
20261543258,20260520,Property Damage Only,-90.80519891,41.47613462
20261543258,20260520,Property Damage Only,-90.80519891,41.47613462
20261543259,20260520,Property Damage Only,-91.21895215,41.46289637
20261543259,20260520,Property Damage Only,-91.21895215,41.46289637
20261543263,20260520,Possible/Unknown Injury Crash,-93.67800254,41.97690223
20261543263,20260520,Possible/Unknown Injury Crash,-93.67800254,41.97690223
20261543266,20260521,Property Damage Only,-90.62101752,41.82563505
20261543266,20260521,Property Damage Only,-90.62101752,41.82563505
20261543269,20260517,Property Damage Only,-94.86782122,41.40945051
20261543269,20260517,Property Damage Only,-94.86782122,41.40945051
20261543279,20260517,Property Damage Only,-90.56902294,41.83970295
20261543279,20260517,Property Damage Only,-90.56902294,41.83970295
20261543281,20260520,Property Damage Only,-96.08563056,42.53391312
20261543281,20260520,Property Damage Only,-96.08563056,42.53391312
20261543283,20260515,Property Damage Only,-90.71304581,42.56091617
20261543283,20260515,Property Damage Only,-90.71304581,42.56091617
20261543284,20260519,Property Damage Only,-90.64575993,42.44408808
20261543284,20260519,Property Damage Only,-90.64575993,42.44408808
20261543285,20260519,Property Damage Only,-90.92476136,42.31819903
20261543285,20260519,Property Damage Only,-90.92476136,42.31819903
20261543286,20260520,Property Damage Only,-93.46727848,41.48901451
20261543286,20260520,Property Damage Only,-93.46727848,41.48901451
20261543293,20260517,Property Damage Only,-91.42745343,40.39306407
20261543293,20260517,Property Damage Only,-91.42745343,40.39306407
20261543301,20260517,Property Damage Only,-92.85916134,41.70852955
20261543301,20260517,Property Damage Only,-92.85916134,41.70852955
20261543311,20260514,Property Damage Only,-95.1616866,41.90694382
20261543311,20260514,Property Damage Only,-95.1616866,41.90694382
20261543313,20260520,Property Damage Only,-91.19692541,41.24749041
20261543313,20260520,Property Damage Only,-91.19692541,41.24749041
20261543320,20260520,Property Damage Only,-95.78219004,41.30063086
20261543320,20260520,Property Damage Only,-95.78219004,41.30063086
20261543324,20260517,Property Damage Only,-93.101688,41.3017136
20261543324,20260517,Property Damage Only,-93.101688,41.3017136
20261543328,20260520,Property Damage Only,-92.17766648,41.80735298
20261543328,20260520,Property Damage Only,-92.17766648,41.80735298
20261543334,20260516,Property Damage Only,-92.99643149,41.68252209
20261543334,20260516,Property Damage Only,-92.99643149,41.68252209
20261543335,20260516,Property Damage Only,-93.16678048,41.69558761
20261543335,20260516,Property Damage Only,-93.16678048,41.69558761
20261543336,20260517,Property Damage Only,-93.34171629,41.68112244
20261543336,20260517,Property Damage Only,-93.34171629,41.68112244
20261543357,20260521,Property Damage Only,-92.93496972,41.39938349
20261543357,20260521,Property Damage Only,-92.93496972,41.39938349
20261543363,20260517,Property Damage Only,-93.7285684,41.09702894
20261543363,20260517,Property Damage Only,-93.7285684,41.09702894
20261543364,20260517,Property Damage Only,-91.5547766,41.96067432
20261543364,20260517,Property Damage Only,-91.5547766,41.96067432
20261543387,20260510,Suspected Serious Injury Crash,-91.9781168,41.18561764
20261543387,20260510,Suspected Serious Injury Crash,-91.9781168,41.18561764
20261543396,20260517,Property Damage Only,-90.20274449,41.82916387
20261543401,20260425,Property Damage Only,-94.57549075,40.67572661
20261543427,20260521,Property Damage Only,-91.54459576,41.0991114
20261543433,20260515,Property Damage Only,-92.29260148,42.45931609
20261543437,20260521,Property Damage Only,-93.3693572,41.68018125
20261543446,20260522,Property Damage Only,-93.98929814,42.1663432
20261543448,20260522,Property Damage Only,-95.41082979,42.04807392
20261543454,20260511,Property Damage Only,-95.73251398,41.67394902
20261543461,20260520,Property Damage Only,-93.54218046,41.87776634
20261543464,20260522,Property Damage Only,-93.26159563,42.65831896
20261543470,20260521,Property Damage Only,-91.70608425,43.34296049
20261543474,20260521,Property Damage Only,-92.8305075,40.8260133
20261543475,20260522,Property Damage Only,-92.86095805,40.75406658
20261543495,20260521,Property Damage Only,-92.92995357,41.70273086
20261543533,20260521,Property Damage Only,-93.20088467,43.10451773
20261543548,20260522,Property Damage Only,-92.63880027,43.01635243
20261543551,20260522,Property Damage Only,-95.24812006,42.0336005
20261543554,20260522,Property Damage Only,-96.09361839,41.98439328
20261543565,20260522,Property Damage Only,-90.82976963,41.82777155
20261543569,20260523,Property Damage Only,-91.71077839,42.11483909
20261543574,20260522,Property Damage Only,-94.20693206,42.49214892
20261543578,20260521,Property Damage Only,-93.20432506,43.10431353
20261543579,20260517,Property Damage Only,-92.13330804,42.44972073
20261543582,20260519,Property Damage Only,-93.3440243,43.13367695
20261543608,20260523,Property Damage Only,-94.24793728,41.31578305
20261543651,20260521,Property Damage Only,-92.31873879,41.33638575
20261543655,20260522,Property Damage Only,-91.54034767,42.03555075
20261543666,20260521,Property Damage Only,-90.4371776,41.75144046
20261543667,20260522,Property Damage Only,-90.76547496,41.53047183
20261543670,20260522,Property Damage Only,-91.57952479,41.64412878
20261543675,20260522,Property Damage Only,-91.14282873,40.78817318
20261543688,20260524,Property Damage Only,-94.48243479,43.35178338
20261543694,20260523,Property Damage Only,-92.63111882,41.99557747
20261543695,20260524,Property Damage Only,-92.39625128,42.07674931
20261543696,20260524,Property Damage Only,-90.73907581,41.50897031
20261543710,20260524,Property Damage Only,-92.45575679,42.29107354
20261543715,20260524,Property Damage Only,-90.67678254,42.50375984
20261543741,20260522,Property Damage Only,-90.56913089,41.83462584
20261543766,20260519,Property Damage Only,-92.29818472,43.3790482
20261543776,20260522,Property Damage Only,-93.47070848,41.0807692
20261543777,20260523,Property Damage Only,-94.86661089,41.49746784
20261543783,20260524,Property Damage Only,-94.67841548,42.6910139
20261543786,20260523,Property Damage Only,-91.1764764,41.06196758
20261543787,20260523,Property Damage Only,-91.16648466,40.87424304
20261543788,20260524,Property Damage Only,-91.20760241,40.72671861
20261543791,20260525,Property Damage Only,-93.92810948,40.58370573
20261543798,20260524,Possible/Unknown Injury Crash,-91.47912781,41.86984854
20261543799,20260524,Property Damage Only,-92.57548785,42.97916026
20261543809,20260523,Property Damage Only,-92.52151059,42.4643368
20261543810,20260524,Property Damage Only,-92.07664328,42.35832742
20261543811,20260524,Property Damage Only,-92.08850943,42.6129353
20261543826,20260521,Property Damage Only,-90.52827118,41.59822471
20261543834,20260524,Property Damage Only,-94.50239005,41.64512266
20261543839,20260524,Property Damage Only,-95.71274086,41.34495311
20261543853,20260524,Property Damage Only,-95.17568278,42.47482326
20261543865,20260524,Property Damage Only,-92.64609316,42.46367244
20261543867,20260524,Property Damage Only,-91.3650097,40.90409936
20261543869,20260525,Suspected Minor Injury Crash,-91.76867908,41.93351862
20261543872,20260525,Property Damage Only,-93.72057769,42.02321597
20261543877,20260522,Property Damage Only,-91.10920937,42.82502264
20261543878,20260524,Property Damage Only,-91.53665146,41.68259053
20261543880,20260523,Property Damage Only,-92.18741795,42.43409563
20261543881,20260525,Property Damage Only,-93.66156334,41.6364471
20261543885,20260522,Property Damage Only,-90.28260321,41.80547879
20261543895,20260523,Property Damage Only,-91.56323191,41.62838934
20261543918,20260525,Property Damage Only,-91.80787463,41.96424831
20261543919,20260525,Property Damage Only,-96.14916861,42.04708857
20261543928,20260526,Property Damage Only,-91.70132091,42.07741942
20261543932,20260525,Property Damage Only,-92.60220281,42.46442911
20261543933,20260526,Property Damage Only,-92.55620891,42.96368839
20261543935,20260525,Property Damage Only,-91.34983713,41.39018913
20261543942,20260522,Property Damage Only,-91.3888225,42.72923439
20261543943,20260521,Property Damage Only,-90.69150697,42.44624374
20261543944,20260522,Property Damage Only,-90.77665088,42.54669764
20261543945,20260522,Property Damage Only,-90.70494955,42.55348704
20261543946,20260523,Property Damage Only,-90.7039536,42.45634566
20261543948,20260522,Property Damage Only,-90.6941159,42.38869811
20261543964,20260522,Property Damage Only,-91.6332476,42.46406659
20261543984,20260524,Property Damage Only,-96.26806496,42.2714875
20261543986,20260517,Property Damage Only,-91.15186661,41.64413542
20261543989,20260518,Property Damage Only,-90.59996695,41.59967259
20261543991,20260521,Property Damage Only,-91.37761872,42.06822852
20261543992,20260522,Property Damage Only,-91.30099084,41.66314453
20261543993,20260524,Property Damage Only,-90.93311469,41.63413125
20261543994,20260525,Property Damage Only,-94.76705136,41.49687035
20261543995,20260524,Property Damage Only,-95.70242613,40.62045086
20261543996,20260525,Property Damage Only,-95.68129897,41.37089938
20261543998,20260524,Property Damage Only,-91.48262892,41.29319826
20261544011,20260525,Property Damage Only,-93.77710036,41.63530975
20261544032,20260523,Property Damage Only,-91.19736988,41.20178536
20261544033,20260525,Property Damage Only,-91.44633049,41.28984063
20261544036,20260521,Property Damage Only,-94.98509206,41.15740457
20261544037,20260522,Property Damage Only,-91.67026374,42.99676149
20261544044,20260525,Property Damage Only,-91.40819663,40.623327
20261544045,20260526,Property Damage Only,-91.51251793,40.56583913
20261544049,20260524,Suspected Serious Injury Crash,-91.52827833,41.20211315
20261544050,20260524,Property Damage Only,-91.77472702,41.2295722
20261544055,20260524,Property Damage Only,-93.35464878,42.8094871
20261544064,20260516,Property Damage Only,-91.19741165,41.26018924
20261544065,20260521,Property Damage Only,-95.07125267,41.32498583
20261544069,20260526,Property Damage Only,-90.75846508,42.14854448
20261544076,20260516,Property Damage Only,-91.93666583,40.98576263
20261544085,20260513,Property Damage Only,-93.65424013,42.02090228
20261544096,20260525,Property Damage Only,-91.3863871,40.90576972
20261544106,20260526,Property Damage Only,-93.50913826,41.58125231
20261544120,20260518,Property Damage Only,-95.15321504,42.88608606
20261544121,20260523,Property Damage Only,-92.42167426,42.44167697
20261544128,20260526,Property Damage Only,-91.17706038,42.82280946
20261544129,20260521,Property Damage Only,-93.35641995,43.12977592
20261544142,20260522,Property Damage Only,-94.18980033,41.56404555
20261544166,20260526,Property Damage Only,-93.79373177,40.66322708
20261544167,20260527,Property Damage Only,-91.54484078,41.54879759
20261544172,20260526,Property Damage Only,-92.83835368,41.05693497
20261544176,20260526,Suspected Minor Injury Crash,-93.20311851,42.68192419
20261544191,20260526,Property Damage Only,-93.30198167,43.10520509
20261544192,20260527,Property Damage Only,-92.83029469,43.12645914
20261544204,20260525,Property Damage Only,-93.34962596,43.3911754
20261544209,20260527,Property Damage Only,-93.65384554,41.14126496
20261544210,20260523,Property Damage Only,-94.04452012,42.34007714
20261544214,20260526,Property Damage Only,-94.89577716,41.40356192
20261544226,20260524,Property Damage Only,-92.17674259,42.41652097
20261544228,20260525,Property Damage Only,-91.94712077,40.98465152
20261544250,20260426,Property Damage Only,-93.30739288,41.68178681
20261544256,20260516,Property Damage Only,-93.37153239,41.68027332
20261544279,20260514,Property Damage Only,-91.62043334,41.92651005
20261544291,20260527,Property Damage Only,-91.28483594,41.58254605
20261544339,20260527,Property Damage Only,-93.378984,43.18010346
20261544343,20260526,Property Damage Only,-95.66158687,41.39970043
20261544362,20260526,Property Damage Only,-93.90260388,40.61134834
20261544371,20260527,Property Damage Only,-96.43211691,42.8366507
20261544372,20260527,Property Damage Only,-91.11118556,40.8403911
20261544374,20260525,Property Damage Only,-91.20139905,43.10951178
20261544377,20260527,Property Damage Only,-90.59448729,42.13312738
20261544384,20260528,Property Damage Only,-93.70398685,41.65229989
20261544385,20260527,Property Damage Only,-92.33754243,42.54112339
20261544390,20260527,Property Damage Only,-93.32958665,41.43670757
20261544395,20260526,Property Damage Only,-91.08855923,41.42573901
20261544400,20260528,Property Damage Only,-92.14089968,43.14688042
20261544402,20260528,Property Damage Only,-94.98566803,40.86812912
20261544406,20260528,Property Damage Only,-90.68676957,42.4309202
20261544408,20260526,Property Damage Only,-93.50231592,42.00869817
20261544426,20260524,Property Damage Only,-92.48761139,41.0686557
20261544434,20260528,Property Damage Only,-93.56885175,42.47772997
20261544443,20260519,Property Damage Only,-92.62038882,41.01639989
20261544447,20260527,Property Damage Only,-91.00573602,42.47928656
20261544448,20260528,Property Damage Only,-90.63581831,42.43589567
20261544451,20260519,Property Damage Only,-91.58792677,41.64978057
20261544455,20260523,Property Damage Only,-91.7286735,42.13153823
20261544457,20260521,Property Damage Only,-92.47541398,42.68349668
20261544460,20260522,Property Damage Only,-92.21535584,42.77313664
20261544462,20260527,Property Damage Only,-92.4270416,42.77367098
20261544463,20260522,Property Damage Only,-91.03616003,41.60118197
20261544464,20260523,Property Damage Only,-91.23492694,41.66284223
20261544465,20260523,Property Damage Only,-91.31990558,41.78642649
20261544466,20260524,Property Damage Only,-91.33904078,41.91858666
20261544468,20260527,Property Damage Only,-91.16534112,41.88846371
20261544472,20260523,Property Damage Only,-92.74582955,41.69505827
20261544473,20260524,Property Damage Only,-91.88406141,41.6874082
20261544474,20260525,Property Damage Only,-91.66434034,41.83823338
20261544476,20260527,Property Damage Only,-94.07398625,42.44931664
20261544481,20260527,Property Damage Only,-91.8049456,42.79288567
20261544553,20260528,Property Damage Only,-92.33745482,42.55056092
20261544580,20260523,Property Damage Only,-91.2438239,43.01189365
20261544603,20260528,Property Damage Only,-91.52942695,42.21701166
20261544607,20260528,Possible/Unknown Injury Crash,-93.53533519,41.83298936
20261544611,20260529,Property Damage Only,-92.31724594,42.94041391
20261544614,20260528,Property Damage Only,-91.03869327,41.47778777
20261544620,20260527,Property Damage Only,-91.55675947,41.64407932
20261544623,20260529,Property Damage Only,-91.78641002,42.17533933
20261544625,20260528,Property Damage Only,-91.44433809,40.4748653
20261544626,20260528,Property Damage Only,-91.35644768,40.67061581
20261544639,20260528,Property Damage Only,-93.5704052,41.9779376
20261544640,20260528,Possible/Unknown Injury Crash,-93.57009259,42.16044712
20261544642,20260516,Property Damage Only,-92.93502246,42.0745453
20261544647,20260528,Property Damage Only,-91.65756644,43.2250457
20261544649,20260529,Property Damage Only,-90.51303155,41.59640082
20261544657,20260521,Property Damage Only,-93.23838059,42.44812047
20261544659,20260528,Property Damage Only,-92.41210027,41.04733339
20261544663,20260529,Property Damage Only,-95.76263975,41.31081997
20261544665,20260524,Property Damage Only,-93.8068052,42.43299269
20261544666,20260525,Property Damage Only,-93.79978295,42.42380184
20261544669,20260526,Property Damage Only,-92.72731384,41.7824114
20261544697,20260529,Property Damage Only,-91.15389144,40.75631866
20261544704,20260529,Property Damage Only,-91.78923834,42.21683357
20261544717,20260525,Property Damage Only,-93.07603492,41.96988144
20261544718,20260529,Property Damage Only,-92.13971164,41.79730255
20261544727,20260530,Property Damage Only,-90.5154943,41.69876475
20261544733,20260528,Possible/Unknown Injury Crash,-91.88416263,42.88767244
20261544753,20260529,Property Damage Only,-90.8017482,41.51301394
20261544756,20260529,Property Damage Only,-91.31114934,43.4765107
20261544761,20260517,Property Damage Only,-92.71100863,42.00157064
20261544763,20260530,Property Damage Only,-92.39563694,41.96427188
20261544767,20260530,Property Damage Only,-91.71631129,42.12358316
20261544768,20260529,Possible/Unknown Injury Crash,-91.69282778,42.05005183
20261544775,20260530,Property Damage Only,-92.32267322,41.96438698
20261544797,20260530,Property Damage Only,-90.57190159,41.87184323
20261544847,20260521,Property Damage Only,-90.19382477,42.05450921
20261544892,20260526,Property Damage Only,-91.17469593,41.00798419
20261544893,20260530,Property Damage Only,-91.16989688,40.94977289
20261544895,20260530,Property Damage Only,-92.6668666,40.72541851
20261544897,20260530,Property Damage Only,-92.86848239,40.8792218
20261544900,20260530,Property Damage Only,-91.4432483,42.0094893
20261544901,20260531,Property Damage Only,-92.80299754,41.05273621
20261544902,20260530,Property Damage Only,-90.23748969,41.84243334
20261544912,20260521,Property Damage Only,-92.90600931,41.30674648
20261544914,20260523,Property Damage Only,-93.25146288,41.16373563
20261544916,20260526,Property Damage Only,-93.30283168,41.42326077
20261544917,20260526,Property Damage Only,-93.06320023,41.28840966
20261544922,20260530,Property Damage Only,-90.86807524,41.51950503
20261544923,20260531,Property Damage Only,-91.33297592,41.58720831
20261544941,20260530,Property Damage Only,-93.88408835,40.62988726
20261544945,20260528,Property Damage Only,-92.19405603,42.4492724
20261544948,20260531,Property Damage Only,-95.39420894,40.9664655
20261544961,20260528,Property Damage Only,-93.4453474,43.13497534
20261544972,20260531,Property Damage Only,-92.58394529,43.06715252
20261544983,20260526,Property Damage Only,-91.62227758,40.87375239
20261544984,20260529,Property Damage Only,-93.8137477,41.63659637
20261544988,20260531,Property Damage Only,-92.49565088,43.44765866
20261544996,20260523,Property Damage Only,-92.46394567,42.53783989
20261545015,20260531,Property Damage Only,-92.52356717,40.63337865
20261545020,20260531,Property Damage Only,-91.18533136,41.37646189
20261545022,20260531,Property Damage Only,-93.70342634,41.58638874
20261545023,20260514,Property Damage Only,-96.58161396,43.44779422
20261545027,20260531,Property Damage Only,-91.40561007,40.90672175
20261545031,20260531,Property Damage Only,-95.19466743,41.14533208
20261545033,20260531,Property Damage Only,-92.71196379,41.01447611
20261545045,20260527,Property Damage Only,-90.65542989,41.99555642
20261545049,20260531,Property Damage Only,-93.60228684,41.7767969
20261545051,20260530,Property Damage Only,-92.92098613,40.81233671
20261545063,20260531,Property Damage Only,-91.2756219,40.65167263
20261545065,20260529,Property Damage Only,-91.98236465,43.30248612
20261545067,20260531,Property Damage Only,-91.17525424,40.81847968
20261545075,20260530,Suspected Minor Injury Crash,-93.46291864,41.98644628
20261545076,20260531,Property Damage Only,-93.57025527,41.97330892
20261545086,20260530,Property Damage Only,-94.64922602,41.49307238
20261545102,20260601,Property Damage Only,-96.43227235,42.49166479
20261545104,20260526,Possible/Unknown Injury Crash,-94.56666168,42.44975562
20261545118,20260523,Property Damage Only,-91.9173139,41.96299095
20261545119,20260525,Property Damage Only,-91.8687591,42.22806557
20261545123,20260527,Property Damage Only,-92.2013601,42.21072585
20261545124,20260527,Property Damage Only,-91.8687591,42.22806557
20261545125,20260528,Property Damage Only,-91.87267525,41.96373212
20261545126,20260529,Property Damage Only,-92.12405312,41.96313339
20261545128,20260601,Property Damage Only,-91.08957766,42.74583058
20261545129,20260530,Property Damage Only,-93.77704711,42.44899463
20261545132,20260529,Property Damage Only,-91.39156597,42.47025009
20261545133,20260530,Property Damage Only,-91.40199922,42.47087336
20261545136,20260529,Property Damage Only,-93.74282379,42.44868118
20261545137,20260531,Property Damage Only,-93.59078609,42.31050363
20261545140,20260525,Property Damage Only,-92.43351737,42.53740532
20261545143,20260531,Property Damage Only,-93.45525845,42.00586822
20261545146,20260511,Property Damage Only,-92.24547306,41.00117832
20261545149,20260527,Property Damage Only,-92.42433589,42.54928321
20261545160,20260529,Property Damage Only,-92.76374596,41.69551983
20261545163,20260530,Property Damage Only,-91.55021582,41.60762705
20261545165,20260531,Property Damage Only,-90.99687965,41.64288911
20261545173,20260525,Property Damage Only,-91.64712645,41.92692679
20261545212,20260531,Property Damage Only,-93.85500024,41.57010322
20261545216,20260531,Property Damage Only,-96.08538804,42.96828499
20261545217,20260530,Property Damage Only,-92.47995973,42.69313534
20261545219,20260525,Property Damage Only,-91.64726885,42.46533165
20261545220,20260531,Property Damage Only,-91.91950598,42.44659876
20261545226,20260531,Property Damage Only,-93.95172217,41.54320434
20261545230,20260531,Property Damage Only,-92.33781064,42.64701373
20261545231,20260527,Property Damage Only,-91.28520429,40.69775685
20261545233,20260526,Suspected Serious Injury Crash,-94.41990793,42.51688685
20261545236,20260601,Property Damage Only,-92.39137593,40.73216819
20261545253,20260601,Property Damage Only,-93.77988572,41.32861667
20261545256,20260601,Property Damage Only,-91.82711036,42.19924183
20261545259,20260531,Property Damage Only,-95.3836421,41.23267061
20261545273,20260525,Property Damage Only,-92.25371477,42.45753849
20261545274,20260526,Property Damage Only,-92.2826634,42.46049714
20261545286,20260601,Property Damage Only,-91.68074358,42.09500812
20261545295,20260601,Property Damage Only,-91.55321539,41.9640771
20261545301,20260601,Property Damage Only,-92.25504433,43.05909961
20261545307,20260601,Property Damage Only,-91.55850967,41.68566794
20261545321,20260601,Property Damage Only,-93.69316668,41.4975129
20261545329,20260601,Property Damage Only,-93.57674473,41.72341733
20261545339,20260601,Property Damage Only,-91.27784423,41.48126694
20261545341,20260601,Property Damage Only,-91.02423487,42.30405279
20261545360,20260601,Property Damage Only,-94.56081444,41.77605851
20261545376,20260531,Property Damage Only,-93.56833811,42.06711305
20261545377,20260602,Property Damage Only,-93.65567497,42.03006278
20261545378,20260602,Property Damage Only,-93.55294886,42.12117305
20261545380,20260602,Property Damage Only,-91.13911127,42.51494073
20261545382,20260602,Property Damage Only,-92.34473636,41.91106926
20261545388,20260529,Property Damage Only,-92.99100329,42.00736507
20261545393,20260530,Property Damage Only,-91.2496713,41.62621225
20261545394,20260602,Property Damage Only,-94.46274269,41.49584794
20261545398,20260530,Property Damage Only,-91.19754195,41.20333732
20261545403,20260602,Property Damage Only,-90.43250235,41.67741421
20261545405,20260601,Property Damage Only,-91.86869949,42.22801095
20261545424,20260602,Property Damage Only,-91.18255876,41.41460798
20261545426,20260525,Property Damage Only,-91.96520107,42.30171858
20261545427,20260525,Property Damage Only,-91.89008956,42.44944268
20261545430,20260602,Property Damage Only,-91.65885763,42.46889003
20261545431,20260602,Suspected Minor Injury Crash,-93.31445161,41.60149541
20261545440,20260601,Property Damage Only,-91.67101229,41.92722379
20261545445,20260601,Property Damage Only,-93.91126183,41.81338301
20261545451,20260531,Property Damage Only,-91.64584278,43.00885687
20261545452,20260521,Property Damage Only,-93.06330741,41.48537947
20261545485,20260602,Suspected Minor Injury Crash,-92.63340649,43.04424187
20261545494,20260531,Property Damage Only,-92.50941804,42.59218614
20261545516,20260602,Property Damage Only,-96.30653255,42.59066933
20261545522,20260602,Property Damage Only,-91.19902279,41.21370089
20261545523,20260602,Property Damage Only,-92.64277553,42.95082576
20261545528,20260524,Property Damage Only,-93.34327869,43.07287799
20261545529,20260602,Property Damage Only,-93.34741618,43.10296902
20261545531,20260531,Property Damage Only,-92.67927685,40.72777788
20261545534,20260602,Property Damage Only,-93.83380422,41.55872963
20261545539,20260602,Property Damage Only,-91.61899964,42.06770406
20261545545,20260602,Property Damage Only,-91.36090707,40.66147284
20261545546,20260602,Property Damage Only,-91.45944688,40.52552435
20261545551,20260603,Property Damage Only,-90.69492893,42.41758566
20261545572,20260601,Property Damage Only,-93.66119601,42.00677613
20261545576,20260603,Property Damage Only,-91.3645187,42.46908376
20261545584,20260602,Property Damage Only,-91.29942041,42.41906458
20261545589,20260603,Property Damage Only,-92.16879498,41.12661887
20261545591,20260602,Property Damage Only,-91.55019185,41.38956488
20261545609,20260602,Property Damage Only,-92.33703492,42.77733678
20261545610,20260602,Property Damage Only,-95.66584075,40.61332124
20261545615,20260531,Suspected Serious Injury Crash,-92.98917642,41.09292718
20261545665,20260603,Property Damage Only,-90.53923432,41.7942723
20261545673,20260603,Property Damage Only,-90.58410083,42.0364579
20261545677,20260603,Property Damage Only,-90.85735947,42.15689198
20261545683,20260601,Property Damage Only,-91.59816632,42.01526882
20261545687,20260602,Property Damage Only,-93.47307995,41.64404267
20261545691,20260603,Property Damage Only,-93.05490322,42.73851988
20261545692,20260603,Property Damage Only,-95.83141291,42.14321329
20261545698,20260604,Property Damage Only,-92.55209793,41.67219188
20261545702,20260603,Property Damage Only,-95.20405862,42.60446954
20261545703,20260603,Property Damage Only,-90.70878685,42.53116798
20261545707,20260603,Property Damage Only,-91.42609878,40.54358716
20261545708,20260604,Property Damage Only,-95.61794938,41.8657066
20261545710,20260602,Property Damage Only,-90.68972324,42.44118282
20261545712,20260604,Property Damage Only,-90.77365784,42.38330095
20261545721,20260603,Property Damage Only,-94.93056251,42.45391959
20261545722,20260523,Property Damage Only,-93.16351751,41.91094002
20261545723,20260530,Property Damage Only,-92.83451977,42.02180989
20261545724,20260531,Property Damage Only,-92.85163383,42.0069363
20261545742,20260603,Property Damage Only,-91.35358189,41.33086736
20261545744,20260528,Property Damage Only,-91.23253535,41.73529091
20261545745,20260530,Property Damage Only,-91.1032686,41.62259218
20261545746,20260603,Property Damage Only,-92.2019443,42.32298273
20261545747,20260604,Property Damage Only,-92.35788165,41.63580077
20261545749,20260603,Property Damage Only,-91.51348195,41.64104179
20261545769,20260603,Property Damage Only,-93.99579344,41.68827793
20261545772,20260508,Property Damage Only,-93.07979532,42.36076593
20261545782,20260528,Property Damage Only,-96.0961208,43.47081836
20261545785,20260503,Property Damage Only,-90.39658995,41.59618102
20261545794,20260603,Property Damage Only,-94.37038726,42.40874592
20261545838,20260604,Property Damage Only,-91.16135277,41.64623304
20261545849,20260604,Property Damage Only,-95.85222935,41.28597334
20261545854,20260603,Suspected Serious Injury Crash,-91.58613481,40.84953368
20261545862,20260603,Property Damage Only,-90.75863596,42.50047385
20261545866,20260604,Property Damage Only,-91.54653427,41.94636712
20261545881,20260605,Property Damage Only,-96.26609649,42.2690583
20261545887,20260604,Possible/Unknown Injury Crash,-93.3563394,43.12648939
20261545902,20260530,Property Damage Only,-92.36078769,41.00601922
20261545909,20260604,Property Damage Only,-92.75550052,41.20482682
20261545914,20260604,Property Damage Only,-92.26628154,40.91746435
20261545936,20260604,Property Damage Only,-95.53270001,42.33949502
20261545940,20260525,Property Damage Only,-91.24581938,40.83228462
20261545941,20260604,Property Damage Only,-91.21248874,40.8669034
20261545949,20260605,Property Damage Only,-95.80869114,40.77606883
20261545955,20260605,Property Damage Only,-91.51092337,43.4104232
20261545998,20260607,Property Damage Only,-91.82103453,42.19573918
20261546023,20260605,Property Damage Only,-91.08624669,40.87649727
20261546031,20260606,Property Damage Only,-93.73106904,41.53754102
20261546033,20260606,Property Damage Only,-92.46571491,42.20640769
20261546034,20260604,Property Damage Only,-91.1847705,41.37856971
20261546036,20260605,Property Damage Only,-93.61504721,41.62225788
20261546045,20260606,Property Damage Only,-90.80211882,41.51303904
20261546049,20260530,Property Damage Only,-92.33760191,42.63334201
20261546058,20260605,Property Damage Only,-92.21895463,42.5416913
20261546059,20260606,Property Damage Only,-94.32863286,40.72720659
20261546067,20260605,Property Damage Only,-90.46485536,41.59714019
20261546068,20260604,Property Damage Only,-90.58332712,41.57453834
20261546069,20260603,Property Damage Only,-92.40602633,42.71505547
20261546082,20260114,Property Damage Only,-91.23935264,40.7265228
20261546084,20260408,Property Damage Only,-91.45062067,40.70133911
20261546085,20260521,Property Damage Only,-91.56392895,40.68051801
20261546088,20260604,Property Damage Only,-91.56460958,40.78821086
20261546106,20260606,Property Damage Only,-90.74510557,41.50923285
20261546130,20260606,Property Damage Only,-95.21664616,41.90715643
20261546133,20260605,Property Damage Only,-93.0185544,40.89188905
20261546134,20260606,Property Damage Only,-94.91452479,43.44794042
20261546140,20260606,Property Damage Only,-96.51319487,43.39026234
20261546141,20260607,Property Damage Only,-93.3490125,43.4413229
20261546142,20260607,Property Damage Only,-94.77814602,43.27421783
20261546145,20260530,Property Damage Only,-93.57553617,41.65665374
20261546158,20260606,Property Damage Only,-91.70264524,42.10201256
20261546162,20260605,Property Damage Only,-92.64368896,41.99751758
20261546163,20260605,Property Damage Only,-91.55856884,40.62005922
20261546197,20260530,Property Damage Only,-90.60047194,41.56888136
20261546221,20260607,Property Damage Only,-90.56805424,41.76635509
20261546232,20260604,Property Damage Only,-91.63568889,41.68942937
20261546236,20260607,Property Damage Only,-93.90853766,40.60521195
20261546243,20260607,Property Damage Only,-93.13553352,40.79978932
20261546248,20260602,Property Damage Only,-92.07007416,42.35584271
20261546255,20260606,Property Damage Only,-91.63813118,41.78944265
20261546256,20260607,Property Damage Only,-92.35129814,40.7227071
20261546259,20260607,Property Damage Only,-92.14502195,43.0698838
20261546263,20260607,Property Damage Only,-93.76563482,41.52261614
20261546266,20260604,Property Damage Only,-93.36662803,43.14478178
20261546273,20260527,Property Damage Only,-92.33730971,42.58614168
20261546277,20260606,Property Damage Only,-91.1293684,40.80030545
20261546287,20260605,Property Damage Only,-91.39414988,40.62437564
20261546288,20260606,Property Damage Only,-91.37316191,40.62399175
20261546289,20260607,Property Damage Only,-96.28403294,42.28804997
20261546294,20260605,Property Damage Only,-93.56735968,42.00742239
20261546296,20260607,Property Damage Only,-91.3905165,40.62896431
20261546304,20260607,Property Damage Only,-91.44398423,40.49427389
20261546310,20260607,Property Damage Only,-91.54413964,41.05828268
20261546325,20260605,Property Damage Only,-91.28105252,40.67049057
20261546327,20260608,Property Damage Only,-92.37550342,41.0141892
20261546336,20260606,Property Damage Only,-91.17082993,42.47123464
20261546345,20260607,Property Damage Only,-92.09292551,41.58779063
20261546351,20260605,Property Damage Only,-93.70954788,41.59323265
20261546353,20260602,Property Damage Only,-93.15107049,41.68404415
20261546359,20260607,Property Damage Only,-91.11855756,42.46887531
20261546366,20260522,Property Damage Only,-92.04260716,43.04167982
20261546393,20260607,Property Damage Only,-94.85512223,42.47677904
20261546395,20260606,Property Damage Only,-91.04943785,42.45728212
20261546397,20260607,Property Damage Only,-90.8943229,42.32489339
20261546400,20260607,Property Damage Only,-93.85352459,41.7547053
20261546407,20260607,Property Damage Only,-96.50315787,43.39026449
20261546410,20260602,Property Damage Only,-93.01086179,41.6828639
20261546413,20260604,Property Damage Only,-91.58600618,40.98706582
20261546419,20260603,Suspected Serious Injury Crash,-92.09871175,40.75076622
20261546424,20260602,Property Damage Only,-93.15178117,41.18124143
20261546427,20260607,Property Damage Only,-90.68016952,42.29233762
20261546428,20260606,Property Damage Only,-95.67551618,40.68332717
20261546449,20260605,Possible/Unknown Injury Crash,-91.2817859,43.15440179
20261546456,20260608,Property Damage Only,-90.67127427,42.20616325
20261546494,20260608,Property Damage Only,-91.54904087,41.02152974
20261546516,20260522,Property Damage Only,-91.43644099,41.9150911
20261546522,20260607,Property Damage Only,-94.06224869,42.44915585
20261546523,20260609,Property Damage Only,-95.7764555,41.28060409
20261546526,20260607,Property Damage Only,-93.57060965,42.26907836
20261546527,20260608,Property Damage Only,-91.24955584,41.68900526
20261546542,20260608,Property Damage Only,-92.07374943,43.29920166
20261546552,20260607,Property Damage Only,-96.26428739,42.6888868
20261546553,20260609,Property Damage Only,-92.67452149,41.29223658
20261546556,20260608,Possible/Unknown Injury Crash,-93.57093439,41.90605241
20261546564,20260531,Property Damage Only,-93.21405737,41.69909411
20261546566,20260602,Property Damage Only,-92.78005459,41.6953
20261546568,20260606,Property Damage Only,-95.67058862,41.38146994
20261546569,20260606,Property Damage Only,-91.22640922,41.66160325
20261546570,20260607,Property Damage Only,-95.40769918,41.49759569
20261546574,20260609,Property Damage Only,-92.98969104,41.68207132
20261546580,20260606,Property Damage Only,-95.25543982,41.49733346
20261546585,20260606,Property Damage Only,-92.33727938,42.87011102
20261546587,20260607,Property Damage Only,-92.43348075,41.03504532
20261546594,20260606,Property Damage Only,-93.40401814,41.67993854
20261546603,20260604,Property Damage Only,-91.75083857,42.4140307
20261546616,20260605,Property Damage Only,-93.75042172,41.08888958
20261546617,20260605,Property Damage Only,-93.78745575,41.15014861
20261546638,20260508,Property Damage Only,-91.62198128,40.90862795
20261546641,20260601,Property Damage Only,-91.35332382,40.89514139
20261546702,20260609,Property Damage Only,-94.07325721,42.44863903
20261546707,20260609,Property Damage Only,-92.29379733,42.50872953
20261546718,20260610,Property Damage Only,-91.52944262,42.21581406
20261546719,20260610,Property Damage Only,-93.22317561,41.04375241
20261546721,20260610,Property Damage Only,-92.06585552,41.6163427
20261546723,20260609,Property Damage Only,-94.10366722,41.28420825
20261546733,20260610,Property Damage Only,-91.27197445,42.63815347
20261546736,20260610,Property Damage Only,-92.66300947,41.27573725
20261546738,20260610,Property Damage Only,-93.83535724,42.46917188
20261546739,20260610,Property Damage Only,-91.34976334,41.39405214
20261546749,20260609,Property Damage Only,-90.87294633,42.33189225
20261546755,20260610,Property Damage Only,-92.94732599,41.32697716
20261546756,20260610,Property Damage Only,-93.13318895,41.31440041
20261546758,20260608,Property Damage Only,-91.23369302,40.710393
20261546759,20260610,Property Damage Only,-91.45386263,40.80159811
20261546760,20260610,Property Damage Only,-91.20136083,42.20473454
20261546763,20260608,Property Damage Only,-91.29159835,40.64713584
20261546769,20260531,Property Damage Only,-95.38887301,41.4977543
20261546772,20260602,Property Damage Only,-92.21908725,42.59356504
20261546773,20260607,Possible/Unknown Injury Crash,-92.44933708,42.63007916
20261546787,20260608,Property Damage Only,-91.55667936,40.64137647
20261546825,20260514,Property Damage Only,-93.25383706,41.84843949
20261546832,20260522,Property Damage Only,-93.58620813,41.65078118
20261546844,20260601,Property Damage Only,-93.26848764,41.68743269
20261546846,20260603,Property Damage Only,-93.5706573,41.77865167
20261546850,20260608,Property Damage Only,-93.57609223,41.66379362
20261546853,20260610,Possible/Unknown Injury Crash,-93.50261904,41.78284248
20261546854,20260610,Property Damage Only,-90.18725287,42.026008
20261546865,20260518,Property Damage Only,-90.79324464,42.1423206
20261546877,20260528,Property Damage Only,-91.26958878,43.44328515
20261546878,20260610,Property Damage Only,-92.06321078,41.90609134
20261546880,20260608,Property Damage Only,-93.37969231,42.77459191
20261546908,20260610,Property Damage Only,-95.6968711,42.80576895
20261546920,20260609,Property Damage Only,-91.54456419,41.07572701
20261546921,20260527,Property Damage Only,-91.18928186,43.05819221
20261546949,20260609,Property Damage Only,-93.54115151,41.95145548
20261546963,20260605,Property Damage Only,-92.40996358,41.08803894
20261546970,20260520,Property Damage Only,-93.28922697,41.6846532
20261546974,20260606,Property Damage Only,-93.57119832,41.84635395
20261546977,20260610,Property Damage Only,-91.23398884,40.71039753
20261546978,20260610,Property Damage Only,-91.48874523,40.5503423
20261546979,20260611,Property Damage Only,-91.60420456,40.59042357
20261546980,20260609,Property Damage Only,-93.08695039,41.70668245
20261546981,20260609,Property Damage Only,-95.16097618,42.90915406
20261546983,20260610,Property Damage Only,-95.58702425,40.68699367
20261546985,20260610,Possible/Unknown Injury Crash,-92.67150499,41.28406698
20261546988,20260611,Property Damage Only,-91.07537227,42.59308074
20261547060,20260611,Property Damage Only,-90.92663951,41.43315664
20261547065,20260606,Property Damage Only,-90.45551395,42.30367191
20261547088,20260610,Property Damage Only,-94.45771221,42.44744688
20261547099,20260610,Property Damage Only,-95.81699165,41.49299456
20261547100,20260610,Property Damage Only,-95.61381398,41.43937972
20261547107,20260611,Property Damage Only,-90.83712749,42.44053925
20261547120,20260611,Property Damage Only,-93.1714337,41.32402411
20261547121,20260610,Property Damage Only,-92.66296387,41.29620277
20261547126,20260611,Possible/Unknown Injury Crash,-93.54537273,41.51199991
20261547127,20260611,Property Damage Only,-92.92235224,42.0357731
20261547129,20260611,Property Damage Only,-93.50102853,42.74579422
20261547130,20260612,Property Damage Only,-92.80999636,43.00352721
20261547134,20260611,Property Damage Only,-93.69520762,41.51358773
20261547138,20260611,Property Damage Only,-94.34436959,42.62455886
20261547146,20260612,Property Damage Only,-95.78668997,42.25531739
20261547156,20260611,Property Damage Only,-94.98481663,41.15894055
20261547159,20260610,Property Damage Only,-95.08374552,43.43057439
20261547169,20260608,Possible/Unknown Injury Crash,-92.90355759,41.38965124
20261547179,20260522,Property Damage Only,-93.39512751,42.31046213
20261547181,20260602,Property Damage Only,-93.22306475,42.3607028
20261547182,20260604,Property Damage Only,-93.32556825,42.3089155
20261547183,20260607,Property Damage Only,-93.27663724,42.44812458
20261547184,20260608,Property Damage Only,-93.04635258,42.51008549
20261547211,20260610,Property Damage Only,-94.0283035,41.85215972
20261547251,20260603,Property Damage Only,0,0
20261547263,20260612,Property Damage Only,-91.7011418,42.08382988
20261547276,20260612,Property Damage Only,-92.74615579,42.5703688
20261547277,20260613,Property Damage Only,-92.73233612,42.9854338
20261547312,20260613,Property Damage Only,-93.61646478,42.91537752
20261547324,20260613,Property Damage Only,-91.25947419,42.12765744
20261547332,20260612,Property Damage Only,-93.77905902,41.27323418
20261547335,20260612,Property Damage Only,-93.34860158,43.34599395
20261547336,20260612,Property Damage Only,-93.98120442,42.10711512
20261547359,20260610,Property Damage Only,-92.25623491,42.39871017
20261547362,20260613,Suspected Serious Injury Crash,-93.23721628,43.16275475
20261547369,20260614,Property Damage Only,-91.0884521,42.70491955
20261547372,20260613,Property Damage Only,-91.12100687,40.8172754
20261547374,20260613,Property Damage Only,-93.73273391,41.56076922
20261547383,20260614,Property Damage Only,-91.43913599,42.05072718
20261547385,20260613,Property Damage Only,-90.95689642,41.46324053
20261547392,20260613,Property Damage Only,-93.32035539,43.13361059
20261547425,20260610,Property Damage Only,-92.64662956,42.46345795
20261547428,20260614,Property Damage Only,-90.6300157,41.94807757
20261547436,20260614,Property Damage Only,-91.04409194,41.04796923
20261547440,20260613,Property Damage Only,-92.68841299,41.99977325
20261547449,20260613,Property Damage Only,-93.34899805,43.3441288
20261547453,20260614,Property Damage Only,-93.76503248,41.04796915
20261547455,20260614,Property Damage Only,-91.50608141,40.95409773
20261547459,20260613,Property Damage Only,-91.4143756,42.90299353
20261547461,20260613,Property Damage Only,-91.06636515,41.45259588
20261547462,20260614,Property Damage Only,-96.10497107,42.87619084
20261547479,20260610,Property Damage Only,-95.36679341,42.00687979
20261547484,20260615,Property Damage Only,-92.20446921,41.27380612
20261547492,20260615,Property Damage Only,-91.48814054,42.87087115
20261547502,20260614,Property Damage Only,-92.31760986,43.10475751
20261547515,20260611,Property Damage Only,-90.90735127,42.32213314
20261547516,20260612,Property Damage Only,-90.81255437,42.40108834
20261547519,20260614,Property Damage Only,-90.69412925,42.38932876
20261547520,20260615,Property Damage Only,-91.00985297,42.43843737
20261547542,20260612,Property Damage Only,-93.55809777,41.4699553
20261547543,20260613,Property Damage Only,-93.55856911,41.44673177
20261547547,20260611,Property Damage Only,-93.56961429,42.3187703
20261547550,20260613,Property Damage Only,-95.79998405,40.71289812
20261547552,20260614,Property Damage Only,-94.31784848,41.35827531
20261547554,20260602,Property Damage Only,-91.84514685,42.15525842
20261547555,20260603,Property Damage Only,-92.00309363,42.18519948
20261547558,20260607,Property Damage Only,-92.25347052,41.96381373
20261547559,20260610,Property Damage Only,-91.85334518,41.9642792
20261547563,20260614,Property Damage Only,-91.94999743,41.96343865
20261547568,20260613,Property Damage Only,-92.65618249,41.35022898
20261547569,20260613,Property Damage Only,-92.67682054,41.30797059
20261547575,20260614,Property Damage Only,-93.85825181,41.77456638
20261547579,20260613,Property Damage Only,-95.63862536,41.42225926
20261547580,20260614,Property Damage Only,-95.82103382,41.13154343
20261547592,20260615,Property Damage Only,-95.36130906,42.04400673
20261547627,20260614,Property Damage Only,-95.84052293,41.4942256
20261547628,20260615,Property Damage Only,-93.3563173,43.17561086
20261547639,20260614,Property Damage Only,-93.78705763,41.19755065
20261547640,20260614,Property Damage Only,-92.72418534,42.46296836
20261547643,20260612,Property Damage Only,-95.05853285,41.9065616
20261547650,20260615,Property Damage Only,-91.35380389,42.96095852
20261547667,20260611,Property Damage Only,-93.97938809,41.38053348
20261547668,20260615,Property Damage Only,-96.47850843,43.34656729
20261547694,20260615,Property Damage Only,-91.45363552,41.94806233
20261547696,20260615,Property Damage Only,-90.84036424,41.72781239
20261547697,20260614,Property Damage Only,-92.10512132,42.44961219
20261547698,20260615,Property Damage Only,-94.23222582,42.47205814
20261547711,20260616,Property Damage Only,-90.63263158,41.95008585
20261547717,20260616,Property Damage Only,-93.90376743,41.35616544
20261547722,20260607,Property Damage Only,-94.02776758,42.145912
20261547734,20260609,Property Damage Only,-91.54045182,40.92510017
20261547737,20260616,Property Damage Only,-93.57086756,42.21296818
20261547739,20260615,Property Damage Only,-92.67910736,41.30936418
20261547768,20260611,Property Damage Only,-92.92923261,41.68064488
20261547801,20260613,Property Damage Only,-93.5747469,41.89961157
20261547821,20260529,Property Damage Only,-92.843308,42.18110225
20261547822,20260531,Property Damage Only,-92.86279859,41.9701759
20261547825,20260608,Suspected Minor Injury Crash,-93.04859221,41.98874736
20261547826,20260609,Property Damage Only,-92.91695452,41.93150785
20261547828,20260615,Property Damage Only,-92.97470155,42.00480475
20261547830,20260612,Property Damage Only,-92.7660952,41.45119181
20261547834,20260616,Property Damage Only,-96.35215185,42.44382954
20261547847,20260616,Property Damage Only,-91.3505167,42.77484956
20261547850,20260527,Property Damage Only,-91.1946652,40.83243205
20261547872,20260616,Property Damage Only,-91.20094584,41.31187385
20261547880,20260616,Property Damage Only,-92.7302142,43.11429044
20261547885,20260616,Property Damage Only,-91.43486728,41.14770093
20261547890,20260616,Property Damage Only,-94.31783216,41.36872404
20261547902,20260616,Property Damage Only,-93.2016957,42.99207074
20261547919,20260615,Property Damage Only,-93.6588635,42.05806385
20261547923,20260617,Property Damage Only,-90.35484059,41.78399388
20261547925,20260617,Property Damage Only,-96.26727669,42.27078059
20261547929,20260610,Property Damage Only,-94.74864264,42.06380693
20261547930,20260612,Property Damage Only,-96.10192437,41.85409552
20261547958,20260616,Property Damage Only,-92.77015159,42.49920143
20261547961,20260612,Property Damage Only,-95.97139347,43.01096737
20261547973,20260607,Property Damage Only,-92.05556165,42.4491605
20261547976,20260611,Property Damage Only,-91.88932379,42.3681483
20261547977,20260611,Property Damage Only,-92.05046555,42.34848619
20261547978,20260614,Property Damage Only,-91.72009111,42.46116992
20261547986,20260615,Property Damage Only,-95.89877996,41.49408581
20261547987,20260615,Property Damage Only,-96.04208463,41.69285869
20261547993,20260616,Property Damage Only,-93.78050231,41.49614272
20261548005,20260617,Property Damage Only,-91.8162862,41.89116597
20261548013,20260613,Property Damage Only,-91.35057498,41.86729926
20261548031,20260616,Property Damage Only,-91.34674543,40.8270015
20261548044,20260611,Property Damage Only,-92.48642535,42.54235567
20261548055,20260617,Property Damage Only,-91.39336043,41.94907181
20261548070,20260616,Property Damage Only,-91.32011096,41.23496939
20261548071,20260618,Property Damage Only,-93.14458388,42.55754541
20261548081,20260617,Property Damage Only,-91.4948318,42.04658087
20261548090,20260617,Property Damage Only,-91.10314366,41.5042954
20261548093,20260615,Property Damage Only,-91.66559534,42.79089617
20261548098,20260617,Property Damage Only,-92.06391272,43.35693046
20261548105,20260615,Property Damage Only,-93.26015095,42.44890167
20261548106,20260617,Property Damage Only,-93.30039797,41.6011727
20261548108,20260617,Property Damage Only,-92.84760343,41.38969883
20261548110,20260617,Possible/Unknown Injury Crash,-96.34137361,42.51861219
20261548122,20260618,Suspected Minor Injury Crash,-94.18980718,41.56049667
20261548137,20260618,Property Damage Only,-90.66798394,42.47755593
20261548145,20260604,Property Damage Only,-96.03396385,42.95305703
20261548155,20260615,Property Damage Only,-93.78003059,41.48178817
20261548156,20260615,Property Damage Only,-93.78003059,41.48178817
20261548174,20260617,Property Damage Only,-91.78155722,42.46827901
20261548175,20260618,Property Damage Only,-93.63988019,42.27941214
20261548191,20260618,Property Damage Only,-95.79918674,40.90784592
20261548201,20260612,Property Damage Only,-94.23357434,43.06689696
20261548203,20260618,Property Damage Only,-94.9338588,42.95336106
20261548212,20260522,Property Damage Only,-93.51785957,41.87768043
20261548242,20260618,Property Damage Only,-91.79747771,41.96395974
20261548248,20260617,Property Damage Only,-93.67824561,41.74790255
20261548251,20260618,Property Damage Only,-93.50689473,42.60781205
20261548260,20260619,Property Damage Only,-91.47733163,41.68323384
20261548278,20260619,Property Damage Only,-96.3504405,42.36998775
20261548289,20260616,Property Damage Only,-92.76229195,41.69548981
20261548290,20260617,Property Damage Only,-95.84509287,41.68928104
20261548292,20260618,Property Damage Only,-93.84378179,40.7023568
20261548314,20260611,Property Damage Only,-93.56194059,42.09962196
20261548339,20260618,Property Damage Only,-90.56819138,41.85084378
20261548341,20260618,Property Damage Only,-90.55366296,41.8082158
20261548354,20260618,Property Damage Only,-92.65906652,42.09337627
20261548363,20260619,Property Damage Only,-90.24251831,41.81508667
20261548369,20260619,Property Damage Only,-96.14668702,43.20026036
20261548380,20260618,Property Damage Only,-93.9120434,42.56222912
20261548399,20260615,Property Damage Only,-95.71953089,41.34384707
20261548400,20260616,Property Damage Only,-95.62970282,41.43035326
20261548405,20260619,Property Damage Only,0,0
20261548408,20260619,Property Damage Only,-90.73234949,42.09563554
20261548409,20260618,Property Damage Only,-93.79422064,42.02881844
20261548424,20260619,Property Damage Only,-91.2468279,43.0115435
20261548427,20260619,Property Damage Only,-90.54011611,41.78726647
20261548434,20260619,Property Damage Only,-91.70474298,42.10589995
20261548436,20260620,Property Damage Only,-92.70760563,42.09333008
20261548437,20260619,Property Damage Only,-95.14389541,43.3491814
20261548451,20260616,Property Damage Only,-95.58794952,41.48391592
20261548459,20260614,Property Damage Only,-92.18701735,42.42934668
20261548465,20260620,Property Damage Only,-92.34781533,42.2753711
20261548469,20260619,Possible/Unknown Injury Crash,-93.39839929,41.68058865
20261548472,20260620,Property Damage Only,-90.60680767,41.53824757
20261548486,20260617,Property Damage Only,-92.44183717,42.61091486
20261548503,20260620,Property Damage Only,-93.35000377,43.45464635
20261548508,20260620,Property Damage Only,-90.43507136,41.9025129
20261548510,20260620,Property Damage Only,-91.52189113,42.79347165
20261548521,20260620,Property Damage Only,-93.93111952,41.87268653
20261548532,20260621,Property Damage Only,-92.88190691,42.96522619
20261548533,20260621,Property Damage Only,-90.61902735,41.59981696
20261548534,20260621,Property Damage Only,-90.79654028,41.6194256
20261548535,20260621,Property Damage Only,-93.67137184,40.74693662
20261548549,20260620,Property Damage Only,-93.30829571,41.6015301
20261548576,20260621,Property Damage Only,-93.80478511,41.64385617
20261548584,20260618,Property Damage Only,-90.52313653,41.59036872
20261548590,20260615,Property Damage Only,-93.34924869,43.31036092
20261548605,20260621,Property Damage Only,-90.56872694,41.74185466
20261548609,20260621,Property Damage Only,-92.5238251,40.66530669
20261548627,20260621,Property Damage Only,-93.85807557,40.65579415
20261548632,20260621,Property Damage Only,-90.94003879,41.50213717
20261548636,20260621,Property Damage Only,-93.46402634,42.66152323
20261548642,20260611,Property Damage Only,-91.56470875,40.85895269
20261548664,20260621,Property Damage Only,-95.65250182,40.77566909
20261548665,20260618,Property Damage Only,-90.88573879,42.5256917
20261548667,20260619,Property Damage Only,-90.97979597,42.44079313
20261548668,20260620,Property Damage Only,-90.69053048,42.427484
20261548669,20260620,Property Damage Only,-90.69379254,42.39951606
20261548670,20260620,Property Damage Only,-90.89018175,42.5289705
20261548691,20260617,Property Damage Only,-93.40584948,41.95916481
20261548693,20260620,Property Damage Only,-93.60949456,41.92148093
20261548698,20260619,Property Damage Only,-91.21416783,42.19600983
20261548705,20260620,Property Damage Only,-93.79552889,42.21960961
20261548706,20260621,Property Damage Only,-93.56747051,42.55101716
20261548711,20260620,Property Damage Only,-96.32269778,42.48778398
20261548717,20260620,Property Damage Only,-94.90311669,41.49713959
20261548719,20260622,Property Damage Only,-94.44605864,41.49604094
20261548720,20260615,Property Damage Only,-91.40844518,41.28216214
20261548726,20260622,Property Damage Only,-92.86558828,41.69302696
20261548727,20260620,Property Damage Only,-93.05787432,41.75975251
20261548732,20260621,Property Damage Only,-93.57008375,42.36000686
20261548737,20260619,Property Damage Only,-91.86042594,41.11776567
20261548738,20260621,Property Damage Only,-91.54947295,41.46058665
20261548739,20260621,Property Damage Only,-91.54972863,41.40233132
20261548741,20260618,Property Damage Only,-93.57005953,41.96759967
20261548757,20260610,Property Damage Only,-92.29497135,42.45839408
20261548766,20260622,Property Damage Only,-90.71464621,42.52975416
20261548779,20260620,Property Damage Only,-95.90063108,43.08380039
20261548780,20260621,Property Damage Only,-92.93586765,41.41082365
20261548781,20260622,Property Damage Only,-92.90760036,41.3897086
20261548783,20260619,Property Damage Only,-93.90529184,41.55808091
20261548786,20260621,Property Damage Only,-94.26819734,41.68835967
20261548787,20260622,Property Damage Only,-94.03979952,41.53304708
20261548788,20260622,Property Damage Only,-94.17482727,41.51801983
20261548797,20260604,Property Damage Only,-92.27949926,41.96394401
20261548798,20260616,Property Damage Only,-91.83680599,41.9639687
20261548800,20260620,Property Damage Only,-92.0287736,42.00720148
20261548814,20260621,Property Damage Only,-91.94842891,40.82422796
20261548854,20260622,Property Damage Only,-91.52930344,41.21385404
20261548867,20260622,Property Damage Only,-93.71714179,43.21281862
20261548868,20260620,Property Damage Only,-92.18205527,42.49771985
20261548870,20260622,Property Damage Only,-91.56964677,41.9254292
20261548874,20260622,Property Damage Only,-93.5492242,41.73182964
20261548884,20260620,Property Damage Only,-91.60050139,41.65913943
20261548893,20260620,Property Damage Only,-93.1223155,43.05400278
20261548894,20260621,Property Damage Only,-93.37926128,42.98998118
20261548898,20260621,Property Damage Only,-92.96784449,42.04897152
20261548899,20260622,Property Damage Only,-93.8112854,41.35137798
20261548910,20260622,Property Damage Only,-95.32849634,43.23670984
20261548914,20260622,Property Damage Only,-92.98445246,41.68207073
20261548921,20260623,Property Damage Only,-91.98850843,43.39809589
20261548927,20260622,Property Damage Only,-96.03125598,42.80815009
20261548930,20260623,Property Damage Only,-96.37422339,42.43215964
20261548932,20260618,Property Damage Only,-91.91956389,42.45101215
20261548965,20260623,Property Damage Only,-91.25290864,40.82696947
20261548966,20260618,Property Damage Only,-93.23146452,42.00781657
20261548967,20260618,Property Damage Only,-93.18417243,41.98628619
20261548968,20260621,Property Damage Only,-93.05191034,41.98649423
20261548969,20260621,Property Damage Only,-92.76847497,42.00785247
20261548978,20260623,Property Damage Only,-94.38619952,40.76117522
20261548997,20260623,Property Damage Only,-92.69577599,40.78936929
20261549013,20260613,Property Damage Only,-95.53589556,42.74913571
20261549016,20260623,Property Damage Only,-91.55152359,41.00701335
20261549019,20260623,Property Damage Only,-91.50080895,41.92174087
20261549042,20260623,Property Damage Only,-90.53237879,42.31298927
20261549043,20260623,Property Damage Only,-91.34659812,41.17584989
20261549047,20260612,Property Damage Only,-91.53343023,42.19584467
20261549054,20260623,Property Damage Only,-90.49762916,41.59632758
20261549058,20260613,Property Damage Only,-93.10103641,41.49058586
20261549059,20260614,Property Damage Only,-93.28430638,41.39856422
20261549061,20260619,Property Damage Only,-93.10108412,41.46732849
20261549063,20260620,Property Damage Only,-93.21336491,41.33191684
20261549094,20260624,Property Damage Only,-93.67550802,40.59826965
20261549095,20260624,Property Damage Only,-91.40731416,41.29429739
20261549097,20260623,Property Damage Only,-95.85325795,41.37931587
20261549102,20260617,Property Damage Only,-91.45191314,40.63116409
20261549107,20260624,Property Damage Only,-91.15828265,42.25363699
20261549109,20260619,Property Damage Only,-94.01276714,41.59748251
20261549116,20260622,Property Damage Only,-92.29583935,41.10958469
20261549128,20260619,Property Damage Only,-95.86221265,41.92325612
20261549129,20260623,Property Damage Only,-91.25078847,42.47071811
20261549135,20260622,Property Damage Only,-93.20302485,42.68689544
20261549142,20260623,Property Damage Only,-93.82795104,42.44900747
20261549162,20260620,Property Damage Only,-91.90869187,42.63561541
20261549172,20260607,Property Damage Only,-92.8851552,42.22897546
20261549173,20260613,Property Damage Only,-92.70951581,42.3102706
20261549180,20260621,Property Damage Only,-91.86659166,41.6873363
20261549184,20260615,Property Damage Only,-91.32967241,40.67069089
20261549187,20260621,Property Damage Only,-92.31718598,42.90922867
20261549200,20260531,Property Damage Only,-91.36142426,40.65629145
20261549201,20260612,Property Damage Only,-91.56735682,40.4741407
20261549222,20260622,Property Damage Only,-92.98993134,41.68208936
20261549243,20260624,Property Damage Only,-92.43817902,41.80713015
20261549248,20260625,Property Damage Only,0,0
20261549250,20260625,Property Damage Only,-92.93177424,42.00333719
20261549251,20260622,Property Damage Only,-91.43738437,42.85719523
20261549273,20260624,Property Damage Only,-92.38315805,40.72053952
20261549274,20260624,Property Damage Only,-93.49887271,40.71062359
20261549278,20260624,Property Damage Only,-91.46276953,42.01474194
20261549283,20260623,Property Damage Only,-91.30061341,41.00183906
20261549284,20260624,Property Damage Only,-95.47158714,42.8647676
20261549285,20260624,Suspected Serious Injury Crash,-92.70067635,42.09340228
20261549290,20260624,Property Damage Only,-90.56830287,41.81674034
20261549292,20260624,Property Damage Only,-91.54346721,41.93217911
20261549294,20260623,Property Damage Only,-93.72505081,42.0224943
20261549297,20260624,Property Damage Only,-92.79589473,43.12693424
20261549299,20260621,Property Damage Only,-90.86317725,41.45526839
20261549302,20260625,Property Damage Only,-91.67297759,42.04465436
20261549311,20260625,Property Damage Only,-93.55899821,41.42279675
20261549314,20260622,Property Damage Only,-95.10229627,43.40577061
20261549321,20260625,Property Damage Only,-93.8332562,42.44924821
20261549323,20260624,Property Damage Only,-93.05811992,41.80528282
20261549326,20260624,Property Damage Only,-92.28123288,40.99522727
20261549345,20260624,Property Damage Only,-95.91761527,41.53312748
20261549368,20260623,Property Damage Only,-91.19961147,43.042588
20261549388,20260617,Property Damage Only,-92.64345965,41.99749885
20261549389,20260619,Property Damage Only,-92.67710981,42.00003023
20261549394,20260620,Property Damage Only,-91.70239582,42.82087427
20261549417,20260625,Property Damage Only,-91.78885323,42.16849343
20261549418,20260626,Property Damage Only,-91.70582723,41.93578144
20261549419,20260625,Property Damage Only,-91.41943963,42.85866882
20261549420,20260624,Property Damage Only,-91.48290731,41.66887869
20261549426,20260624,Property Damage Only,-92.06557308,41.59848825
20261549436,20260625,Property Damage Only,-93.53445029,41.18831664
20261549448,20260626,Property Damage Only,-93.31921653,42.74538263
20261549454,20260624,Property Damage Only,-91.48856118,40.58844553
20261549455,20260625,Property Damage Only,-91.45540973,40.52242558
20261549476,20260615,Property Damage Only,-91.25565283,41.08984695
20261549479,20260624,Property Damage Only,-91.20073341,41.32003102
20261549487,20260626,Property Damage Only,-92.95134847,41.41333535
20261549489,20260527,Property Damage Only,-93.000145,42.04548147
20261549520,20260625,Property Damage Only,-91.27613448,40.82854403
20261549530,20260626,Property Damage Only,-95.890391,41.34003098
20261549541,20260614,Property Damage Only,-91.52193957,43.11972126
20261549571,20260626,Property Damage Only,-90.96987935,41.45737287
20261549581,20260607,Property Damage Only,-91.33960315,41.66419533
20261549583,20260626,Property Damage Only,-96.28496098,42.65017956
20261549586,20260626,Possible/Unknown Injury Crash,-91.29373413,42.95716106
20261549588,20260624,Property Damage Only,-91.55047098,42.05205252
20261549609,20260625,Property Damage Only,-93.01922441,41.68288082
20261549611,20260627,Property Damage Only,-94.38952109,41.68776724
20261549626,20260626,Property Damage Only,-91.90910161,42.62682091
20261549630,20260627,Property Damage Only,-95.80470344,41.25913207
20261549633,20260627,Property Damage Only,-90.94497309,42.4397236
20261549634,20260627,Property Damage Only,-95.40731283,41.98308086
20261549658,20260627,Property Damage Only,-90.73350965,42.03995742
20261549659,20260626,Property Damage Only,-94.79249184,40.57912831
20261549669,20260627,Property Damage Only,-91.81963264,41.96402757
20261549675,20260627,Property Damage Only,-91.37283849,41.9979032
20261549679,20260628,Property Damage Only,-91.55416961,41.96136918
20261549680,20260628,Property Damage Only,-91.46240765,42.14789381
20261549688,20260622,Property Damage Only,-92.51131631,42.24665294
20261549692,20260618,Property Damage Only,-90.52171944,41.55340324
20261549702,20260627,Property Damage Only,-92.56169664,42.97308387
20261549709,20260626,Property Damage Only,-92.484207,42.69327162
20261549728,20260620,Property Damage Only,-93.34867006,43.206881
20261549733,20260627,Property Damage Only,-93.34260624,43.05138512
20261549750,20260628,Property Damage Only,-93.2022798,42.76946832
20261549751,20260628,Property Damage Only,-92.35467513,41.38732364
20261549759,20260628,Suspected Minor Injury Crash,-92.55676008,42.96377157
20261549761,20260628,Suspected Minor Injury Crash,-92.02400227,42.33879866
20261549767,20260624,Property Damage Only,-92.63344856,43.03304876
20261549777,20260620,Property Damage Only,-90.70525555,42.41869348
20261549780,20260628,Property Damage Only,-90.69446412,42.39212716
20261549790,20260610,Property Damage Only,-92.6576182,41.69560394
20261549796,20260626,Property Damage Only,-93.55261717,42.11780624
20261549797,20260627,Possible/Unknown Injury Crash,-93.65927404,42.08606268
20261549798,20260627,Property Damage Only,-93.69865916,42.0909183
20261549808,20260627,Property Damage Only,-90.90005775,41.57514231
20261549817,20260628,Property Damage Only,-93.47618368,41.49127489
20261549820,20260627,Property Damage Only,-91.27223171,40.67075524
20261549822,20260627,Property Damage Only,-92.8639789,41.38935904
20261549833,20260629,Property Damage Only,-93.43779401,41.38698526
20261549836,20260628,Property Damage Only,-94.50292132,41.49624857
20261549839,20260628,Property Damage Only,-91.2008393,41.31531293
20261549846,20260629,Property Damage Only,-96.35230335,43.11388377
20261549859,20260601,Property Damage Only,-95.94657202,41.68882929
20261549864,20260624,Property Damage Only,-91.94114321,42.13638882
20261549868,20260627,Property Damage Only,-95.97223133,41.7591149
20261549870,20260628,Property Damage Only,-91.9530314,42.84734942
20261549871,20260626,Property Damage Only,-95.34386594,41.84197392
20261549875,20260625,Property Damage Only,-90.56807366,41.64376328
20261549917,20260627,Property Damage Only,-91.18966062,40.83678545
20261549919,20260629,Property Damage Only,-93.18156427,43.10825104
20261549921,20260627,Property Damage Only,-91.46920613,42.60053408
20261549931,20260628,Property Damage Only,-91.36583824,42.88979389
20261549935,20260628,Property Damage Only,-93.39350973,41.74176369
20261549936,20260602,Property Damage Only,-91.16421335,43.20507151
20261549948,20260629,Property Damage Only,-92.41536502,41.94346951
20261549949,20260625,Property Damage Only,-92.42546222,42.49816292
20261549966,20260629,Property Damage Only,-91.18133652,41.06784525
20261549980,20260626,Property Damage Only,-90.5926522,41.5995556
20261549981,20260626,Property Damage Only,-90.56845191,41.59985659
20261549983,20260629,Property Damage Only,-93.33034251,41.43705669
20261549998,20260629,Property Damage Only,-93.33055833,41.43712813
20261550004,20260630,Property Damage Only,-93.5196987,42.16633346
20261550007,20260628,Property Damage Only,-91.56508768,40.57230563
20261550008,20260630,Property Damage Only,-91.33830411,40.65659155
20261550012,20260627,Property Damage Only,-91.27992161,40.67076199
20261550013,20260627,Property Damage Only,-91.56546142,40.56310361
20261550017,20260627,Property Damage Only,-91.75539978,40.99491062
20261550018,20260629,Property Damage Only,-93.46709847,41.48897021
20261550024,20260626,Property Damage Only,-92.6558743,41.35881236
20261550030,20260624,Property Damage Only,-92.90276923,41.62121395
20261550034,20260629,Property Damage Only,-93.84136382,42.44899085
20261550035,20260629,Property Damage Only,-93.51209873,42.31057582
20261550036,20260630,Property Damage Only,-93.5788043,42.23831707
20261550037,20260622,Property Damage Only,-92.88631317,41.70250682
20261550041,20260627,Property Damage Only,-91.494369,41.29319031
20261550048,20260627,Property Damage Only,-91.48075235,42.44217182
20261550058,20260623,Property Damage Only,-91.90895499,41.76860132
20261550059,20260628,Property Damage Only,-92.18249016,41.72804538
20261550060,20260628,Property Damage Only,-92.00461439,41.5986071
20261550065,20260630,Property Damage Only,-95.89955985,43.02593951
20261550078,20260611,Property Damage Only,-90.37898818,41.58228056
20261550080,20260624,Property Damage Only,-90.38668412,41.58240182
20261550086,20260521,Property Damage Only,-91.14903206,42.49514536
20261550093,20260630,Property Damage Only,-92.7520207,42.00641307
20261550124,20260630,Property Damage Only,-91.20570087,43.04047751
20261550127,20260615,Property Damage Only,-91.64514372,42.08534383
20261550163,20260630,Property Damage Only,-93.61650198,42.91296393
20261550167,20260701,Property Damage Only,-92.63412501,40.72546351
20261550169,20260701,Property Damage Only,-90.5392438,41.79936993
20261550185,20260607,Property Damage Only,-90.65596622,41.49545304
20261550188,20260628,Property Damage Only,-92.43273401,42.5808812
20261550190,20260701,Property Damage Only,-93.50122053,41.58743907
20261550200,20260630,Property Damage Only,-93.45987581,42.66788891
20261550209,20260701,Property Damage Only,-90.26906696,41.89535029
20261550213,20260630,Property Damage Only,-93.72719729,41.40899386
20261550231,20260630,Property Damage Only,-90.77132015,41.73471616
20261550232,20260630,Property Damage Only,-94.49302991,41.78092253
20261550233,20260621,Property Damage Only,-91.15768335,42.2550683
20261550243,20260701,Property Damage Only,-90.51187585,41.80773205
20261550246,20260622,Property Damage Only,-90.91902705,42.31950895
20261550259,20260623,Property Damage Only,-92.3371754,42.69074107
20261550260,20260625,Property Damage Only,-92.14933984,42.71474245
20261550263,20260627,Property Damage Only,-92.494911,42.69358048
20261550282,20260625,Property Damage Only,-92.07160808,43.16265578
20261550290,20260630,Property Damage Only,-91.5494594,42.17706368
20261550308,20260614,Property Damage Only,-91.69204226,42.07949355
20261550311,20260701,Property Damage Only,-91.17208075,41.33977341
20261550312,20260625,Property Damage Only,-92.90361343,42.12392392
20261550318,20260626,Property Damage Only,-91.97880236,42.31364744
20261550319,20260627,Property Damage Only,-91.96281095,42.51415491
20261550327,20260628,Property Damage Only,-94.84674031,43.42768877
20261550330,20260629,Property Damage Only,-91.41668209,40.91590923
20261550350,20260701,Property Damage Only,-92.6184944,40.72546696
20261550353,20260701,Property Damage Only,-93.63681556,42.65659545
20261550360,20260630,Property Damage Only,-91.03809128,41.5718892
20261550367,20260701,Property Damage Only,-92.55921846,42.77365264
20261550374,20260701,Property Damage Only,-91.814616,42.13605191
20261550382,20260701,Property Damage Only,-91.32754687,40.83971416
20261550383,20260701,Property Damage Only,-91.15443309,40.75472392
20261550391,20260702,Property Damage Only,-90.53823453,42.24367436
20261550392,20260624,Suspected Minor Injury Crash,-93.31463813,41.42961545
20261550393,20260625,Property Damage Only,-92.93709239,41.44355783
20261550395,20260627,Property Damage Only,-92.96721586,41.3633306
20261550398,20260701,Property Damage Only,-93.02626724,41.2424661
20261550399,20260701,Property Damage Only,-92.90436075,41.30676313
20261550404,20260702,Property Damage Only,-90.80467291,41.62204904
20261550411,20260629,Property Damage Only,-93.26044574,43.18994376
20261550414,20260701,Property Damage Only,-90.75840657,42.39645772
20261550415,20260702,Property Damage Only,-90.97443394,42.51846917
20261550416,20260702,Property Damage Only,-93.35184733,41.44058694
20261550419,20260630,Property Damage Only,-93.57057424,42.17228809
20261550420,20260702,Property Damage Only,-93.40583937,41.93854846
20261550435,20260629,Property Damage Only,-92.41314623,41.02335011
20261550440,20260701,Property Damage Only,-95.20056729,42.69633454
20261550441,20260629,Property Damage Only,-93.34523153,41.73183998
20261550445,20260702,Property Damage Only,-90.96019581,41.4630289
20261550449,20260630,Property Damage Only,-93.47790615,43.2422349
20261550473,20260701,Property Damage Only,-91.6105668,43.04636247
20261550487,20260702,Property Damage Only,-91.82425677,42.45703554
20261550541,20260626,Property Damage Only,-93.70396479,41.65248017
20261550547,20260702,Property Damage Only,-91.56577794,42.01998424
20261550555,20260703,Property Damage Only,-94.41235845,41.49604546
20261550561,20260702,Property Damage Only,-91.75563524,42.01870534
20261550564,20260702,Property Damage Only,-92.29838398,43.21592246
20261550567,20260702,Property Damage Only,-92.61875219,42.51337827
20261550588,20260621,Property Damage Only,-90.68018444,42.23838577
20261550589,20260626,Property Damage Only,-93.56742527,42.54871191
20261550593,20260701,Property Damage Only,-91.32633056,41.27739443
20261550594,20260702,Property Damage Only,-90.4167588,42.24777318
20261550595,20260703,Property Damage Only,-95.80701132,40.79328603
20261550596,20260703,Property Damage Only,-95.80588586,40.8517684
20261550625,20260702,Property Damage Only,-91.39208987,40.66046106
20261550626,20260703,Property Damage Only,-91.44203766,40.50853513
20261550628,20260703,Property Damage Only,-91.61762755,41.88999087
20261550632,20260703,Property Damage Only,-91.03356637,40.98546738
20261550636,20260705,Property Damage Only,-91.44360124,41.99402125
20261550637,20260704,Property Damage Only,-90.96950988,41.74238075
20261550641,20260705,Property Damage Only,-90.55286609,41.59477037
20261550642,20260614,Property Damage Only,-91.64220176,41.74424095
20261550646,20260629,Property Damage Only,-93.31465003,41.6818032
20261550657,20260703,Property Damage Only,-94.70995955,43.3994093
20261550658,20260703,Property Damage Only,-93.3466568,43.10342157
20261550664,20260703,Property Damage Only,-94.0140893,41.39949081
20261550682,20260704,Property Damage Only,-94.93528742,42.421348
20261550688,20260704,Property Damage Only,-91.61239008,40.97376654
20261550695,20260627,Property Damage Only,-92.57695099,41.94335898
20261550698,20260626,Property Damage Only,-92.72722213,41.68470243
20261550699,20260629,Property Damage Only,-92.02560217,41.81505343
20261550708,20260703,Property Damage Only,-90.43267359,41.67008706
20261550751,20260704,Property Damage Only,-92.6389314,43.05260707
20261550752,20260704,Property Damage Only,-96.1692595,42.0720736
20261550759,20260705,Property Damage Only,-90.51988328,41.59606258
20261550763,20260703,Property Damage Only,-91.09310726,40.87025149
20261550765,20260705,Property Damage Only,-93.78603902,41.15525675
20261550775,20260704,Property Damage Only,-91.52597905,41.92584952
20261550801,20260705,Property Damage Only,-92.51275088,42.0393405
20261550805,20260630,Property Damage Only,-91.38151303,42.43409503
20261550806,20260704,Property Damage Only,-91.48070411,42.45422978
20261550812,20260702,Suspected Serious Injury Crash,-94.49044532,41.55087653
20261550831,20260705,Property Damage Only,-93.3209554,40.88431833
20261550848,20260705,Property Damage Only,-92.56593364,41.98112798
20261550856,20260704,Property Damage Only,-90.77655139,42.45543624
20261550871,20260703,Property Damage Only,-93.5700783,41.95345909
20261550884,20260704,Suspected Minor Injury Crash,-93.08638625,41.62639277
20261550894,20260705,Property Damage Only,-96.26541499,42.26760094
20261550895,20260630,Suspected Serious Injury Crash,-92.00136007,43.12618915
20261550897,20260702,Property Damage Only,-93.78082367,41.43807883
20261550900,20260626,Property Damage Only,-93.56808335,42.50440913
20261550901,20260626,Property Damage Only,-93.57043194,42.24263698
20261550918,20260704,Property Damage Only,-94.97493624,41.30239643
20261550922,20260703,Property Damage Only,-91.54189964,40.59014922
20261550927,20260416,Property Damage Only,-92.59607704,41.29628476
20261550936,20260702,Suspected Minor Injury Crash,-91.632698,41.29464653
20261550938,20260704,Property Damage Only,-91.55122781,41.4446841
20261550952,20260630,Property Damage Only,-91.98796752,42.22473035
20261550963,20260629,Property Damage Only,-91.42628744,40.41378605
20261550973,20260628,Property Damage Only,-93.35073547,43.48714076
20261550999,20260705,Property Damage Only,-91.20211318,42.20426001
20261551020,20260706,Property Damage Only,-91.33530483,40.67065515
20261551026,20260705,Property Damage Only,-90.76573258,41.48675882
20261551040,20260706,Property Damage Only,-93.81565801,41.9622626
20261551048,20260705,Property Damage Only,-94.61444186,42.73264642
20261551053,20260706,Property Damage Only,-91.7758524,41.98791358
20261551057,20260630,Property Damage Only,-93.17051339,41.3239354
20261551062,20260706,Property Damage Only,-90.56678044,41.68448012
20261551070,20260704,Property Damage Only,-92.75743704,42.4699691
20261551071,20260707,Property Damage Only,-93.37988197,42.82559781
20261551095,20260706,Property Damage Only,-95.66903441,41.28991944
20261551103,20260629,Property Damage Only,-94.93586802,41.49707018
20261551112,20260705,Property Damage Only,-93.28090364,42.98383519
20261551113,20260706,Property Damage Only,-93.47796479,43.2182191
20261551114,20260706,Property Damage Only,-93.23223181,43.19131921
20261551117,20260707,Property Damage Only,-92.70822289,42.13277101
20261551120,20260625,Property Damage Only,-91.3168164,41.6633324
20261551143,20260707,Property Damage Only,-91.26238113,43.42310553
20261551185,20260706,Property Damage Only,-91.67663536,42.02851218
20261551191,20260707,Property Damage Only,-91.26763165,41.40597694
20261551224,20260704,Property Damage Only,-93.00022961,42.05310104
20261551232,20260627,Property Damage Only,-92.4522391,42.64126906
20261551236,20260108,Property Damage Only,-92.45616004,42.65185133
20261551242,20260704,Possible/Unknown Injury Crash,-95.84755272,41.80613321
20261551244,20260629,Property Damage Only,-91.41537489,42.90462826
20261551268,20260707,Property Damage Only,-91.54593081,40.91299966
20261551277,20260707,Property Damage Only,-90.5776918,42.18551968
20261551283,20260708,Property Damage Only,-90.70987035,42.53083845
20261551287,20260708,Property Damage Only,-90.76371457,41.9882258
20261551292,20260707,Property Damage Only,-93.69864891,42.0767602
20261551297,20260707,Property Damage Only,-95.10993314,43.41835269
20261551308,20260707,Property Damage Only,-93.78025903,41.42491376
20261551328,20260630,Property Damage Only,-92.17220644,42.68217505
20261551329,20260630,Property Damage Only,-92.33705262,42.71949494
20261551335,20260629,Property Damage Only,-93.37869652,42.44763471
20261551337,20260705,Property Damage Only,-93.20351311,42.43574143
20261551364,20260707,Property Damage Only,-92.74140756,42.00602038
20261551408,20260629,Property Damage Only,-96.36256167,42.41208029
20261551409,20260708,Suspected Minor Injury Crash,-94.44809728,42.1516973
20261551428,20260702,Property Damage Only,-93.51281631,42.64305183
20261551435,20260708,Property Damage Only,-93.42307242,41.71829432
20261551453,20260702,Property Damage Only,-94.8120153,42.44962377
20261551462,20260709,Property Damage Only,-95.46104566,41.28909878
20261551464,20260708,Property Damage Only,-90.80106202,42.43996982
20261551476,20260706,Property Damage Only,-93.12929582,41.74270703
20261551478,20260708,Suspected Minor Injury Crash,-91.0043933,42.16889287
20261551513,20260703,Property Damage Only,-96.07048426,41.81831584
20261551536,20260708,Property Damage Only,-93.30904399,41.8908346
20261551588,20260710,Suspected Minor Injury Crash,-95.16124768,43.08205603
20261551592,20260709,Property Damage Only,-91.29147582,41.41004449
20261551593,20260709,Property Damage Only,-91.3501493,41.36364948
20261551596,20260710,Property Damage Only,-94.64910863,42.73262066
20261551600,20260710,Property Damage Only,-93.34060112,40.84059812
20261551603,20260708,Property Damage Only,-91.30368515,40.67048308
20261551605,20260709,Property Damage Only,-91.37704867,40.49257836
20261551608,20260703,Property Damage Only,-94.6550904,42.44971933
20261551610,20260708,Property Damage Only,-91.84809054,41.66559867
20261551611,20260709,Property Damage Only,-91.87397452,41.76484117
20261551613,20260630,Property Damage Only,-95.05090171,41.49676
20261551618,20260708,Property Damage Only,-92.57933864,41.3936157
20261551628,20260709,Property Damage Only,-91.4638216,42.76583576
20261551633,20260708,Property Damage Only,-91.96634649,41.12503425
20261551648,20260710,Property Damage Only,-94.02225894,41.63627314
20261551659,20260630,Property Damage Only,-93.09221706,42.42639268
20261551679,20260622,Property Damage Only,-93.13072725,41.5468073
20261551698,20260709,Property Damage Only,-95.40532266,43.14219525
20261551728,20260710,Property Damage Only,-90.61404571,41.80748722
20261551730,20260710,Property Damage Only,-90.9333557,41.60328809
20261551736,20260710,Property Damage Only,-93.38647185,41.74735393
20261551744,20260710,Property Damage Only,-90.54900225,41.69863812
20261551796,20260708,Property Damage Only,-95.57934247,41.49790709
20261551824,20260711,Property Damage Only,-93.91205433,42.56465157
20261551850,20260712,Property Damage Only,-90.54285879,41.7125925
20261551878,20260707,Property Damage Only,-92.39899737,40.80375386
20261551897,20260712,Property Damage Only,-94.74789351,40.63544661
20261551898,20260712,Property Damage Only,-91.22572455,43.37373966
20261551899,20260710,Property Damage Only,-91.15692139,40.74011679
20261551904,20260708,Property Damage Only,-94.73323699,40.827746
20261551912,20260711,Suspected Minor Injury Crash,-93.49104804,41.15030725
20261551913,20260712,Property Damage Only,-94.28671784,42.5874158
20261551914,20260712,Property Damage Only,-91.25221683,41.48513157
20261551925,20260702,Property Damage Only,-93.7809153,41.43673609
20261551927,20260710,Property Damage Only,-93.85521466,42.44899641
20261551947,20260710,Property Damage Only,-93.55491454,42.11075211
20261551951,20260702,Property Damage Only,-91.87674177,42.96453026
20261551953,20260710,Property Damage Only,-93.03118596,41.82032591
20261551968,20260710,Property Damage Only,-91.17030658,42.4712443
20261551969,20260703,Property Damage Only,-91.14673507,41.17123926
20261551973,20260711,Property Damage Only,-93.81588531,42.45911752
20261551975,20260711,Property Damage Only,-91.94329287,42.88161475
20261551978,20260710,Property Damage Only,-91.36250458,42.13468619
20261551979,20260710,Property Damage Only,-91.24380852,42.22340426
20261551983,20260710,Property Damage Only,-91.05883435,41.08758999
20261551984,20260713,Property Damage Only,-93.83335729,42.66740167
20261552006,20260712,Property Damage Only,-91.43544418,40.44230544
20261552011,20260610,Property Damage Only,-90.67619794,42.1266621
20261552012,20260713,Property Damage Only,-90.57214273,42.19003117
20261552019,20260711,Property Damage Only,-92.01948606,42.18468331
20261552020,20260712,Property Damage Only,-92.0898026,42.18075066
20261552023,20260708,Possible/Unknown Injury Crash,-93.13704949,42.42653698
20261552026,20260712,Property Damage Only,-93.21307074,42.36073982
20261552034,20260711,Property Damage Only,-91.2185273,40.83506407
20261552055,20260713,Property Damage Only,-91.21385053,41.73525408
20261552065,20260713,Property Damage Only,-91.35923788,40.64559467
20261552073,20260522,Property Damage Only,-93.12341928,41.51209183
20261552078,20260711,Suspected Serious Injury Crash,-93.17209806,43.44402212
20261552083,20260710,Suspected Minor Injury Crash,-92.06551165,40.95822437
20261552090,20260713,Property Damage Only,-91.14193084,40.79189698
20261552096,20260711,Property Damage Only,-90.58754162,41.84621772
20261552102,20260713,Property Damage Only,-92.53503534,43.06753157
20261552105,20260710,Property Damage Only,-90.21547195,41.97526594
20261552119,20260710,Property Damage Only,-90.76326866,41.60903776
20261552120,20260713,Property Damage Only,-91.55015056,42.07197934
20261552126,20260713,Property Damage Only,-91.16478822,40.85531774
20261552128,20260713,Property Damage Only,-92.88395933,42.0346329
20261552143,20260707,Property Damage Only,-91.96530497,41.78751465
20261552145,20260708,Property Damage Only,-92.15457817,41.80268194
20261552155,20260713,Property Damage Only,-91.75949026,43.36548702
20261552157,20260713,Property Damage Only,-95.87942662,41.46849076
20261552159,20260626,Property Damage Only,-92.59710915,41.01323106
20261552161,20260629,Property Damage Only,-92.3831093,41.06447737
20261552165,20260709,Property Damage Only,-90.6159074,42.41050238
20261552166,20260710,Property Damage Only,-90.82872496,42.39655997
20261552168,20260712,Property Damage Only,-90.70566989,42.55410482
20261552177,20260708,Property Damage Only,-92.2981928,43.39332929
20261552178,20260713,Property Damage Only,-96.47086747,43.23911632
20261552186,20260714,Property Damage Only,-96.3243048,42.46392925
20261552188,20260712,Property Damage Only,-93.994425,41.56807214
20261552190,20260626,Property Damage Only,-96.11088926,43.18583459
20261552191,20260628,Suspected Minor Injury Crash,-96.54659564,42.78919103
20261552195,20260709,Property Damage Only,-95.23991019,42.66193779
20261552205,20260711,Property Damage Only,-94.0702283,41.57624554
20261552226,20260711,Property Damage Only,-95.0770892,41.92111449
20261552233,20260714,Property Damage Only,-91.74649149,40.96809647
20261552238,20260707,Property Damage Only,-94.79708734,43.32863214
20261552239,20260711,Property Damage Only,-92.53482862,42.81652989
20261552245,20260509,Property Damage Only,-91.32312175,43.46564788
20261552267,20260714,Property Damage Only,-91.03269062,40.986137
20261552270,20260713,Property Damage Only,-91.58878366,42.01520787
20261552279,20260712,Property Damage Only,0,0
20261552320,20260714,Property Damage Only,-93.76328674,41.70290147
20261552322,20260715,Property Damage Only,-95.77781681,41.01628244
20261552336,20260714,Property Damage Only,-93.6099968,41.99947606
20261552343,20260708,Suspected Serious Injury Crash,-92.52454674,41.48804424
20261552345,20260715,Suspected Serious Injury Crash,-91.61088988,41.48283594
20261552365,20260714,Property Damage Only,-95.87797706,41.49416735
20261552370,20260711,Property Damage Only,-94.30936734,41.86301621
20261552381,20260715,Property Damage Only,-95.68874598,40.71219397
20261552384,20260712,Property Damage Only,-92.1247788,42.38450713
20261552415,20260623,Property Damage Only,-93.55817163,41.34577693
20261552426,20260715,Property Damage Only,-95.46709053,42.74871244
20261552438,20260707,Property Damage Only,-92.13452238,42.56983089
20261552479,20260714,Property Damage Only,-94.64276643,40.76430247
20261552510,20260710,Property Damage Only,-93.40587747,41.95406691
20261552512,20260715,Property Damage Only,-91.28555663,40.69740176
20261552530,20260716,Property Damage Only,-91.54495529,40.91470787
20261552531,20260713,Property Damage Only,-92.97093543,41.30694332
20261552533,20260714,Property Damage Only,-92.96477564,41.36544668
20261552551,20260711,Property Damage Only,-92.53405225,42.75208404
20261552552,20260711,Property Damage Only,-92.42293059,42.8477554
20261552554,20260711,Property Damage Only,-92.41030062,42.71505954
20261552562,20260714,Property Damage Only,-91.7303387,42.68666636
20261552612,20260708,Property Damage Only,-92.39154716,40.73287176
20261552683,20260716,Property Damage Only,-90.7625302,42.11318619
20261552690,20260715,Property Damage Only,-91.53601864,42.03625213
20261552704,20260717,Property Damage Only,-92.81003799,42.91427722
20261552706,20260716,Property Damage Only,-91.00257398,41.46408809
20261552724,20260707,Property Damage Only,-91.82699093,42.19915055
20261552732,20260716,Property Damage Only,-93.5670008,42.08118782
20261552733,20260712,Property Damage Only,-92.63804092,41.99704057
20261552739,20260716,Property Damage Only,-94.55337101,42.43944494
20261552750,20260417,Property Damage Only,-92.85489087,42.4634425
20261552751,20260715,Property Damage Only,-92.94266068,42.22420925
20261552752,20260716,Property Damage Only,-91.499048,40.55595378
20261552753,20260716,Property Damage Only,-91.31986536,40.65981983
20261552761,20260714,Property Damage Only,-92.00642311,42.35509262
20261552764,20260706,Possible/Unknown Injury Crash,-93.13076197,41.54618575
20261552786,20260717,Property Damage Only,-93.65818916,41.51353533
20261552794,20260702,Property Damage Only,-95.28414541,42.2886416
20261552816,20260717,Property Damage Only,-90.44597695,42.25269651
20261552823,20260718,Property Damage Only,-92.74509343,42.09298716
20261552856,20260717,Property Damage Only,-96.10356709,41.86887403
20261552869,20260718,Property Damage Only,-90.85569108,42.07326857
20261552877,20260716,Property Damage Only,-92.86784561,40.70377031
20261552880,20260717,Property Damage Only,-91.04789095,41.56668806
20261552887,20260712,Property Damage Only,-93.86809907,41.34932406
20261552929,20260617,Property Damage Only,-92.22383397,42.41504831
20261552933,20260712,Suspected Minor Injury Crash,-92.49368341,42.6297524
20261552950,20260718,Property Damage Only,-91.14819107,40.77731481
20261552962,20260718,Property Damage Only,-91.80527571,42.12633633
20261552965,20260718,Property Damage Only,-90.38396874,41.70828153
20261552969,20260717,Property Damage Only,-93.86700855,41.64376394
20261552997,20260719,Property Damage Only,-90.59003822,41.90190914
20261553015,20260719,Suspected Serious Injury Crash,-90.84003492,41.96775821
20261553045,20260707,Property Damage Only,-92.42801509,42.53451415
20261553060,20260719,Property Damage Only,-90.86807555,41.63287986
20261553061,20260718,Property Damage Only,-91.19015425,41.3448329
20261553068,20260719,Property Damage Only,-93.91850726,42.05532485
20261553070,20260720,Property Damage Only,-93.81750513,41.2560331
20261553091,20260718,Property Damage Only,-93.57614312,41.4385924
20261553097,20260719,Property Damage Only,-93.1296198,41.82002283
20261553116,20260719,Property Damage Only,-95.49846158,41.289202
20261553117,20260720,Property Damage Only,-95.36255573,41.23255601
20261553134,20260718,Property Damage Only,-93.02768315,41.68289711
20261553145,20260718,Property Damage Only,-93.26121155,42.42026026
20261553152,20260716,Property Damage Only,-91.47889921,42.46548992
20261553160,20260716,Property Damage Only,-93.71515621,41.75864022
20261553172,20260718,Property Damage Only,-91.4534343,40.81749158
20261553195,20260717,Property Damage Only,-91.78995859,42.46217206
20261553196,20260718,Suspected Minor Injury Crash,-91.70709307,42.53068297
20261553214,20260717,Property Damage Only,-91.20311891,41.2475062
20261553223,20260720,Property Damage Only,-92.79015447,42.65699355
20261553231,20260718,Property Damage Only,-91.5153276,42.72478489
20261553263,20260714,Property Damage Only,-90.52129941,41.7278179
20261553279,20260720,Property Damage Only,-94.18116585,42.69130543
20261553282,20260718,Property Damage Only,-91.18113718,40.73197952
20261553287,20260720,Property Damage Only,-92.45772995,42.49618576
20261553288,20260720,Property Damage Only,-91.20706735,41.45662298
20261553298,20260721,Property Damage Only,-93.57580561,41.69228458
20261553300,20260629,Property Damage Only,-91.09195097,41.43986416
20261553301,20260721,Property Damage Only,-91.16386716,41.56778859
20261553312,20260721,Property Damage Only,-91.34301756,43.06853628
20261553314,20260711,Property Damage Only,-91.54178288,40.98498347
20261553320,20260721,Property Damage Only,-96.47377704,42.51126707
20261553324,20260721,Property Damage Only,-95.78895999,41.23275667
20261553364,20260718,Property Damage Only,-94.01253494,41.51654592
20261553372,20260712,Property Damage Only,-91.87650114,42.13854794
20261553380,20260718,Property Damage Only,-93.17641231,42.25315121
20261553382,20260717,Property Damage Only,-91.18901949,42.21357322
20261553384,20260721,Suspected Minor Injury Crash,-95.17770551,43.14259611
20261553390,20260721,Property Damage Only,-94.60910688,41.49308236
20261553454,20260720,Property Damage Only,-93.42197885,41.67607298
20261553479,20260721,Property Damage Only,-92.8101103,42.98644473
20261553490,20260722,Property Damage Only,-90.4091029,41.81547322
20261553495,20260722,Property Damage Only,-91.08029882,42.73452706
20261553508,20260722,Property Damage Only,-90.80539327,41.51329975
20261553509,20260722,Property Damage Only,-90.89848618,41.94624725
20261553515,20260721,Property Damage Only,-93.67749737,41.1874649
20261553547,20260720,Property Damage Only,-94.64513089,42.44970965
20261553571,20260721,Property Damage Only,-93.6222255,41.49848604
20261553594,20260722,Property Damage Only,-93.08685871,42.29598857
20261553595,20260721,Suspected Minor Injury Crash,-91.45709674,40.40806651
20261553596,20260721,Property Damage Only,-91.4949326,40.52401024
20261553626,20260722,Property Damage Only,-93.774287,41.53356514
20261553658,20260722,Property Damage Only,-91.2791007,40.82711103
20261553668,20260723,Property Damage Only,-91.50227813,41.92234546
20261553674,20260723,Property Damage Only,-90.19568456,41.83779919
20261553677,20260719,Possible/Unknown Injury Crash,-90.76394042,42.45133652
20261553679,20260721,Property Damage Only,-91.11035676,42.54045966
20261553680,20260722,Property Damage Only,-90.69784743,42.45306226
20261553683,20260723,Property Damage Only,-93.58115691,41.89921003
20261553692,20260722,Property Damage Only,-91.93322313,41.8004432
20261553694,20260722,Property Damage Only,-91.17740483,43.04583828
20261553698,20260723,Property Damage Only,-91.96349242,43.28411848
20261553718,20260723,Property Damage Only,-91.11622693,41.6475016
20261553737,20260720,Property Damage Only,-94.9840935,41.37980723
20261553739,20260717,Property Damage Only,-91.24932,41.82291134
20261553740,20260718,Property Damage Only,-91.32438873,41.91814857
20261553741,20260721,Property Damage Only,-91.03474688,41.88532968
20261553764,20260723,Property Damage Only,-91.69571466,42.98770727
20261553775,20260625,Suspected Minor Injury Crash,-93.18846202,42.07760627
20261553776,20260630,Property Damage Only,-92.99991535,42.09310815
20261553778,20260722,Property Damage Only,-91.16645946,40.82611397
20261553791,20260723,Property Damage Only,-91.21671016,43.01767855
20261553797,20260718,Possible/Unknown Injury Crash,-94.50221858,41.65634744
20261553803,20260717,Property Damage Only,-93.32632358,41.43524864
20261553813,20260723,Property Damage Only,-92.53444562,43.02371985
20261553815,20260723,Property Damage Only,-93.61643996,42.95835024
20261553821,20260713,Property Damage Only,-93.75879742,40.84350596
20261553822,20260722,Property Damage Only,-93.20373741,43.24193514
20261553833,20260724,Property Damage Only,-95.11392289,43.1258199
20261553843,20260724,Property Damage Only,-91.57949937,41.97652801
20261553848,20260723,Property Damage Only,-91.48945678,40.52392976
20261553876,20260722,Property Damage Only,-91.62490539,43.2406318
20261553902,20260724,Property Damage Only,-94.02311638,41.67377083
20261553941,20260721,Property Damage Only,-95.8932567,41.69778591
20261553953,20260724,Property Damage Only,0,0
20261553984,20260725,Property Damage Only,-91.52729307,42.26970536
20261553989,20260723,Property Damage Only,-91.36625131,40.7927608
20261554026,20260723,Property Damage Only,-93.99633491,41.34452014
20261554037,20260716,Property Damage Only,-92.25839242,42.53312768
20261554067,20260724,Possible/Unknown Injury Crash,-95.73174942,40.72896369
20261554076,20260726,Property Damage Only,-92.45495284,43.29888003
20261554079,20260726,Property Damage Only,-91.37589754,40.50557039
20261554084,20260726,Property Damage Only,-93.23402143,43.11207292
20261554085,20260725,Property Damage Only,-91.15104136,42.48931524
20261554131,20260725,Property Damage Only,-91.00163886,41.4711422
20261554149,20260726,Property Damage Only,-93.7350325,41.87796389
20261554157,20260726,Property Damage Only,-95.55405777,42.77752906
20261554175,20260726,Property Damage Only,-96.50663399,43.46647126
20261554179,20260705,Property Damage Only,-93.77977829,41.45774013
20261554202,20260725,Property Damage Only,-91.18269961,41.07193815
20261554203,20260727,Property Damage Only,-93.9547013,41.44570256
20261554212,20260725,Property Damage Only,-93.03881959,41.68006564
20261554214,20260726,Property Damage Only,-91.30454597,42.47103984
20261554224,20260725,Property Damage Only,-91.20300802,41.18227353
20261554225,20260724,Property Damage Only,-96.61408256,42.761768
20261554230,20260724,Property Damage Only,-91.04466098,41.07334377
20261554235,20260727,Suspected Minor Injury Crash,-90.66165321,41.53813361
20261554241,20260724,Property Damage Only,-96.42503247,42.99681977
20261554243,20260726,Possible/Unknown Injury Crash,-95.97795222,43.05904119
20261554261,20260727,Property Damage Only,-94.47702339,40.67564126
20261554263,20260726,Property Damage Only,-91.52925941,40.63902158
20261554264,20260727,Property Damage Only,-91.56733415,40.49961672
20261554274,20260722,Property Damage Only,-91.74190738,43.28041898
20261554276,20260724,Property Damage Only,-91.75774066,43.28909231
20261554286,20260725,Property Damage Only,-92.88786925,40.81279574
20261554295,20260726,Property Damage Only,-90.94809914,41.46427278
20261554300,20260725,Property Damage Only,-92.43401533,42.53755188
20261554330,20260725,Property Damage Only,-91.28138369,43.36446906
20261554331,20260726,Property Damage Only,-91.2049765,43.13175531
20261554333,20260727,Property Damage Only,-93.16364036,40.74650311
20261554335,20260728,Property Damage Only,-90.5392035,41.80042277
20261554341,20260728,Property Damage Only,-92.56818529,41.98196509
20261554342,20260727,Property Damage Only,-93.70245367,41.25650431
20261554346,20260721,Property Damage Only,-91.14356655,42.24866261
20261554352,20260728,Property Damage Only,-91.78913857,42.07029203
20261554354,20260728,Property Damage Only,-91.04388307,41.7136078
20261554355,20260726,Property Damage Only,-94.66940545,42.45301487
20261554373,20260713,Property Damage Only,-93.08502917,42.00828864
20261554381,20260728,Property Damage Only,-96.37115581,42.44091239
20261554400,20260722,Property Damage Only,-91.78135048,42.46827681
20261554408,20260725,Property Damage Only,-91.78164235,42.46827991
20261554413,20260703,Suspected Minor Injury Crash,-92.7943115,42.00988314
20261554414,20260626,Property Damage Only,-90.67855068,41.59049743
20261554436,20260703,Possible/Unknown Injury Crash,-92.7943115,42.00988314
20261554445,20260728,Property Damage Only,-93.4762675,41.02954426
20261554450,20260728,Property Damage Only,-92.60603954,41.97238302
20261554469,20260719,Property Damage Only,-91.20764516,40.72689042
20261554473,20260728,Property Damage Only,-92.71789498,42.62840757
20261554477,20260727,Property Damage Only,-90.38614888,42.10393753
20261554504,20260728,Property Damage Only,-91.46210498,40.7166445
20261554514,20260727,Possible/Unknown Injury Crash,-93.03394754,42.46259271
20261554516,20260729,Property Damage Only,-94.24045933,42.49412338
20261554523,20260724,Suspected Minor Injury Crash,-92.40413455,40.98326258
20261554524,20260725,Property Damage Only,-92.37966072,41.02361615
20261554525,20260727,Property Damage Only,-92.4219795,41.01432354
20261554540,20260729,Property Damage Only,-93.05795024,41.73717177
20261554541,20260722,Property Damage Only,-91.60481114,43.26948206
20261554543,20260728,Property Damage Only,-91.84852956,43.33326394
20261554557,20260728,Property Damage Only,-94.07492381,41.07567177
20261554615,20260724,Property Damage Only,-92.89844934,41.39020531
20261554627,20260727,Property Damage Only,-93.69865016,42.07797607
20261554628,20260729,Property Damage Only,-93.96928445,42.03200378
20261554637,20260715,Property Damage Only,-91.14456421,42.67842176
20261554657,20260724,Possible/Unknown Injury Crash,-93.0535821,41.28309994
20261554658,20260730,Property Damage Only,-93.06251249,41.33108877
20261554666,20260724,Property Damage Only,-90.77058247,42.53276567
20261554684,20260727,Property Damage Only,-92.0326073,43.08895249
20261554707,20260701,Property Damage Only,-95.77744892,41.59623018
20261554709,20260729,Property Damage Only,-95.42662438,42.47471734
20261554762,20260725,Possible/Unknown Injury Crash,-95.83292603,41.27061718
20261554767,20260723,Property Damage Only,-92.34021216,42.52004726
20261554777,20260730,Property Damage Only,-90.56873177,41.84293895
20261554783,20260730,Property Damage Only,-91.9095686,42.6531575
20261554786,20260605,Property Damage Only,-90.758402,42.17569549
20261554787,20260612,Property Damage Only,-90.80801842,42.07393454
20261554789,20260728,Property Damage Only,-90.69383843,42.39793204
20261554791,20260730,Property Damage Only,-90.41686329,41.57880631
20261554820,20260724,Property Damage Only,-91.29117413,40.68970206
20261554822,20260730,Property Damage Only,-91.42350431,40.64103112
20261554829,20260728,Property Damage Only,-95.01225319,42.85092107
20261554866,20260723,Property Damage Only,-92.01842652,42.3367067
20261554875,20260731,Property Damage Only,-95.60630367,43.43265632
20261554876,20260731,Property Damage Only,-94.49277235,41.7936793
20261554922,20260728,Suspected Serious Injury Crash,-95.1806999,43.06872031
20261554994,20260801,Property Damage Only,-93.86728384,41.526263
20261554996,20260801,Property Damage Only,-92.76195443,40.86101626
20261555005,20260730,Property Damage Only,-91.73020055,43.02552856
20261555010,20260731,Property Damage Only,-90.24547782,42.06969296
20261555012,20260801,Suspected Minor Injury Crash,-95.48005246,40.85124057
20261555018,20260731,Property Damage Only,-93.81570945,41.86497182
20261555029,20260731,Property Damage Only,-95.35292335,40.78915101
20261555031,20260802,Property Damage Only,-93.94341668,42.08159269
20261555033,20260802,Possible/Unknown Injury Crash,-91.19207215,42.08475483
20261555048,20260731,Property Damage Only,-91.27226142,40.67372836
20261555061,20260729,Property Damage Only,-94.01065427,42.40692562
20261555076,20260213,Property Damage Only,-90.29583195,41.77943104
20261555081,20260802,Property Damage Only,-90.35254732,41.81630821
20261555084,20260802,Property Damage Only,-94.56610683,41.25460638
20261555105,20260802,Property Damage Only,-96.1027019,41.95944637
20261555113,20260730,Property Damage Only,-90.83743619,42.51244373
20261555117,20260803,Property Damage Only,-91.13378592,40.81778914
20261555118,20260802,Property Damage Only,-90.45995134,41.54229175
20261555125,20260721,Property Damage Only,-94.98510618,41.06262025
20261555135,20260801,Property Damage Only,-91.35927871,40.67047592
20261555136,20260802,Property Damage Only,-91.55422429,40.72602375
20261555155,20260802,Property Damage Only,-94.30122635,42.44043278
20261555165,20260803,Property Damage Only,-96.34449131,42.52046611
20261555167,20260803,Property Damage Only,-96.33315064,42.34823269
20261555179,20260802,Property Damage Only,-93.05825586,41.72937148
20261555181,20260723,Property Damage Only,-92.65582212,41.37552138
20261555183,20260801,Property Damage Only,-92.83827023,41.30417609
20261555184,20260803,Property Damage Only,-92.11243806,41.00951804
20261555185,20260802,Property Damage Only,-93.6465524,41.19091264
20261555186,20260803,Property Damage Only,-93.46553818,41.28902604
20261555188,20260801,Property Damage Only,-92.38759152,41.33622324
20261555189,20260802,Property Damage Only,-91.42671135,40.54011826
20261555190,20260803,Property Damage Only,-91.49975243,41.92102456
20261555192,20260802,Property Damage Only,-91.58887022,41.14185421
20261555199,20260730,Property Damage Only,-91.70819388,40.98366277
20261555203,20260721,Property Damage Only,-91.99412526,42.15203218
20261555205,20260730,Property Damage Only,-92.05195884,41.96329921
20261555206,20260731,Property Damage Only,-92.93522072,41.39960882
20261555228,20260731,Property Damage Only,-91.599058,40.85044805
20261555234,20260731,Property Damage Only,-91.20149624,41.32009699
20261555265,20260803,Property Damage Only,-95.48068584,42.35088089
20261555275,20260802,Suspected Minor Injury Crash,-94.49064736,41.49597599
20261555317,20260803,Property Damage Only,-94.10582454,42.44875271
20261555327,20260601,Property Damage Only,-92.33503693,43.06154645
20261555350,20260710,Property Damage Only,-94.93712553,41.75002765
20261555351,20260718,Property Damage Only,-91.56664798,43.21750423
20261555365,20260804,Property Damage Only,-91.64961716,42.07679556
20261555383,20260802,Property Damage Only,-94.24728702,41.49316249
20261555397,20260724,Property Damage Only,-90.38929075,41.59540297
20261555425,20260731,Property Damage Only,-92.82146674,40.96880973
20261555427,20260804,Property Damage Only,-95.85034688,41.57609942
20261555430,20260725,Property Damage Only,-91.23172388,42.47083073
20261555449,20260803,Property Damage Only,-93.60050054,41.77621179
20261555473,20260804,Possible/Unknown Injury Crash,-92.39047067,42.47336916
20261555503,20260802,Property Damage Only,-92.99989175,41.75005749
20261555505,20260718,Property Damage Only,-91.45757885,42.50848589
20261555581,20260726,Property Damage Only,-93.49972714,42.61403044
20261555618,20260801,Property Damage Only,-94.73027674,40.8566427
20261555625,20260729,Property Damage Only,-91.23118379,40.87334403
20261555640,20260806,Property Damage Only,-92.10107014,42.96507114
20261555642,20260806,Property Damage Only,-91.3661752,41.91188801
20261555666,20260719,Property Damage Only,-91.13279051,41.68224933
20261555671,20260805,Property Damage Only,-91.53062896,41.23457018
20261555685,20260805,Property Damage Only,-92.1057157,41.17746418
20261555696,20260805,Property Damage Only,-90.43776818,42.10019445
20261555716,20260805,Property Damage Only,-91.38145689,40.63250403
20261555727,20260731,Property Damage Only,-90.51006772,41.72384639
20261555735,20260724,Property Damage Only,-92.33707984,42.82810923
20261555767,20260805,Property Damage Only,-91.10754384,40.78534774
20261555800,20260806,Property Damage Only,-92.48039441,41.73149002
20261555820,20260806,Property Damage Only,-91.2756163,42.07891713
20261555859,20260806,Property Damage Only,-92.20448238,41.81947591
20261555860,20260807,Property Damage Only,-91.98508912,41.80967681
20261555861,20260806,Property Damage Only,-94.02183712,41.63541221
20261555868,20260807,Property Damage Only,-93.62066467,42.07831627
20261555893,20260806,Property Damage Only,-93.45926087,41.48683098
20261555915,20260802,Property Damage Only,-91.60192785,41.6598233
20261555939,20260809,Property Damage Only,-92.04249135,43.37097113
20261555982,20260807,Property Damage Only,-91.35309706,40.73989469
20261555983,20260808,Property Damage Only,-91.26022657,40.67563748
20261555984,20260808,Property Damage Only,-90.18189665,42.01848301
20261556011,20260808,Property Damage Only,-92.51488624,43.06679056
20261556044,20260808,Property Damage Only,-91.52594913,41.92610132
20261556117,20260809,Property Damage Only,-95.21050208,43.12353484
20261556123,20260809,Property Damage Only,-92.56975737,42.71506708
20261556124,20260809,Property Damage Only,-94.02310636,41.6670697
20261556135,20260808,Property Damage Only,-94.32175264,41.6883776
20261556143,20260721,Property Damage Only,-90.77536201,41.50497682
20261556173,20260808,Property Damage Only,-94.9177756,41.40352149
20261556176,20260803,Property Damage Only,-93.5864346,42.03445436
20261556184,20260808,Property Damage Only,-92.60299239,41.25888151
20261556186,20260403,Property Damage Only,-90.56724825,41.80993644
20261556187,20260808,Property Damage Only,-94.70919096,42.26739674
20261556188,20260809,Property Damage Only,-94.16194159,40.95530954
20261556194,20260730,Property Damage Only,-91.32829664,43.18388761
20261556217,20260807,Property Damage Only,-96.13627757,43.11358623
20261556237,20260804,Property Damage Only,-91.42599439,40.42635807
20261556243,20260803,Property Damage Only,-92.19908844,42.183403
20261556246,20260807,Property Damage Only,-91.83956571,41.96417676
20261556254,20260810,Possible/Unknown Injury Crash,-91.35618591,41.30381075
20261556256,20260808,Property Damage Only,-93.55256785,42.56965084
20261556290,20260726,Property Damage Only,-92.43367633,42.53733406
20261556341,20260731,Suspected Minor Injury Crash,-95.7357298,40.75414329
20261556366,20260811,Property Damage Only,-90.38572191,42.09167124
20261556373,20260804,Property Damage Only,-91.19700029,41.25301303
20261556375,20260810,Property Damage Only,-93.6919561,41.05768238
20261556377,20260811,Property Damage Only,-94.9031673,41.56631995
20261556403,20260807,Property Damage Only,-94.93419441,42.51774295
20261556423,20260806,Property Damage Only,-91.14646391,40.78061999
20261556430,20260730,Suspected Minor Injury Crash,-90.4403406,41.58295222
20261556438,20260707,Property Damage Only,-90.76381714,42.11683161
20261556453,20260812,Property Damage Only,-90.36987011,41.81574279
20261556461,20260811,Property Damage Only,-91.13624799,41.56733508
20261556465,20260806,Suspected Minor Injury Crash,-93.37284663,43.1987365
20261556469,20260804,Suspected Minor Injury Crash,-96.48634193,43.39024778
20261556473,20260811,Property Damage Only,-91.54024147,41.11990004
20261556480,20260808,Suspected Minor Injury Crash,-93.12596767,40.74373968
20261556487,20260804,Property Damage Only,-92.57250539,41.00919685
20261556489,20260802,Property Damage Only,-92.37867734,41.0206742
20261556491,20260803,Property Damage Only,-92.50002788,41.01022046
20261556495,20260803,Property Damage Only,-93.85656207,41.6881931
20261556498,20260811,Property Damage Only,-93.79707463,40.96890405
20261556504,20260811,Property Damage Only,-94.01786238,41.62773742
20261556514,20260811,Property Damage Only,-91.28375592,41.16140123
20261556563,20260805,Property Damage Only,-94.87947772,42.42149345
20261556568,20260810,Property Damage Only,-92.16271828,43.18365555
20261556570,20260810,Property Damage Only,-94.22738629,42.88758436
20261556575,20260811,Property Damage Only,-92.04287774,41.81757648
20261556576,20260811,Property Damage Only,-91.85263018,41.66564409
20261556648,20260812,Property Damage Only,-92.76553041,41.29191745
20261556654,20260807,Suspected Minor Injury Crash,-90.72730614,42.44751782
20261556656,20260811,Property Damage Only,-90.71773145,42.5463312
20261556659,20260807,Property Damage Only,-91.38687707,41.32007985
20261556672,20260813,Property Damage Only,-96.18644343,42.03820626
20261556675,20260812,Property Damage Only,-93.05707072,41.28500792
20261556693,20260812,Property Damage Only,-92.79052325,42.61253327
20261556725,20260812,Suspected Minor Injury Crash,-91.71445508,41.47713172
20261556774,20260813,Property Damage Only,-91.38767527,40.90552651
20261556796,20260813,Property Damage Only,-91.3500347,41.37386198
20261556811,20260813,Property Damage Only,-91.28600931,42.26240789
20261556822,20260728,Property Damage Only,-92.94892099,41.56393922
20261556823,20260728,Property Damage Only,-92.83424869,41.79080281
20261556869,20260530,Property Damage Only,-93.37888599,42.77667483
20261556887,20260630,Property Damage Only,-93.0248374,42.46286523
20261556900,20260815,Property Damage Only,-96.00138439,41.84488204
20261556922,20260814,Property Damage Only,-91.79756841,42.11677221
20261556968,20260814,Property Damage Only,-96.27363299,43.45158953
20261556973,20260813,Property Damage Only,-93.34398741,43.13367706
20261557000,20260709,Suspected Minor Injury Crash,-96.58633827,43.49546296
20261557038,20260812,Suspected Minor Injury Crash,-92.33715305,42.59977537
20261557039,20260814,Property Damage Only,-92.12748622,42.44949644
20261557089,20260816,Property Damage Only,-91.60741902,42.04065326
20261557109,20260813,Property Damage Only,-92.83372125,40.82130652
20261557118,20260811,Property Damage Only,-91.07815066,42.33630014
20261557120,20260816,Property Damage Only,-93.35862949,41.8920685
20261557126,20260816,Property Damage Only,-91.44800143,40.44384405
20261557130,20260813,Property Damage Only,-92.46556079,42.74786753
20261557142,20260815,Property Damage Only,-91.80908117,43.34335012
20261557150,20260815,Property Damage Only,-90.74078195,42.40852101
20261557156,20260814,Property Damage Only,-92.95279729,42.0035369
20261557159,20260816,Property Damage Only,-93.73142425,41.28648174
20261557164,20260815,Property Damage Only,-93.90873169,42.57243185
20261557167,20260816,Property Damage Only,-91.38929233,40.62430798
20261557172,20260816,Property Damage Only,-91.38296632,42.48440293
20261557175,20260815,Property Damage Only,-93.79559085,42.2245446
20261557176,20260815,Property Damage Only,-93.79557875,42.22358102
20261557179,20260817,Property Damage Only,-93.38139609,41.4558776
20261557186,20260809,Property Damage Only,-91.45968148,40.5235276
20261557188,20260812,Property Damage Only,-91.31286765,40.73981796
20261557202,20260817,Property Damage Only,-96.0886879,41.97279226
20261557227,20260817,Property Damage Only,-91.89497627,42.66423849
20261557235,20260816,Property Damage Only,-96.02473075,42.96350341
20261557251,20260817,Property Damage Only,-95.89743694,41.58260351
20261557254,20260817,Property Damage Only,-92.47547909,41.96416905
20261557256,20260817,Property Damage Only,-90.69298074,41.56731724
20261557259,20260814,Property Damage Only,-96.39624926,42.56714296
20261557260,20260817,Property Damage Only,-91.75109201,42.0218893
20261557292,20260816,Property Damage Only,-94.45234689,41.45145744
20261557314,20260817,Property Damage Only,-93.81225361,41.6294823
20261557334,20260817,Property Damage Only,-93.79544667,42.38654738
20261557335,20260713,Property Damage Only,-91.32065727,41.23553581
20261557345,20260804,Property Damage Only,-91.428412,41.33630024
20261557384,20260818,Property Damage Only,-91.11414101,41.01487264
20261557401,20260813,Property Damage Only,-95.24214453,43.24185741
20261557434,20260818,Property Damage Only,-91.50082911,41.677175
20261557435,20260818,Property Damage Only,-94.36704946,41.95030181
20261557436,20260818,Property Damage Only,-93.65405573,41.65865667
20261557451,20260818,Property Damage Only,-92.68748121,41.01592571
20261557464,20260818,Property Damage Only,-94.16868087,42.88837886
20261557491,20260819,Property Damage Only,-95.86349113,41.56902707
20261557513,20260819,Suspected Minor Injury Crash,-93.25084592,41.02989499
20261557520,20260818,Property Damage Only,-90.50016071,41.74247192
20261557604,20260816,Property Damage Only,-96.26214976,42.6921173
20261557613,20260819,Property Damage Only,-93.14457696,42.55982388
20261557616,20260819,Suspected Minor Injury Crash,-91.10950987,42.5035415
20261557636,20260820,Property Damage Only,-93.98396312,41.34446445
20261557655,20260813,Property Damage Only,-91.66340175,41.83645716
20261557658,20260816,Property Damage Only,-92.03824169,41.68709066
20261557717,20260820,Property Damage Only,-91.03703518,41.00276687
20261557770,20260821,Property Damage Only,-94.2025477,42.46972571
20261557776,20260820,Property Damage Only,-91.10350826,41.50288735
20261557779,20260818,Property Damage Only,-93.08329243,43.17255147
20261557788,20260820,Property Damage Only,-92.04810041,43.43294111
20261557789,20260820,Property Damage Only,-91.70861464,43.25087324
20261557822,20260811,Property Damage Only,-95.69797395,41.76313202
20261557841,20260816,Property Damage Only,-91.82552069,42.49026171
20261557922,20260822,Property Damage Only,-94.37428914,42.51665959
20261557930,20260821,Property Damage Only,-93.62524656,42.0228652
20261557958,20260821,Property Damage Only,-95.89656739,41.34915198
20261557977,20260822,Property Damage Only,-91.73038966,42.07344872
20261557997,20260823,Property Damage Only,-94.21971321,42.50925951
20261558045,20260822,Property Damage Only,-94.00092356,42.02969676
20261558052,20260821,Property Damage Only,-93.27817,43.19866369
20261558065,20260823,Property Damage Only,-93.99821833,42.06370165
20261558089,20260821,Property Damage Only,-92.90756645,40.63096413
20261558093,20260823,Suspected Serious Injury Crash,-91.42325896,42.18289129
20261558101,20260824,Property Damage Only,-92.58851386,43.06720506
20261558102,20260823,Property Damage Only,-90.87107748,41.45165011
20261558125,20260823,Property Damage Only,-95.33731256,41.39508525
20261558139,20260817,Possible/Unknown Injury Crash,-93.03161664,41.00018428
20261558151,20260819,Property Damage Only,-92.01047339,41.81080798
20261558154,20260821,Property Damage Only,-93.40836209,43.27520924
20261558164,20260820,Property Damage Only,-95.73478181,43.18613206
20261558195,20260822,Property Damage Only,-93.29727759,42.51839094
20261558197,20260821,Property Damage Only,-91.80504475,42.82267604
20261558220,20260819,Property Damage Only,-92.29798886,41.92089853
20261558231,20260819,Property Damage Only,-92.45617126,42.35565839
20261558238,20260823,Property Damage Only,-91.15880131,41.27276463
20261558277,20260811,Property Damage Only,-91.44149979,42.79573745
20261558301,20260824,Property Damage Only,-96.01555319,41.64190172
20261558305,20260823,Property Damage Only,-94.97271415,43.13091785
20261558324,20260825,Property Damage Only,-91.608367,41.69320884
20261558326,20260825,Property Damage Only,-90.98936172,42.58133712
20261558334,20260824,Property Damage Only,-93.58235879,41.24845486
20261558341,20260824,Property Damage Only,-92.84607933,41.30555597
20261558367,20260824,Possible/Unknown Injury Crash,-91.17842559,41.11592615
20261558371,20260824,Property Damage Only,-94.07423936,41.55480712
20261558396,20260825,Property Damage Only,-93.78511573,41.74361919
20261558431,20260824,Property Damage Only,-91.66617881,42.99674997
20261558443,20260825,Property Damage Only,-91.4802637,43.24044918
20261558447,20260821,Property Damage Only,-92.89100784,41.68394764
20261558453,20260825,Property Damage Only,-95.73686767,41.25554207
20261558473,20260825,Property Damage Only,-93.56404193,41.79133011
20261558482,20260825,Property Damage Only,-91.36977836,42.08648096
20261558483,20260825,Property Damage Only,-91.40424467,42.01955398
20261558484,20260825,Property Damage Only,-91.529411,42.22291941
20261558488,20260826,Property Damage Only,-90.67996514,42.44500199
20261558490,20260826,Property Damage Only,-91.1032674,41.6230425
20261558516,20260821,Property Damage Only,-91.21416652,41.73513291
20261558523,20260826,Property Damage Only,-91.79661509,43.27362397
20261558525,20260812,Property Damage Only,-93.07521487,41.97043139
20261558527,20260815,Property Damage Only,-92.86250552,42.02785424
20261558531,20260825,Property Damage Only,-91.27110757,42.38475267
20261558582,20260825,Property Damage Only,-91.78815165,42.68716659
20261558583,20260826,Property Damage Only,-91.88278625,42.9645534
20261558604,20260826,Property Damage Only,-91.61845994,42.03182541
20261558606,20260811,Property Damage Only,-93.48197566,41.02930434
20261558621,20260824,Property Damage Only,-92.96213561,42.74492068
20261558635,20260821,Property Damage Only,-93.93976315,40.73058667
20261558652,20260825,Property Damage Only,-92.64287943,42.63079192
20261558653,20260826,Property Damage Only,-92.04734151,42.71486702
20261558657,20260813,Property Damage Only,-92.45579614,42.32594551
20261558677,20260826,Property Damage Only,-93.66285886,41.43908924
20261558688,20260826,Property Damage Only,-93.60994034,41.95055223
20261558706,20260827,Property Damage Only,-95.77390891,41.28052142
20261558724,20260827,Property Damage Only,-91.24441272,43.26496769
20261558781,20260826,Property Damage Only,-93.56066205,41.77084681
20261558806,20260826,Property Damage Only,-91.09217958,41.46188083
20261558823,20260827,Property Damage Only,-91.49013693,41.91813352
20261558841,20260821,Possible/Unknown Injury Crash,-91.88794043,41.45957435
20261558842,20260828,Property Damage Only,-90.26673307,41.89411498
20261558843,20260828,Property Damage Only,-93.12294946,43.17451479
20261558851,20260827,Property Damage Only,-93.81793675,42.52697968
20261558855,20260824,Possible/Unknown Injury Crash,-95.06019676,41.44832652
20261558856,20260826,Property Damage Only,-91.3984701,40.62812904
20261558858,20260826,Property Damage Only,-91.29275521,40.64675659
20261558862,20260827,Property Damage Only,-93.48654088,41.47295544
20261558864,20260827,Property Damage Only,-93.95466348,41.57036372
20261558865,20260828,Property Damage Only,-95.54569546,42.59766333
20261558872,20260828,Property Damage Only,-91.60383567,41.99846899
20261558874,20260827,Property Damage Only,-95.87298305,43.15265982
20261558880,20260819,Property Damage Only,-95.10045254,42.45836957
20261558891,20260827,Property Damage Only,-91.16523375,40.87270083
20261558902,20260825,Property Damage Only,-92.96219713,42.0559409
20261558909,20260828,Property Damage Only,-92.06563016,41.74156563
20261558948,20260828,Property Damage Only,-91.34253413,43.18659807
20261558958,20260811,Property Damage Only,-93.28030792,41.38396369
20261558960,20260822,Property Damage Only,-92.98717068,41.36448754
20261558962,20260829,Property Damage Only,-92.61336212,42.1741452
20261558968,20260828,Property Damage Only,-93.15324801,43.16262788
20261558996,20260827,Property Damage Only,-91.17024039,40.82618303
20261558999,20260828,Property Damage Only,-90.56902528,41.82151083
20261559011,20260829,Property Damage Only,-94.29946355,41.93020968
20261559023,20260829,Property Damage Only,-92.64348227,43.13390885
20261559035,20260829,Property Damage Only,-95.46115667,41.39926547
20261559039,20260829,Property Damage Only,-93.72888908,40.6707174
20261559052,20260830,Property Damage Only,-90.45176325,41.84107738
20261559053,20260829,Property Damage Only,-90.68827644,41.48832566
20261559083,20260829,Property Damage Only,-95.79965302,41.66656819
20261559089,20260830,Property Damage Only,-95.03264039,40.98190458
20261559093,20260830,Property Damage Only,-91.57731536,41.92550647
20261559094,20260830,Property Damage Only,-91.57077334,42.00402426
20261559130,20260830,Property Damage Only,-91.39276644,42.85165169
20261559131,20260830,Property Damage Only,-92.61986597,41.99355029
20261559138,20260828,Property Damage Only,-92.38835651,41.00552022
20261559149,20260830,Property Damage Only,-91.43485679,40.88089142
20261559167,20260831,Property Damage Only,-91.08713434,41.52349389
20261559172,20260830,Property Damage Only,-93.17438123,40.89943387
20261559176,20260831,Property Damage Only,-91.40372214,40.62504887
20261559177,20260829,Property Damage Only,-91.34130406,42.540182
20261559181,20260829,Property Damage Only,-92.03854414,41.81429784
20261559182,20260828,Property Damage Only,-92.18235401,41.73878073
20261559183,20260826,Property Damage Only,-93.46423422,41.18245967
20261559201,20260810,Property Damage Only,-93.61022339,41.99791672
20261559208,20260830,Property Damage Only,-92.81014722,41.30122363
20261559209,20260831,Property Damage Only,-92.85441399,41.30710714
20261559210,20260827,Property Damage Only,-92.9804835,41.85399637
20261559220,20260829,Property Damage Only,-95.94683329,42.23323809
20261559223,20260831,Property Damage Only,-93.60649248,41.34264999
20261559273,20260824,Suspected Serious Injury Crash,-91.96998404,42.14724278
20261559275,20260827,Property Damage Only,-92.16233173,42.18099699
20261559276,20260829,Property Damage Only,-91.84024866,42.20076237
20261559277,20260830,Property Damage Only,-92.16183661,41.906034
20261559293,20260822,Property Damage Only,-92.14254725,42.63503797
20261559294,20260829,Suspected Serious Injury Crash,-93.61640803,41.31423221
20261559312,20260828,Property Damage Only,-91.73988573,43.23862465
20261559313,20260829,Property Damage Only,-91.86890629,43.12691942
20261559319,20260826,Property Damage Only,-91.46644964,41.22775219
20261559328,20260830,Property Damage Only,-91.16955457,41.04078022
20261559329,20260830,Property Damage Only,-91.14813653,40.77799853
20261559331,20260831,Property Damage Only,-95.95834082,42.97652239
20261559339,20260829,Property Damage Only,-91.72217766,41.98016846
20261559405,20260831,Property Damage Only,-95.67033402,41.77767433
20261559410,20260831,Property Damage Only,-91.49428218,41.91877338
20261559425,20260901,Property Damage Only,-92.84872445,42.46327242
20261559429,20260828,Property Damage Only,-90.98584274,42.44066544
20261559431,20260829,Property Damage Only,-90.72698582,42.33658302
20261559434,20260831,Property Damage Only,-93.61012272,41.97852597
20261559437,20260901,Property Damage Only,-92.40510182,42.02870064
20261559467,20260831,Property Damage Only,-96.380596,42.59057664
20261559473,20260828,Property Damage Only,-91.93705968,41.53264634
20261559478,20260829,Property Damage Only,-94.13680569,41.51761837
20261559480,20260901,Property Damage Only,-94.24236661,42.06370485
20261559503,20260901,Property Damage Only,-90.84489175,41.45900718
20261559504,20260804,Property Damage Only,-92.07766896,41.45329867
20261559568,20260901,Property Damage Only,-95.80890102,40.98886868
20261559592,20260901,Property Damage Only,-91.62266999,42.19687899
20261559593,20260902,Property Damage Only,-91.76456219,42.06603125
20261559614,20260901,Property Damage Only,-95.53574152,40.68638471
20261559626,20260901,Property Damage Only,-90.91158022,41.84957087
20261559637,20260831,Property Damage Only,-93.78897773,41.61489069
20261559662,20260901,Property Damage Only,-91.12161448,41.25225782
20261559677,20260829,Property Damage Only,-93.88837242,40.82160944
20261559710,20260821,Property Damage Only,-91.91807037,40.71834226
20261559723,20260902,Property Damage Only,-91.45625912,43.05184061
20261559731,20260831,Property Damage Only,-90.48124046,41.80836087
20261559769,20260827,Property Damage Only,-91.13285699,41.70570357
20261559774,20260825,Suspected Minor Injury Crash,-91.73360862,40.98799837
20261559782,20260902,Property Damage Only,-91.61583338,40.96710605
20261559783,20260902,Property Damage Only,-91.4248519,40.71292615
20261559814,20260902,Property Damage Only,-92.47909249,41.46478831
20261559833,20260902,Property Damage Only,-91.1413551,40.83800779
20261559840,20260829,Property Damage Only,-90.74001714,41.49947787
20261559850,20260902,Property Damage Only,-93.13758805,41.23028032
20261559860,20260816,Property Damage Only,-93.48985868,41.66195071
20261559945,20260903,Property Damage Only,-93.40130353,40.76080366
20261559985,20260904,Property Damage Only,-91.36448588,42.08541496
20261559999,20260904,Property Damage Only,-93.3888415,42.00784169
20261560016,20260903,Property Damage Only,-91.93360922,40.99028345
20261560022,20260902,Property Damage Only,-91.69323786,42.84272472
20261560025,20260831,Property Damage Only,-93.34873371,43.31302785
20261560051,20260903,Property Damage Only,-93.89399152,41.79998143
20261560127,20260904,Property Damage Only,-93.6925445,41.75447341
20261560136,20260904,Property Damage Only,-93.85120785,42.00750579
20261560157,20260905,Property Damage Only,-93.28992552,41.07644746
20261560165,20260905,Property Damage Only,-91.03942303,41.50045236
20261560202,20260905,Possible/Unknown Injury Crash,-94.29979006,41.68850203
20261560205,20260903,Property Damage Only,-90.61748773,42.05723907
20261560217,20260904,Property Damage Only,-91.11044077,40.84531516
20261560248,20260904,Property Damage Only,-92.0533822,41.82293252
20261560256,20260904,Property Damage Only,-96.43737103,42.50011106
20261560268,20260905,Property Damage Only,-92.95030732,41.41355108
20261560324,20260906,Property Damage Only,-90.19922668,41.93150858
20261560328,20260906,Property Damage Only,-94.07402709,42.36837143
20261560353,20260904,Property Damage Only,-93.20205514,42.97822025
20261560354,20260905,Property Damage Only,-93.21049832,43.19147832
20261560382,20260907,Property Damage Only,-91.47351822,43.25163298
20261560383,20260907,Property Damage Only,-94.81773298,43.48876038
20261560409,20260905,Property Damage Only,-95.95124119,41.34639285
20261560417,20260906,Property Damage Only,-96.20605573,42.78840171
20261560423,20260906,Property Damage Only,-93.8282357,41.61472263
20261560427,20260907,Property Damage Only,-91.56001632,42.12319587
20261560446,20260905,Property Damage Only,-93.50334702,42.07817028
20261560447,20260906,Property Damage Only,-93.58152987,42.05965261
20261560448,20260905,Property Damage Only,-96.29400346,43.19995401
20261560459,20260908,Property Damage Only,-91.42628588,40.57593887
20261560461,20260908,Property Damage Only,-91.19994647,42.20548685
20261560479,20260902,Property Damage Only,-91.82407814,43.28415678
20261560488,20260906,Property Damage Only,-91.73537047,43.39298328
20261560490,20260905,Property Damage Only,-91.10231965,42.47649632
20261560501,20260908,Property Damage Only,-93.60908958,42.0651027
20261560508,20260904,Possible/Unknown Injury Crash,-92.79542156,41.70019223
20261560509,20260905,Property Damage Only,-93.03910154,41.6694731
20261560510,20260908,Property Damage Only,-91.09030298,41.45605824
20261560512,20260906,Property Damage Only,-93.56620626,41.48657042
20261560523,20260902,Property Damage Only,-92.12372487,42.18124896
20261560524,20260905,Suspected Minor Injury Crash,-92.12911653,42.18101983
20261560544,20260908,Property Damage Only,-91.86611029,42.8469538
20261560548,20260904,Property Damage Only,-93.47730006,43.12976777
20261560552,20260904,Property Damage Only,-95.92779972,43.03239634
20261560557,20260907,Suspected Serious Injury Crash,-92.57714684,41.94658411
20261560558,20260907,Property Damage Only,-91.87268957,41.80661115
20261560563,20260908,Property Damage Only,-91.79273226,42.00053028
20261560604,20260804,Property Damage Only,-91.40826953,42.83701895
20261560606,20260905,Property Damage Only,-93.92489565,41.35307913
20261560640,20260908,Property Damage Only,-91.69771648,41.14978403
20261560648,20260908,Property Damage Only,-94.99099851,40.99635898
20261560654,20260908,Property Damage Only,-91.58362474,41.92542237
20261560659,20260909,Property Damage Only,-91.07959151,41.54632642
20261560686,20260827,Property Damage Only,-92.98533188,43.44039585
20261560687,20260824,Property Damage Only,-91.36089305,41.91428047
20261560688,20260904,Property Damage Only,-90.9968315,41.63591718
20261560689,20260905,Property Damage Only,-91.18115742,41.78674475
20261560692,20260909,Property Damage Only,-96.47578621,42.54023623
20261560697,20260903,Property Damage Only,-93.56810955,41.38758665
20261560704,20260908,Property Damage Only,-93.25136298,41.85033638
20261560717,20260815,Property Damage Only,-91.20081256,41.31628528
20261560723,20260902,Property Damage Only,-91.1973835,41.25730648
20261560757,20260909,Property Damage Only,-91.9487152,40.87140681
20261560778,20260830,Property Damage Only,-94.59588718,40.67614907
20261560779,20260908,Property Damage Only,-91.13432101,40.88706757
20261560830,20260824,Property Damage Only,-93.78760264,41.87804771
20261560859,20260909,Property Damage Only,-93.67867475,42.05606605
20261560861,20260910,Suspected Minor Injury Crash,-91.18168977,40.67294967
20261560862,20260910,Property Damage Only,-90.66047511,41.78562115
20261560868,20260909,Property Damage Only,-91.34536162,42.1494623
20261560901,20260815,Property Damage Only,-90.36293422,41.61243508
20261560903,20260910,Property Damage Only,-92.43990465,43.06681735
20261560918,20260910,Property Damage Only,-93.85346507,41.73568306
20261560957,20260910,Property Damage Only,-91.15978852,40.73792858
